Comparison,SplitSeed,Metric,GapBefore,GapAfter,TESSCutImprovement,GapReduction
SPOC,42,Accuracy,0.13157894736842113,0.14473684210526316,-0.013157894736842035,-0.013157894736842035
SPOC,42,BalancedAccuracy,0.18383513249354316,0.1896656128338275,-0.0058304803402843275,-0.0058304803402843275
SPOC,42,MacroF1,0.20590272619908034,0.20891315337379024,-0.0030104271747098954,-0.0030104271747098954
SPOC,43,Accuracy,0.05263157894736836,0.08552631578947367,-0.03289473684210531,-0.03289473684210531
SPOC,43,BalancedAccuracy,0.18923588928748886,0.2186995265942634,-0.029463637306774537,-0.029463637306774537
SPOC,43,MacroF1,0.22472995464301526,0.2539706399322435,-0.02924068528922824,-0.02924068528922824
SPOC,44,Accuracy,0.1513157894736843,0.1578947368421053,-0.006578947368421018,-0.006578947368421018
SPOC,44,BalancedAccuracy,0.2194262890341322,0.21502230521838367,0.0044039838157485245,0.0044039838157485245
SPOC,44,MacroF1,0.26301040934745623,0.24615486006916293,0.016855549278293303,0.016855549278293303
SPOC,45,Accuracy,0.125,0.1842105263157895,-0.05921052631578949,-0.05921052631578949
SPOC,45,BalancedAccuracy,0.24362867954199213,0.2997892334321642,-0.05616055389017205,-0.05616055389017205
SPOC,45,MacroF1,0.25503720869211477,0.3165885569834858,-0.061551348291371044,-0.061551348291371044
SPOC,46,Accuracy,0.14473684210526316,0.11842105263157898,0.02631578947368418,0.02631578947368418
SPOC,46,BalancedAccuracy,0.17544596786082856,0.13609868898826588,0.039347278872562674,0.039347278872562674
SPOC,46,MacroF1,0.16157419307233084,0.11687006405480921,0.04470412901752163,0.04470412901752163
SPOC,47,Accuracy,0.14473684210526316,0.1578947368421053,-0.013157894736842146,-0.013157894736842146
SPOC,47,BalancedAccuracy,0.1755609066238582,0.18422363097285704,-0.00866272434899884,-0.00866272434899884
SPOC,47,MacroF1,0.2144282421353274,0.21747055556099754,-0.003042313425670129,-0.003042313425670129
SPOC,48,Accuracy,0.1842105263157895,0.13815789473684204,0.046052631578947456,0.046052631578947456
SPOC,48,BalancedAccuracy,0.24479772415788925,0.2091211143326726,0.03567660982521664,0.03567660982521664
SPOC,48,MacroF1,0.2564354145745482,0.2226341477410872,0.03380126683346102,0.03380126683346102
SPOC,49,Accuracy,0.09210526315789469,0.09210526315789469,0.0,0.0
SPOC,49,BalancedAccuracy,0.1674480318443166,0.14655893546502413,0.020889096379292482,0.020889096379292482
SPOC,49,MacroF1,0.18675571021672255,0.1488510813659325,0.037904628850790045,0.037904628850790045
SPOC,50,Accuracy,0.17105263157894746,0.19078947368421062,-0.019736842105263164,-0.019736842105263164
SPOC,50,BalancedAccuracy,0.29508247743541854,0.3018985371926547,-0.006816059757236148,-0.006816059757236148
SPOC,50,MacroF1,0.31014059410431943,0.3162850583051265,-0.006144464200807054,-0.006144464200807054
SPOC,51,Accuracy,0.2171052631578947,0.23026315789473684,-0.013157894736842146,-0.013157894736842146
SPOC,51,BalancedAccuracy,0.24875369251014245,0.25792995560797416,-0.009176263097831705,-0.009176263097831705
SPOC,51,MacroF1,0.27053450694728653,0.2761556884715151,-0.00562118152422858,-0.00562118152422858
SPOC,52,Accuracy,0.11184210526315796,0.14473684210526316,-0.0328947368421052,-0.0328947368421052
SPOC,52,BalancedAccuracy,0.21672045036338122,0.2412458160652175,-0.024525365701836277,-0.024525365701836277
SPOC,52,MacroF1,0.21548022398229483,0.24694205552849968,-0.031461831546204855,-0.031461831546204855
SPOC,53,Accuracy,0.1578947368421053,0.16447368421052633,-0.006578947368421018,-0.006578947368421018
SPOC,53,BalancedAccuracy,0.24592663576151697,0.26030053346874804,-0.014373897707231076,-0.014373897707231076
SPOC,53,MacroF1,0.2803673496313698,0.30259524458703047,-0.022227894955660688,-0.022227894955660688
SPOC,54,Accuracy,0.07894736842105265,0.08552631578947367,-0.006578947368421018,-0.006578947368421018
SPOC,54,BalancedAccuracy,0.09620565575157936,0.0918950426174368,0.004310613134142549,0.004310613134142549
SPOC,54,MacroF1,0.11527289992889633,0.09447846355214912,0.020794436376747216,0.020794436376747216
SPOC,55,Accuracy,0.17763157894736847,0.2171052631578948,-0.03947368421052633,-0.03947368421052633
SPOC,55,BalancedAccuracy,0.2915283852332356,0.3449831004526567,-0.05345471521942108,-0.05345471521942108
SPOC,55,MacroF1,0.32679786990985543,0.3973040639208409,-0.07050619401098546,-0.07050619401098546
SPOC,56,Accuracy,0.05921052631578938,0.08552631578947367,-0.026315789473684292,-0.026315789473684292
SPOC,56,BalancedAccuracy,0.08807776521914812,0.11012880785842605,-0.02205104263927793,-0.02205104263927793
SPOC,56,MacroF1,0.09650592886556708,0.11801574676536103,-0.021509817899793948,-0.021509817899793948
SPOC,57,Accuracy,0.1513157894736843,0.13815789473684215,0.013157894736842146,0.013157894736842146
SPOC,57,BalancedAccuracy,0.25018210013050046,0.22600236975881965,0.024179730371680808,0.024179730371680808
SPOC,57,MacroF1,0.2717716381010804,0.2357172847066359,0.036054353394444516,0.036054353394444516
SPOC,58,Accuracy,0.13157894736842102,0.15131578947368418,-0.019736842105263164,-0.019736842105263164
SPOC,58,BalancedAccuracy,0.26798477675670657,0.2835809567491714,-0.01559617999246482,-0.01559617999246482
SPOC,58,MacroF1,0.3210897172474951,0.337584839125388,-0.016495121877892926,-0.016495121877892926
SPOC,59,Accuracy,0.09868421052631582,0.13815789473684215,-0.03947368421052633,-0.03947368421052633
SPOC,59,BalancedAccuracy,0.2165435374929699,0.2543016036824086,-0.03775806618943872,-0.03775806618943872
SPOC,59,MacroF1,0.24968625819653723,0.2968033777300829,-0.04711711953354569,-0.04711711953354569
SPOC,60,Accuracy,0.09868421052631582,0.125,-0.02631578947368418,-0.02631578947368418
SPOC,60,BalancedAccuracy,0.22693361945167934,0.2573568998749598,-0.030423280423280463,-0.030423280423280463
SPOC,60,MacroF1,0.26860276676581657,0.2914476662581444,-0.02284489949232782,-0.02284489949232782
SPOC,61,Accuracy,0.16447368421052633,0.21052631578947367,-0.046052631578947345,-0.046052631578947345
SPOC,61,BalancedAccuracy,0.2113964104160182,0.24509803921568618,-0.03370162879966798,-0.03370162879966798
SPOC,61,MacroF1,0.2179758114587655,0.2570206022499651,-0.0390447907911996,-0.0390447907911996
SPOC,62,Accuracy,0.09210526315789469,0.125,-0.03289473684210531,-0.03289473684210531
SPOC,62,BalancedAccuracy,0.09000606090389368,0.14967838987446824,-0.05967232897057456,-0.05967232897057456
SPOC,62,MacroF1,0.10541324575807332,0.18967639221990834,-0.08426314646183503,-0.08426314646183503
SPOC,63,Accuracy,0.13157894736842113,0.14473684210526316,-0.013157894736842035,-0.013157894736842035
SPOC,63,BalancedAccuracy,0.20831517792302112,0.23424629110903628,-0.025931113186015153,-0.025931113186015153
SPOC,63,MacroF1,0.2532799045272355,0.2862678384020273,-0.03298793387479182,-0.03298793387479182
SPOC,64,Accuracy,0.19078947368421062,0.20394736842105265,-0.013157894736842035,-0.013157894736842035
SPOC,64,BalancedAccuracy,0.2780701754385965,0.2756321631966627,0.0024380122419337957,0.0024380122419337957
SPOC,64,MacroF1,0.3094442903704596,0.29179601173376196,0.017648278636697656,0.017648278636697656
SPOC,65,Accuracy,0.08552631578947367,0.0921052631578948,-0.006578947368421129,-0.006578947368421129
SPOC,65,BalancedAccuracy,0.16312131090252868,0.18243348021469802,-0.019312169312169336,-0.019312169312169336
SPOC,65,MacroF1,0.18646766318228353,0.20859783891920775,-0.022130175736924218,-0.022130175736924218
SPOC,66,Accuracy,0.1578947368421053,0.1842105263157895,-0.02631578947368418,-0.02631578947368418
SPOC,66,BalancedAccuracy,0.23434157288646462,0.2521598112929383,-0.017818238406473674,-0.017818238406473674
SPOC,66,MacroF1,0.267162390920155,0.2869603485027916,-0.01979795758263664,-0.01979795758263664
SPOC,67,Accuracy,0.16447368421052633,0.23026315789473684,-0.06578947368421051,-0.06578947368421051
SPOC,67,BalancedAccuracy,0.20113218776789477,0.2588145199600308,-0.05768233219213603,-0.05768233219213603
SPOC,67,MacroF1,0.2231722760217671,0.289730172479681,-0.06655789645791393,-0.06655789645791393
SPOC,68,Accuracy,0.125,0.11842105263157898,0.006578947368421018,0.006578947368421018
SPOC,68,BalancedAccuracy,0.20823218176159364,0.1998391949372343,0.00839298682435935,0.00839298682435935
SPOC,68,MacroF1,0.24764589583798613,0.23268096956936957,0.014964926268616563,0.014964926268616563
SPOC,69,Accuracy,0.11842105263157898,0.13157894736842113,-0.013157894736842146,-0.013157894736842146
SPOC,69,BalancedAccuracy,0.25195040979354705,0.25565411349725076,-0.003703703703703709,-0.003703703703703709
SPOC,69,MacroF1,0.2789262014982685,0.28400590907134404,-0.00507970757307552,-0.00507970757307552
SPOC,70,Accuracy,0.11184210526315785,0.11842105263157887,-0.006578947368421018,-0.006578947368421018
SPOC,70,BalancedAccuracy,0.20887867817692374,0.23524033395034422,-0.026361655773420478,-0.026361655773420478
SPOC,70,MacroF1,0.24198452539371745,0.28380099532434755,-0.041816469930630096,-0.041816469930630096
SPOC,71,Accuracy,0.19078947368421062,0.21052631578947378,-0.019736842105263164,-0.019736842105263164
SPOC,71,BalancedAccuracy,0.25823218176159346,0.2561209669052806,0.002111214856312882,0.002111214856312882
SPOC,71,MacroF1,0.2704326861357048,0.26132678927435743,0.009105896861347385,0.009105896861347385
SPOC,72,Accuracy,0.07894736842105265,0.13157894736842113,-0.052631578947368474,-0.052631578947368474
SPOC,72,BalancedAccuracy,0.16268612708241192,0.19902288400740403,-0.03633675692499211,-0.03633675692499211
SPOC,72,MacroF1,0.1996437594175018,0.23170406163933105,-0.03206030222182926,-0.03206030222182926
SPOC,73,Accuracy,0.13157894736842102,0.2171052631578947,-0.08552631578947367,-0.08552631578947367
SPOC,73,BalancedAccuracy,0.17063492063492064,0.23872098547021142,-0.06808606483529078,-0.06808606483529078
SPOC,73,MacroF1,0.18919044984247557,0.2597027926898485,-0.07051234284737296,-0.07051234284737296
SPOC,74,Accuracy,0.1578947368421053,0.1578947368421053,0.0,0.0
SPOC,74,BalancedAccuracy,0.2988866501766398,0.2966924391588993,0.0021942110177404772,0.0021942110177404772
SPOC,74,MacroF1,0.34064630005626373,0.3394236437620549,0.0012226562942088126,0.0012226562942088126
SPOC,75,Accuracy,0.17105263157894735,0.17763157894736847,-0.006578947368421129,-0.006578947368421129
SPOC,75,BalancedAccuracy,0.20930840172326237,0.22508804691467232,-0.015779645191409952,-0.015779645191409952
SPOC,75,MacroF1,0.22901055530537212,0.24802258876215377,-0.019012033456781652,-0.019012033456781652
SPOC,76,Accuracy,0.10526315789473684,0.09868421052631571,0.006578947368421129,0.006578947368421129
SPOC,76,BalancedAccuracy,0.17254192125193157,0.1850257451908638,-0.012483823938932215,-0.012483823938932215
SPOC,76,MacroF1,0.1964264714477843,0.2162691372605136,-0.01984266581272931,-0.01984266581272931
SPOC,77,Accuracy,0.09868421052631571,0.1578947368421052,-0.05921052631578949,-0.05921052631578949
SPOC,77,BalancedAccuracy,0.20038522231504685,0.24628919794038473,-0.04590397562533788,-0.04590397562533788
SPOC,77,MacroF1,0.2593886997705239,0.3097833908028921,-0.050394691032368155,-0.050394691032368155
SPOC,78,Accuracy,0.15131578947368418,0.20394736842105265,-0.052631578947368474,-0.052631578947368474
SPOC,78,BalancedAccuracy,0.2651779230210603,0.28839091192032373,-0.02321298889926343,-0.02321298889926343
SPOC,78,MacroF1,0.31477435744421356,0.3324741967906326,-0.017699839346419055,-0.017699839346419055
SPOC,79,Accuracy,0.13157894736842102,0.13815789473684204,-0.006578947368421018,-0.006578947368421018
SPOC,79,BalancedAccuracy,0.2477001326846529,0.24125755565384055,0.0064425770308123576,0.0064425770308123576
SPOC,79,MacroF1,0.29109605351762846,0.2750702752010983,0.01602577831653018,0.01602577831653018
SPOC,80,Accuracy,0.2171052631578947,0.22368421052631582,-0.006578947368421129,-0.006578947368421129
SPOC,80,BalancedAccuracy,0.34361066063852436,0.3510180680459318,-0.007407407407407418,-0.007407407407407418
SPOC,80,MacroF1,0.38134246133304517,0.39137311800672786,-0.010030656673682692,-0.010030656673682692
SPOC,81,Accuracy,0.1578947368421052,0.125,0.0328947368421052,0.0328947368421052
SPOC,81,BalancedAccuracy,0.20635958086938488,0.18466645917626312,0.021693121693121764,0.021693121693121764
SPOC,81,MacroF1,0.22141579639672698,0.19746959042592888,0.023946205970798107,0.023946205970798107
SPOC,82,Accuracy,0.22368421052631582,0.2171052631578947,0.006578947368421129,0.006578947368421129
SPOC,82,BalancedAccuracy,0.3222590790702245,0.3191499991809588,0.0031090798892656757,0.0031090798892656757
SPOC,82,MacroF1,0.3450101830542855,0.3464699768751912,-0.0014597938209057193,-0.0014597938209057193
SPOC,83,Accuracy,0.13815789473684215,0.16447368421052633,-0.02631578947368418,-0.02631578947368418
SPOC,83,BalancedAccuracy,0.13631464281619082,0.1581789440922568,-0.02186430127606598,-0.02186430127606598
SPOC,83,MacroF1,0.14011500127779203,0.1719711466604122,-0.03185614538262016,-0.03185614538262016
SPOC,84,Accuracy,0.07894736842105254,0.11184210526315785,-0.03289473684210531,-0.03289473684210531
SPOC,84,BalancedAccuracy,0.1376537749602766,0.15131510693946204,-0.013661331979185454,-0.013661331979185454
SPOC,84,MacroF1,0.16939196205058094,0.1717734424742493,-0.0023814804236683695,-0.0023814804236683695
SPOC,85,Accuracy,0.13815789473684215,0.1513157894736843,-0.013157894736842146,-0.013157894736842146
SPOC,85,BalancedAccuracy,0.16471434577729738,0.16119738343680562,0.0035169623404917583,0.0035169623404917583
SPOC,85,MacroF1,0.19771549193874638,0.17918428363500938,0.018531208303737,0.018531208303737
SPOC,86,Accuracy,0.09868421052631571,0.11842105263157887,-0.019736842105263164,-0.019736842105263164
SPOC,86,BalancedAccuracy,0.13987446830584077,0.16483037659508248,-0.024955908289241713,-0.024955908289241713
SPOC,86,MacroF1,0.15660443077277053,0.19072236545338234,-0.034117934680611806,-0.034117934680611806
SPOC,87,Accuracy,0.20394736842105265,0.13815789473684215,0.06578947368421051,0.06578947368421051
SPOC,87,BalancedAccuracy,0.2641928896314862,0.20957431705625723,0.05461857257522895,0.05461857257522895
SPOC,87,MacroF1,0.2858172909732947,0.21733093467987324,0.06848635629342148,0.06848635629342148
SPOC,88,Accuracy,0.09868421052631582,0.09868421052631582,0.0,0.0
SPOC,88,BalancedAccuracy,0.18620844049120627,0.17652901316472003,0.009679427326486245,0.009679427326486245
SPOC,88,MacroF1,0.22491229870390367,0.2163917162365382,0.008520582467365478,0.008520582467365478
SPOC,89,Accuracy,0.1578947368421053,0.1842105263157895,-0.02631578947368418,-0.02631578947368418
SPOC,89,BalancedAccuracy,0.204942093796583,0.2273731714908186,-0.02243107769423558,-0.02243107769423558
SPOC,89,MacroF1,0.21832438168093904,0.25290668628182184,-0.034582304600882796,-0.034582304600882796
SPOC,90,Accuracy,0.11842105263157898,0.1578947368421053,-0.03947368421052633,-0.03947368421052633
SPOC,90,BalancedAccuracy,0.20457516339869286,0.24083411142234673,-0.03625894802365387,-0.03625894802365387
SPOC,90,MacroF1,0.23150498958020743,0.2731082111312106,-0.041603221551003156,-0.041603221551003156
SPOC,91,Accuracy,0.13157894736842113,0.14473684210526316,-0.013157894736842035,-0.013157894736842035
SPOC,91,BalancedAccuracy,0.2777881522979562,0.2890704429920117,-0.011282290694055452,-0.011282290694055452
SPOC,91,MacroF1,0.327296562762953,0.33816869186372395,-0.010872129100770955,-0.010872129100770955
SPOC,92,Accuracy,0.1907894736842105,0.1907894736842105,0.0,0.0
SPOC,92,BalancedAccuracy,0.28487913683992117,0.2848739495798319,5.187260089245527e-06,5.187260089245527e-06
SPOC,92,MacroF1,0.32422264845864174,0.3188290854506133,0.005393563008028457,0.005393563008028457
SPOC,93,Accuracy,0.13815789473684204,0.10526315789473684,0.0328947368421052,0.0328947368421052
SPOC,93,BalancedAccuracy,0.19959675878148536,0.1800407882451227,0.019555970536362655,0.019555970536362655
SPOC,93,MacroF1,0.22575571348785978,0.21046689953382752,0.015288813954032254,0.015288813954032254
SPOC,94,Accuracy,0.13157894736842102,0.10526315789473684,0.02631578947368418,0.02631578947368418
SPOC,94,BalancedAccuracy,0.20531175433136217,0.17414997187958997,0.031161782451772202,0.031161782451772202
SPOC,94,MacroF1,0.23443845150439613,0.19971709749526012,0.03472135400913601,0.03472135400913601
SPOC,95,Accuracy,0.16447368421052633,0.16447368421052633,0.0,0.0
SPOC,95,BalancedAccuracy,0.2379947690577205,0.21296623912722978,0.025028529930490706,0.025028529930490706
SPOC,95,MacroF1,0.2752235536782401,0.23254750075123626,0.04267605292700383,0.04267605292700383
SPOC,96,Accuracy,0.17105263157894746,0.1513157894736843,0.019736842105263164,0.019736842105263164
SPOC,96,BalancedAccuracy,0.20447797052544214,0.20173909719833355,0.002738873327108593,0.002738873327108593
SPOC,96,MacroF1,0.22721634479644376,0.2248828042878388,0.0023335405086049588,0.0023335405086049588
SPOC,97,Accuracy,0.10526315789473684,0.09868421052631582,0.006578947368421018,0.006578947368421018
SPOC,97,BalancedAccuracy,0.22740429505135396,0.20350467672449102,0.023899618326862937,0.023899618326862937
SPOC,97,MacroF1,0.25457716309999645,0.2151381652825783,0.039438997817418164,0.039438997817418164
SPOC,98,Accuracy,0.09210526315789469,0.11184210526315785,-0.019736842105263164,-0.019736842105263164
SPOC,98,BalancedAccuracy,0.16379428964568288,0.1978661250075079,-0.03407183536182501,-0.03407183536182501
SPOC,98,MacroF1,0.17208727035551197,0.2231163583246627,-0.05102908796915073,-0.05102908796915073
SPOC,99,Accuracy,0.14473684210526316,0.1842105263157895,-0.03947368421052633,-0.03947368421052633
SPOC,99,BalancedAccuracy,0.14493395798865355,0.1736519949110248,-0.028718036922371237,-0.028718036922371237
SPOC,99,MacroF1,0.16391823058209137,0.20333571582835946,-0.03941748524626809,-0.03941748524626809
SPOC,100,Accuracy,0.10526315789473684,0.125,-0.019736842105263164,-0.019736842105263164
SPOC,100,BalancedAccuracy,0.22071136446781436,0.23675555992377456,-0.016044195455960197,-0.016044195455960197
SPOC,100,MacroF1,0.2650613811160364,0.28443605159427215,-0.019374670478235767,-0.019374670478235767
SPOC,101,Accuracy,0.1513157894736843,0.17763157894736847,-0.02631578947368418,-0.02631578947368418
SPOC,101,BalancedAccuracy,0.2563317334731164,0.2930264113442648,-0.03669467787114844,-0.03669467787114844
SPOC,101,MacroF1,0.28146427595800866,0.330555409227237,-0.049091133269228315,-0.049091133269228315
SPOC,102,Accuracy,0.15131578947368418,0.125,0.02631578947368418,0.02631578947368418
SPOC,102,BalancedAccuracy,0.20235774621739533,0.15543706761457016,0.04692067860282517,0.04692067860282517
SPOC,102,MacroF1,0.24134193904132734,0.17350599285197904,0.0678359461893483,0.0678359461893483
SPOC,103,Accuracy,0.11842105263157898,0.13815789473684215,-0.019736842105263164,-0.019736842105263164
SPOC,103,BalancedAccuracy,0.10947275596398404,0.13577407571215622,-0.02630131974817218,-0.02630131974817218
SPOC,103,MacroF1,0.11253470808552452,0.14281752758170246,-0.03028281949617795,-0.03028281949617795
SPOC,104,Accuracy,0.1842105263157895,0.22368421052631582,-0.03947368421052633,-0.03947368421052633
SPOC,104,BalancedAccuracy,0.17965938812172044,0.2227032723420752,-0.04304388422035477,-0.04304388422035477
SPOC,104,MacroF1,0.1837841430450572,0.23352791687214264,-0.04974377382708545,-0.04974377382708545
SPOC,105,Accuracy,0.20394736842105265,0.17763157894736847,0.02631578947368418,0.02631578947368418
SPOC,105,BalancedAccuracy,0.24246482218618437,0.23505741477877695,0.007407407407407418,0.007407407407407418
SPOC,105,MacroF1,0.24610806813269193,0.23471022335748365,0.011397844775208277,0.011397844775208277
SPOC,106,Accuracy,0.09868421052631582,0.13157894736842102,-0.0328947368421052,-0.0328947368421052
SPOC,106,BalancedAccuracy,0.18099060286882773,0.20936819172113275,-0.028377588852305013,-0.028377588852305013
SPOC,106,MacroF1,0.18849680240072203,0.2321676409331752,-0.04367083853245318,-0.04367083853245318
SPOC,107,Accuracy,0.09210526315789469,0.14473684210526316,-0.052631578947368474,-0.052631578947368474
SPOC,107,BalancedAccuracy,0.22289465493799865,0.25299113797565814,-0.030096483037659494,-0.030096483037659494
SPOC,107,MacroF1,0.25166775404855785,0.275896640596285,-0.024228886547727146,-0.024228886547727146
SPOC,108,Accuracy,0.125,0.1513157894736843,-0.026315789473684292,-0.026315789473684292
SPOC,108,BalancedAccuracy,0.20437422532365768,0.21884149371249473,-0.014467268388837051,-0.014467268388837051
SPOC,108,MacroF1,0.24044134271690892,0.24962670030073847,-0.009185357583829545,-0.009185357583829545
SPOC,109,Accuracy,0.1842105263157895,0.2171052631578948,-0.03289473684210531,-0.03289473684210531
SPOC,109,BalancedAccuracy,0.22021284147187137,0.2689730863105476,-0.04876024483867625,-0.04876024483867625
SPOC,109,MacroF1,0.25872087916041875,0.32640670467915506,-0.06768582551873631,-0.06768582551873631
SPOC,110,Accuracy,0.15131578947368418,0.1578947368421052,-0.006578947368421018,-0.006578947368421018
SPOC,110,BalancedAccuracy,0.23511310957131393,0.23838108342752307,-0.0032679738562091387,-0.0032679738562091387
SPOC,110,MacroF1,0.28955769054169544,0.2946199994927281,-0.005062308951032657,-0.005062308951032657
SPOC,111,Accuracy,0.046052631578947345,0.07236842105263153,-0.02631578947368418,-0.02631578947368418
SPOC,111,BalancedAccuracy,0.12174827045828074,0.1286421391168553,-0.0068938686585745534,-0.0068938686585745534
SPOC,111,MacroF1,0.15454548929607537,0.1599162279735527,-0.005370738677477338,-0.005370738677477338
SPOC,112,Accuracy,0.11842105263157887,0.16447368421052633,-0.046052631578947456,-0.046052631578947456
SPOC,112,BalancedAccuracy,0.26248901119902146,0.31138084863575055,-0.04889183743672909,-0.04889183743672909
SPOC,112,MacroF1,0.28113951608365645,0.3442607019520428,-0.06312118586838633,-0.06312118586838633
SPOC,113,Accuracy,0.11842105263157887,0.1842105263157895,-0.06578947368421062,-0.06578947368421062
SPOC,113,BalancedAccuracy,0.1742004794120376,0.22395149092775496,-0.04975101151571737,-0.04975101151571737
SPOC,113,MacroF1,0.19432861016923098,0.2425481627915529,-0.048219552622321915,-0.048219552622321915
SPOC,114,Accuracy,0.13157894736842102,0.17763157894736836,-0.046052631578947345,-0.046052631578947345
SPOC,114,BalancedAccuracy,0.18680033416875524,0.20763755794715544,-0.020837223778400193,-0.020837223778400193
SPOC,114,MacroF1,0.21649695433395244,0.21998408878262954,-0.0034871344486770983,-0.0034871344486770983
SPOC,115,Accuracy,0.17105263157894735,0.17105263157894735,0.0,0.0
SPOC,115,BalancedAccuracy,0.3139933166248956,0.2837794377010064,0.030213878923889215,0.030213878923889215
SPOC,115,MacroF1,0.30590833363127123,0.2545243267778974,0.051384006853373854,0.051384006853373854
SPOC,116,Accuracy,0.13815789473684204,0.14473684210526316,-0.006578947368421129,-0.006578947368421129
SPOC,116,BalancedAccuracy,0.27008124887381857,0.26771067101304463,0.002370577860773937,0.002370577860773937
SPOC,116,MacroF1,0.33693304177840966,0.32616543458152053,0.010767607196889128,0.010767607196889128
SPOC,117,Accuracy,0.1578947368421052,0.17105263157894735,-0.013157894736842146,-0.013157894736842146
SPOC,117,BalancedAccuracy,0.2778872562670293,0.29349572187549494,-0.015608465608465627,-0.015608465608465627
SPOC,117,MacroF1,0.2695558349171695,0.2844418106727105,-0.014885975755541014,-0.014885975755541014
SPOC,118,Accuracy,0.16447368421052633,0.1907894736842105,-0.02631578947368418,-0.02631578947368418
SPOC,118,BalancedAccuracy,0.2622301942219383,0.279436335937884,-0.0172061417159457,-0.0172061417159457
SPOC,118,MacroF1,0.29746548245492954,0.3185692035857509,-0.021103721130821373,-0.021103721130821373
SPOC,119,Accuracy,0.17763157894736847,0.13815789473684215,0.03947368421052633,0.03947368421052633
SPOC,119,BalancedAccuracy,0.2565397699040631,0.2310716879344331,0.025468081969629963,0.025468081969629963
SPOC,119,MacroF1,0.31562155488628046,0.2913242267571641,0.02429732812911639,0.02429732812911639
SPOC,120,Accuracy,0.16447368421052633,0.13157894736842102,0.03289473684210531,0.03289473684210531
SPOC,120,BalancedAccuracy,0.21329631267711774,0.18931042202456033,0.023985890652557407,0.023985890652557407
SPOC,120,MacroF1,0.22077718251040657,0.19311173397003767,0.027665448540368898,0.027665448540368898
SPOC,121,Accuracy,0.1842105263157895,0.13815789473684204,0.046052631578947456,0.046052631578947456
SPOC,121,BalancedAccuracy,0.23144052942814541,0.20054329724092357,0.030897232187221846,0.030897232187221846
SPOC,121,MacroF1,0.2592066222718114,0.22484580772557616,0.03436081454623524,0.03436081454623524
SPOC,122,Accuracy,0.13157894736842102,0.15131578947368418,-0.019736842105263164,-0.019736842105263164
SPOC,122,BalancedAccuracy,0.21077912646540103,0.23300134868762318,-0.022222222222222143,-0.022222222222222143
SPOC,122,MacroF1,0.25315849781855876,0.27116552150430484,-0.018007023685746082,-0.018007023685746082
SPOC,123,Accuracy,0.13815789473684215,0.14473684210526316,-0.006578947368421018,-0.006578947368421018
SPOC,123,BalancedAccuracy,0.26981860970509053,0.25308450865726395,0.016734101047826577,0.016734101047826577
SPOC,123,MacroF1,0.3093741694590411,0.27474264326888254,0.03463152619015858,0.03463152619015858
SPOC,124,Accuracy,0.10526315789473684,0.11184210526315785,-0.006578947368421018,-0.006578947368421018
SPOC,124,BalancedAccuracy,0.14188002686454698,0.16465919701213821,-0.022779170147591232,-0.022779170147591232
SPOC,124,MacroF1,0.16091900633699868,0.1836362469924115,-0.022717240655412807,-0.022717240655412807
SPOC,125,Accuracy,0.10526315789473684,0.10526315789473684,0.0,0.0
SPOC,125,BalancedAccuracy,0.19062525595033342,0.18597883597883608,0.00464641997149734,0.00464641997149734
SPOC,125,MacroF1,0.1898708707899075,0.1899896171935146,-0.0001187464036070951,-0.0001187464036070951
SPOC,126,Accuracy,0.17763157894736836,0.23684210526315785,-0.05921052631578949,-0.05921052631578949
SPOC,126,BalancedAccuracy,0.2845386887698549,0.3191396246607805,-0.03460093589092561,-0.03460093589092561
SPOC,126,MacroF1,0.3257897720352697,0.3500829269247213,-0.024293154889451607,-0.024293154889451607
SPOC,127,Accuracy,0.17763157894736847,0.17763157894736847,0.0,0.0
SPOC,127,BalancedAccuracy,0.2667581262524502,0.2630926444651934,0.0036654817872567858,0.0036654817872567858
SPOC,127,MacroF1,0.3170285637553712,0.31206170721805626,0.004966856537314934,0.004966856537314934
SPOC,128,Accuracy,0.125,0.13157894736842102,-0.006578947368421018,-0.006578947368421018
SPOC,128,BalancedAccuracy,0.1885063967107311,0.18559634380067813,0.0029100529100529737,0.0029100529100529737
SPOC,128,MacroF1,0.21251327858411373,0.19489109078530692,0.01762218779880681,0.01762218779880681
SPOC,129,Accuracy,0.13157894736842113,0.14473684210526316,-0.013157894736842035,-0.013157894736842035
SPOC,129,BalancedAccuracy,0.1792820832036519,0.17833800186741366,0.000944081336238245,0.000944081336238245
SPOC,129,MacroF1,0.18511883332762996,0.18579397893031185,-0.0006751456026818925,-0.0006751456026818925
SPOC,130,Accuracy,0.13157894736842113,0.125,0.006578947368421129,0.006578947368421129
SPOC,130,BalancedAccuracy,0.2426076083454824,0.22188969154913418,0.020717916796348212,0.020717916796348212
SPOC,130,MacroF1,0.30592201792633555,0.2701566370107425,0.03576538091559306,0.03576538091559306
SPOC,131,Accuracy,0.11842105263157898,0.16447368421052633,-0.046052631578947345,-0.046052631578947345
SPOC,131,BalancedAccuracy,0.2167048885831136,0.24610818986463984,-0.02940330128152624,-0.02940330128152624
SPOC,131,MacroF1,0.22721704769291512,0.2539561196396035,-0.026739071946688397,-0.026739071946688397
SPOC,132,Accuracy,0.15131578947368418,0.1578947368421053,-0.006578947368421129,-0.006578947368421129
SPOC,132,BalancedAccuracy,0.21174969012946315,0.21897035617365856,-0.007220666044195412,-0.007220666044195412
SPOC,132,MacroF1,0.23525110784698566,0.24497158729542995,-0.009720479448444286,-0.009720479448444286
SPOC,133,Accuracy,0.08552631578947367,0.09868421052631582,-0.013157894736842146,-0.013157894736842146
SPOC,133,BalancedAccuracy,0.1554343374776812,0.17133520074696545,-0.01590086326928425,-0.01590086326928425
SPOC,133,MacroF1,0.1706489847916089,0.18350661268979368,-0.012857627898184787,-0.012857627898184787
SPOC,134,Accuracy,0.09210526315789469,0.125,-0.03289473684210531,-0.03289473684210531
SPOC,134,BalancedAccuracy,0.16317755172244336,0.19340180516651106,-0.030224253444067706,-0.030224253444067706
SPOC,134,MacroF1,0.17592694304715167,0.2040443959364679,-0.02811745288931622,-0.02811745288931622
SPOC,135,Accuracy,0.16447368421052633,0.14473684210526316,0.019736842105263164,0.019736842105263164
SPOC,135,BalancedAccuracy,0.17504845992978085,0.16275792968259434,0.012290530247186515,0.012290530247186515
SPOC,135,MacroF1,0.1798608763015654,0.17428189514609949,0.005578981155465901,0.005578981155465901
SPOC,136,Accuracy,0.09868421052631582,0.07894736842105265,0.019736842105263164,0.019736842105263164
SPOC,136,BalancedAccuracy,0.15072758148093546,0.11958136080943099,0.031146220671504465,0.031146220671504465
SPOC,136,MacroF1,0.15051426428238035,0.10914863307912342,0.041365631203256925,0.041365631203256925
SPOC,137,Accuracy,0.1513157894736843,0.19736842105263164,-0.046052631578947345,-0.046052631578947345
SPOC,137,BalancedAccuracy,0.21992808819434195,0.2509894016085965,-0.031061313414254554,-0.031061313414254554
SPOC,137,MacroF1,0.24060249272234224,0.269908555316831,-0.029306062594488758,-0.029306062594488758
SPOC,138,Accuracy,0.1578947368421052,0.17763157894736836,-0.019736842105263164,-0.019736842105263164
SPOC,138,BalancedAccuracy,0.24659715738147103,0.2620014087506347,-0.01540425136916368,-0.01540425136916368
SPOC,138,MacroF1,0.2706372347221556,0.29122511529862555,-0.02058788057646993,-0.02058788057646993
SPOC,139,Accuracy,0.08552631578947367,0.16447368421052633,-0.07894736842105265,-0.07894736842105265
SPOC,139,BalancedAccuracy,0.1690811997313546,0.23081478205317218,-0.06173358232181758,-0.06173358232181758
SPOC,139,MacroF1,0.19070482777714431,0.25369766432381086,-0.06299283654666654,-0.06299283654666654
SPOC,140,Accuracy,0.13815789473684204,0.1907894736842105,-0.052631578947368474,-0.052631578947368474
SPOC,140,BalancedAccuracy,0.2829805996472664,0.322849880693018,-0.0398692810457516,-0.0398692810457516
SPOC,140,MacroF1,0.28681489759921125,0.3284046287749991,-0.04158973117578785,-0.04158973117578785
SPOC,141,Accuracy,0.11184210526315785,0.13815789473684215,-0.026315789473684292,-0.026315789473684292
SPOC,141,BalancedAccuracy,0.19673202614379076,0.22638950316968887,-0.029657477025898105,-0.029657477025898105
SPOC,141,MacroF1,0.1969731126810521,0.231541938943842,-0.0345688262627899,-0.0345688262627899
QLP,42,Accuracy,0.16216216216216217,0.1891891891891892,-0.02702702702702703,-0.02702702702702703
QLP,42,BalancedAccuracy,0.15252000187787856,0.16609705035789507,-0.013577048480016507,-0.013577048480016507
QLP,42,MacroF1,0.1791279526624699,0.18500576007867342,-0.005877807416203529,-0.005877807416203529
QLP,43,Accuracy,0.13022113022113024,0.1793611793611794,-0.04914004914004916,-0.04914004914004916
QLP,43,BalancedAccuracy,0.13648340603249282,0.1740334622041243,-0.037550056171631485,-0.037550056171631485
QLP,43,MacroF1,0.1724525542572244,0.20728073741817388,-0.03482818316094949,-0.03482818316094949
QLP,44,Accuracy,0.144963144963145,0.20638820638820637,-0.06142506142506138,-0.06142506142506138
QLP,44,BalancedAccuracy,0.14941184513102324,0.19552211064768144,-0.0461102655166582,-0.0461102655166582
QLP,44,MacroF1,0.17963634255902344,0.22163847109601192,-0.04200212853698848,-0.04200212853698848
QLP,45,Accuracy,0.12285012285012287,0.16216216216216212,-0.03931203931203925,-0.03931203931203925
QLP,45,BalancedAccuracy,0.15524442896018237,0.18622527322584403,-0.030980844265661667,-0.030980844265661667
QLP,45,MacroF1,0.1749383951009868,0.20240375838441194,-0.027465363283425137,-0.027465363283425137
QLP,46,Accuracy,0.10810810810810811,0.16216216216216212,-0.054054054054054,-0.054054054054054
QLP,46,BalancedAccuracy,0.11212378596796407,0.15366323596917209,-0.04153945000120801,-0.04153945000120801
QLP,46,MacroF1,0.14326684766854497,0.1796148297293062,-0.03634798206076123,-0.03634798206076123
QLP,47,Accuracy,0.15233415233415237,0.18427518427518425,-0.03194103194103187,-0.03194103194103187
QLP,47,BalancedAccuracy,0.14295462644492324,0.17818714981956993,-0.03523252337464669,-0.03523252337464669
QLP,47,MacroF1,0.1711280565963187,0.2017259216175889,-0.03059786502127021,-0.03059786502127021
QLP,48,Accuracy,0.1547911547911548,0.17690417690417692,-0.02211302211302213,-0.02211302211302213
QLP,48,BalancedAccuracy,0.16884906221378831,0.17448585523642607,-0.005636793022637754,-0.005636793022637754
QLP,48,MacroF1,0.1947860860228493,0.19509957147325163,-0.0003134854504023288,-0.0003134854504023288
QLP,49,Accuracy,0.18918918918918914,0.21375921375921375,-0.024570024570024607,-0.024570024570024607
QLP,49,BalancedAccuracy,0.1846391659034352,0.2090145585008598,-0.024375392597424578,-0.024375392597424578
QLP,49,MacroF1,0.21297258922553186,0.23439055693677766,-0.021417967711245794,-0.021417967711245794
QLP,50,Accuracy,0.1547911547911548,0.1941031941031941,-0.039312039312039304,-0.039312039312039304
QLP,50,BalancedAccuracy,0.12888910989653007,0.16698895346155626,-0.03809984356502619,-0.03809984356502619
QLP,50,MacroF1,0.1618932634932534,0.19153222603220862,-0.029638962538955232,-0.029638962538955232
QLP,51,Accuracy,0.15970515970515964,0.1842751842751842,-0.02457002457002455,-0.02457002457002455
QLP,51,BalancedAccuracy,0.1632958196885138,0.19388673646664517,-0.03059091677813136,-0.03059091677813136
QLP,51,MacroF1,0.19012999518360557,0.22056216087537578,-0.030432165691770208,-0.030432165691770208
QLP,52,Accuracy,0.1351351351351351,0.23095823095823093,-0.09582309582309584,-0.09582309582309584
QLP,52,BalancedAccuracy,0.11091362499752916,0.18583646450370192,-0.07492283950617276,-0.07492283950617276
QLP,52,MacroF1,0.13216343388512597,0.20445545561836415,-0.07229202173323818,-0.07229202173323818
QLP,53,Accuracy,0.12285012285012287,0.17444717444717445,-0.05159705159705158,-0.05159705159705158
QLP,53,BalancedAccuracy,0.1402335419316013,0.18278791118402987,-0.04255436925242856,-0.04255436925242856
QLP,53,MacroF1,0.15877654206264824,0.20591280101278941,-0.047136258950141174,-0.047136258950141174
QLP,54,Accuracy,0.1547911547911548,0.17936117936117935,-0.02457002457002455,-0.02457002457002455
QLP,54,BalancedAccuracy,0.136730536502226,0.16741469516869056,-0.030684158666464567,-0.030684158666464567
QLP,54,MacroF1,0.15193267279968697,0.1791383408880498,-0.027205668088362833,-0.027205668088362833
QLP,55,Accuracy,0.14987714987714984,0.16216216216216217,-0.012285012285012331,-0.012285012285012331
QLP,55,BalancedAccuracy,0.1936381440519569,0.2170838906569501,-0.02344574660499321,-0.02344574660499321
QLP,55,MacroF1,0.19528948642288468,0.21109042864379124,-0.015800942220906555,-0.015800942220906555
QLP,56,Accuracy,0.15970515970515975,0.21375921375921375,-0.054054054054054,-0.054054054054054
QLP,56,BalancedAccuracy,0.16634947952014156,0.21228106516348522,-0.04593158564334365,-0.04593158564334365
QLP,56,MacroF1,0.19210688146137173,0.23116598409757053,-0.0390591026361988,-0.0390591026361988
QLP,57,Accuracy,0.15233415233415237,0.18427518427518425,-0.03194103194103187,-0.03194103194103187
QLP,57,BalancedAccuracy,0.18897537700334505,0.21502720864878397,-0.026051831645438922,-0.026051831645438922
QLP,57,MacroF1,0.22464514603314356,0.2455162282943401,-0.02087108226119655,-0.02087108226119655
QLP,58,Accuracy,0.10319410319410316,0.16216216216216217,-0.05896805896805901,-0.05896805896805901
QLP,58,BalancedAccuracy,0.07523827643690661,0.12552952607176354,-0.05029124963485693,-0.05029124963485693
QLP,58,MacroF1,0.1006089937048334,0.14248438479457887,-0.04187539108974547,-0.04187539108974547
QLP,59,Accuracy,0.13267813267813267,0.18181818181818177,-0.0491400491400491,-0.0491400491400491
QLP,59,BalancedAccuracy,0.16540485030781837,0.2059637607868201,-0.04055891047900173,-0.04055891047900173
QLP,59,MacroF1,0.18971969926242055,0.22435738993867038,-0.03463769067624983,-0.03463769067624983
QLP,60,Accuracy,0.16953316953316955,0.18673218673218672,-0.017199017199017175,-0.017199017199017175
QLP,60,BalancedAccuracy,0.14372157786826734,0.1716335182659383,-0.027911940397670976,-0.027911940397670976
QLP,60,MacroF1,0.17860169863422565,0.20612913366704447,-0.02752743503281882,-0.02752743503281882
QLP,61,Accuracy,0.13267813267813267,0.1744471744471744,-0.041769041769041726,-0.041769041769041726
QLP,61,BalancedAccuracy,0.14606180169821725,0.18621556124410008,-0.04015375954588282,-0.04015375954588282
QLP,61,MacroF1,0.16430524715748018,0.2032993921793526,-0.03899414502187243,-0.03899414502187243
QLP,62,Accuracy,0.16216216216216217,0.18918918918918914,-0.027027027027026973,-0.027027027027026973
QLP,62,BalancedAccuracy,0.16946156910483395,0.20643855658125065,-0.0369769874764167,-0.0369769874764167
QLP,62,MacroF1,0.18866271357662634,0.21559741688125433,-0.026934703304627994,-0.026934703304627994
QLP,63,Accuracy,0.12039312039312045,0.17936117936117935,-0.0589680589680589,-0.0589680589680589
QLP,63,BalancedAccuracy,0.14661767709712914,0.19087513672273948,-0.04425745962561034,-0.04425745962561034
QLP,63,MacroF1,0.15367769229010575,0.19934351462134609,-0.045665822331240336,-0.045665822331240336
QLP,64,Accuracy,0.16953316953316955,0.21375921375921375,-0.0442260442260442,-0.0442260442260442
QLP,64,BalancedAccuracy,0.1791329252516467,0.21842911337774348,-0.03929618812609678,-0.03929618812609678
QLP,64,MacroF1,0.19207991893939508,0.2323594267103266,-0.04027950777093153,-0.04027950777093153
QLP,65,Accuracy,0.16461916461916465,0.18918918918918926,-0.024570024570024607,-0.024570024570024607
QLP,65,BalancedAccuracy,0.17772072760657234,0.20010829374413847,-0.022387566137566123,-0.022387566137566123
QLP,65,MacroF1,0.19968573724198865,0.22638668644558071,-0.02670094920359206,-0.02670094920359206
QLP,66,Accuracy,0.15233415233415237,0.19164619164619168,-0.039312039312039304,-0.039312039312039304
QLP,66,BalancedAccuracy,0.18988588730312478,0.22250363633069112,-0.03261774902756634,-0.03261774902756634
QLP,66,MacroF1,0.21024541334144942,0.2426057130209362,-0.03236029967948678,-0.03236029967948678
QLP,67,Accuracy,0.15970515970515975,0.20147420147420148,-0.041769041769041726,-0.041769041769041726
QLP,67,BalancedAccuracy,0.16737883290394712,0.20378109755963641,-0.0364022646556893,-0.0364022646556893
QLP,67,MacroF1,0.2003652352755496,0.23775901783733577,-0.03739378256178616,-0.03739378256178616
QLP,68,Accuracy,0.14987714987714984,0.20638820638820637,-0.056511056511056534,-0.056511056511056534
QLP,68,BalancedAccuracy,0.1571887814325028,0.20384888238769514,-0.046660100955192324,-0.046660100955192324
QLP,68,MacroF1,0.18334507687571994,0.22792190236515536,-0.04457682548943542,-0.04457682548943542
QLP,69,Accuracy,0.14496314496314489,0.18181818181818177,-0.03685503685503688,-0.03685503685503688
QLP,69,BalancedAccuracy,0.1757842957186564,0.21013543787516387,-0.034351142156507475,-0.034351142156507475
QLP,69,MacroF1,0.20554782602057753,0.23723674464964087,-0.03168891862906334,-0.03168891862906334
QLP,70,Accuracy,0.16953316953316955,0.20147420147420148,-0.03194103194103193,-0.03194103194103193
QLP,70,BalancedAccuracy,0.1852629153570935,0.21521817435059448,-0.02995525899350099,-0.02995525899350099
QLP,70,MacroF1,0.2102393903872391,0.22827477379433103,-0.01803538340709193,-0.01803538340709193
QLP,71,Accuracy,0.09090909090909094,0.1547911547911548,-0.06388206388206386,-0.06388206388206386
QLP,71,BalancedAccuracy,0.08373475733635544,0.1423569311839859,-0.058622173847630465,-0.058622173847630465
QLP,71,MacroF1,0.1121672213894706,0.17487969145081983,-0.06271247006134922,-0.06271247006134922
QLP,72,Accuracy,0.10073710073710074,0.1695331695331695,-0.06879606879606875,-0.06879606879606875
QLP,72,BalancedAccuracy,0.1313588428314456,0.19203819972940983,-0.06067935689796422,-0.06067935689796422
QLP,72,MacroF1,0.16050391281890775,0.21900696010244058,-0.05850304728353284,-0.05850304728353284
QLP,73,Accuracy,0.1646191646191646,0.22604422604422608,-0.06142506142506149,-0.06142506142506149
QLP,73,BalancedAccuracy,0.20725976469412544,0.25355109861388403,-0.04629133391975859,-0.04629133391975859
QLP,73,MacroF1,0.2168427413959057,0.2604752579166869,-0.04363251652078118,-0.043632516520781206
QLP,74,Accuracy,0.17690417690417692,0.21621621621621617,-0.03931203931203925,-0.03931203931203925
QLP,74,BalancedAccuracy,0.1894389096443891,0.21842319696200974,-0.02898428731762065,-0.02898428731762065
QLP,74,MacroF1,0.21373119414289243,0.24458268198777633,-0.030851487844883896,-0.030851487844883896
QLP,75,Accuracy,0.1547911547911548,0.1891891891891892,-0.034398034398034405,-0.034398034398034405
QLP,75,BalancedAccuracy,0.1672179503229731,0.19759022053542602,-0.030372270212452923,-0.030372270212452923
QLP,75,MacroF1,0.18476386614102652,0.21312189280347654,-0.02835802666245002,-0.02835802666245002
QLP,76,Accuracy,0.13022113022113013,0.16216216216216212,-0.03194103194103198,-0.03194103194103198
QLP,76,BalancedAccuracy,0.12805322742537362,0.1513956357991747,-0.023342408373801082,-0.023342408373801082
QLP,76,MacroF1,0.1550836196446262,0.183000177626712,-0.02791655798208581,-0.02791655798208581
QLP,77,Accuracy,0.15724815724815727,0.17199017199017197,-0.014742014742014697,-0.014742014742014697
QLP,77,BalancedAccuracy,0.16935133982793804,0.19565393278292822,-0.026302592954990184,-0.026302592954990184
QLP,77,MacroF1,0.19993918586282555,0.22001879098471447,-0.020079605121888916,-0.020079605121888916
QLP,78,Accuracy,0.1646191646191646,0.20638820638820637,-0.04176904176904178,-0.04176904176904178
QLP,78,BalancedAccuracy,0.21657592998917208,0.2580202780687941,-0.041444348079621995,-0.041444348079621995
QLP,78,MacroF1,0.22658093545908786,0.2687894029975971,-0.042208467538509264,-0.042208467538509264
QLP,79,Accuracy,0.1695331695331695,0.22113022113022113,-0.051597051597051635,-0.051597051597051635
QLP,79,BalancedAccuracy,0.18044515468887623,0.2210866410352712,-0.04064148634639497,-0.04064148634639497
QLP,79,MacroF1,0.21236006978348293,0.25089356520066086,-0.038533495417177904,-0.03853349541717793
QLP,80,Accuracy,0.1597051597051597,0.1891891891891892,-0.029484029484029506,-0.029484029484029506
QLP,80,BalancedAccuracy,0.14702449588294325,0.1730320916822058,-0.02600759579926254,-0.02600759579926254
QLP,80,MacroF1,0.16688604593641165,0.1985251461272459,-0.03163910019083424,-0.03163910019083424
QLP,81,Accuracy,0.1793611793611794,0.1891891891891892,-0.009828009828009798,-0.009828009828009798
QLP,81,BalancedAccuracy,0.17330990926881334,0.19158270435382307,-0.01827279508500973,-0.01827279508500973
QLP,81,MacroF1,0.1995813626186595,0.21720507809236067,-0.017623715473701174,-0.017623715473701174
QLP,82,Accuracy,0.15970515970515975,0.21621621621621623,-0.05651105651105648,-0.05651105651105648
QLP,82,BalancedAccuracy,0.19428339027368707,0.24559371163252441,-0.05131032135883734,-0.05131032135883734
QLP,82,MacroF1,0.22165409922188128,0.26947987195112477,-0.047825772729243515,-0.04782577272924349
QLP,83,Accuracy,0.15970515970515975,0.23587223587223588,-0.07616707616707613,-0.07616707616707613
QLP,83,BalancedAccuracy,0.17000031297976503,0.22738789147179558,-0.05738757849203055,-0.05738757849203055
QLP,83,MacroF1,0.1848974947726441,0.2426015954272059,-0.0577041006545618,-0.0577041006545618
QLP,84,Accuracy,0.17690417690417692,0.22604422604422608,-0.04914004914004916,-0.04914004914004916
QLP,84,BalancedAccuracy,0.1624460727628536,0.1996760110344586,-0.03722993827160498,-0.03722993827160498
QLP,84,MacroF1,0.19371597597265877,0.23012971898629156,-0.03641374301363279,-0.03641374301363279
QLP,85,Accuracy,0.144963144963145,0.18181818181818188,-0.03685503685503688,-0.03685503685503688
QLP,85,BalancedAccuracy,0.1765789211422773,0.21581687169586714,-0.039237950553589834,-0.039237950553589834
QLP,85,MacroF1,0.18260497919491198,0.2291096138497524,-0.04650463465484042,-0.04650463465484042
QLP,86,Accuracy,0.12039312039312045,0.16216216216216217,-0.041769041769041726,-0.041769041769041726
QLP,86,BalancedAccuracy,0.12749254064893334,0.1718841628944369,-0.044391622245503554,-0.044391622245503554
QLP,86,MacroF1,0.15635170489283456,0.19759765691838635,-0.041245952025551785,-0.041245952025551785
QLP,87,Accuracy,0.19164619164619168,0.23341523341523346,-0.04176904176904178,-0.04176904176904178
QLP,87,BalancedAccuracy,0.19948757113426063,0.23754322689824975,-0.038055655763989116,-0.038055655763989116
QLP,87,MacroF1,0.23118142942126707,0.2687336246895137,-0.0375521952682466,-0.0375521952682466
QLP,88,Accuracy,0.2039312039312039,0.23832923832923836,-0.03439803439803446,-0.03439803439803446
QLP,88,BalancedAccuracy,0.20093205511299111,0.22898409513706314,-0.028052040024072022,-0.028052040024072022
QLP,88,MacroF1,0.22260451526653835,0.2521637033716635,-0.029559188105125173,-0.029559188105125145
QLP,89,Accuracy,0.13022113022113024,0.17199017199017202,-0.04176904176904178,-0.04176904176904178
QLP,89,BalancedAccuracy,0.12638265674795357,0.15840511963514253,-0.03202246288718896,-0.03202246288718896
QLP,89,MacroF1,0.1508336729499623,0.18466285493862922,-0.03382918198866691,-0.03382918198866691
QLP,90,Accuracy,0.17199017199017197,0.2137592137592138,-0.04176904176904184,-0.04176904176904184
QLP,90,BalancedAccuracy,0.14400831812361486,0.1797657895546023,-0.035757471430987425,-0.035757471430987425
QLP,90,MacroF1,0.17612426853444074,0.20914983589108024,-0.0330255673566395,-0.0330255673566395
QLP,91,Accuracy,0.17199017199017197,0.22850122850122845,-0.05651105651105648,-0.05651105651105648
QLP,91,BalancedAccuracy,0.1435300836699238,0.19481375370359383,-0.051283670033670015,-0.051283670033670015
QLP,91,MacroF1,0.16580148895595198,0.21344555922097266,-0.04764407026502068,-0.04764407026502068
QLP,92,Accuracy,0.17199017199017197,0.22358722358722355,-0.05159705159705158,-0.05159705159705158
QLP,92,BalancedAccuracy,0.14318124164014573,0.18312322507527984,-0.03994198343513411,-0.03994198343513411
QLP,92,MacroF1,0.16640142308839706,0.20976944599600164,-0.04336802290760458,-0.04336802290760458
QLP,93,Accuracy,0.19164619164619162,0.24078624078624078,-0.04914004914004916,-0.04914004914004916
QLP,93,BalancedAccuracy,0.18943110574103716,0.21981246334842214,-0.030381357607384973,-0.030381357607384973
QLP,93,MacroF1,0.22180040678253704,0.2551924574870595,-0.03339205070452245,-0.03339205070452245
QLP,94,Accuracy,0.18181818181818177,0.2186732186732186,-0.03685503685503683,-0.03685503685503683
QLP,94,BalancedAccuracy,0.15513985528254937,0.1932277218806899,-0.038087866598140535,-0.038087866598140535
QLP,94,MacroF1,0.17632370876119308,0.21207156418464168,-0.035747855423448605,-0.035747855423448605
QLP,95,Accuracy,0.14987714987714984,0.21867321867321865,-0.06879606879606881,-0.06879606879606881
QLP,95,BalancedAccuracy,0.17334533912730266,0.22823295742816294,-0.05488761830086028,-0.05488761830086028
QLP,95,MacroF1,0.19923462511080892,0.2625810876038214,-0.06334646249301248,-0.06334646249301246
QLP,96,Accuracy,0.15970515970515975,0.21375921375921375,-0.054054054054054,-0.054054054054054
QLP,96,BalancedAccuracy,0.19636390953457172,0.24726137214721694,-0.05089746261264522,-0.05089746261264522
QLP,96,MacroF1,0.2267157053468768,0.26895816186338506,-0.042242456516508264,-0.042242456516508264
QLP,97,Accuracy,0.15233415233415237,0.2039312039312039,-0.051597051597051524,-0.051597051597051524
QLP,97,BalancedAccuracy,0.1358170885853534,0.1821552116072664,-0.04633812302191298,-0.04633812302191298
QLP,97,MacroF1,0.15848260946554837,0.1973534403767056,-0.03887083091115723,-0.03887083091115723
QLP,98,Accuracy,0.14250614250614257,0.1941031941031941,-0.051597051597051524,-0.051597051597051524
QLP,98,BalancedAccuracy,0.18395161936828602,0.22583974667307996,-0.04188812730479394,-0.04188812730479394
QLP,98,MacroF1,0.20973610642200424,0.24596600902476984,-0.036229902602765596,-0.036229902602765596
QLP,99,Accuracy,0.1547911547911548,0.19164619164619157,-0.03685503685503677,-0.03685503685503677
QLP,99,BalancedAccuracy,0.19417926959308235,0.2296559652295953,-0.035476695636512956,-0.035476695636512956
QLP,99,MacroF1,0.19344182401038262,0.23276142504979735,-0.03931960103941473,-0.03931960103941473
QLP,100,Accuracy,0.11056511056511054,0.1597051597051597,-0.04914004914004916,-0.04914004914004916
QLP,100,BalancedAccuracy,0.12283976698931032,0.1607590431934039,-0.03791927620409358,-0.03791927620409358
QLP,100,MacroF1,0.1443761048599853,0.18221048268826062,-0.03783437782827531,-0.03783437782827531
QLP,101,Accuracy,0.14004914004914004,0.18181818181818177,-0.041769041769041726,-0.041769041769041726
QLP,101,BalancedAccuracy,0.18677908954735434,0.2358100534042314,-0.04903096385687705,-0.04903096385687705
QLP,101,MacroF1,0.17860480613205149,0.22209826816652029,-0.0434934620344688,-0.0434934620344688
QLP,102,Accuracy,0.10810810810810811,0.1351351351351351,-0.027027027027026973,-0.027027027027026973
QLP,102,BalancedAccuracy,0.12222940153876222,0.15251217738375272,-0.030282775844990506,-0.030282775844990506
QLP,102,MacroF1,0.1540631924961734,0.18270754539911632,-0.028644352902942927,-0.028644352902942927
QLP,103,Accuracy,0.14004914004914004,0.1646191646191646,-0.02457002457002455,-0.02457002457002455
QLP,103,BalancedAccuracy,0.1795989219219813,0.2006421919235846,-0.021043270001603304,-0.021043270001603304
QLP,103,MacroF1,0.2103181967819034,0.2224886601874197,-0.012170463405516307,-0.012170463405516307
QLP,104,Accuracy,0.14987714987714984,0.19656019656019652,-0.04668304668304668,-0.04668304668304668
QLP,104,BalancedAccuracy,0.21900032890329685,0.2511840793233487,-0.03218375042005184,-0.03218375042005184
QLP,104,MacroF1,0.22169376300553473,0.2537941573576402,-0.03210039435210549,-0.03210039435210549
QLP,105,Accuracy,0.13267813267813267,0.14250614250614246,-0.009828009828009798,-0.009828009828009798
QLP,105,BalancedAccuracy,0.12889693439065586,0.1441826602072036,-0.015285725816547746,-0.015285725816547746
QLP,105,MacroF1,0.15882885229820404,0.16688942092070158,-0.008060568622497544,-0.008060568622497544
QLP,106,Accuracy,0.17199017199017197,0.17199017199017197,0.0,0.0
QLP,106,BalancedAccuracy,0.15537116517424737,0.17006516019073098,-0.014693995016483608,-0.014693995016483608
QLP,106,MacroF1,0.17717124150412406,0.19372736739617902,-0.016556125892054963,-0.016556125892054963
QLP,107,Accuracy,0.1547911547911548,0.2088452088452089,-0.05405405405405411,-0.05405405405405411
QLP,107,BalancedAccuracy,0.16404279806106287,0.2165155852941241,-0.05247278723306123,-0.05247278723306123
QLP,107,MacroF1,0.19158153564056413,0.2426529582592864,-0.05107142261872227,-0.05107142261872227
QLP,108,Accuracy,0.15970515970515964,0.18673218673218667,-0.02702702702702703,-0.02702702702702703
QLP,108,BalancedAccuracy,0.15001617062119343,0.18745562001840538,-0.037439449397211944,-0.037439449397211944
QLP,108,MacroF1,0.17606698071458715,0.21016475608121876,-0.03409777536663161,-0.03409777536663161
QLP,109,Accuracy,0.14250614250614246,0.18181818181818177,-0.039312039312039304,-0.039312039312039304
QLP,109,BalancedAccuracy,0.14356659111225323,0.1745241266217294,-0.030957535509476164,-0.030957535509476164
QLP,109,MacroF1,0.173200457258253,0.19689667604532002,-0.023696218787067014,-0.023696218787067014
QLP,110,Accuracy,0.1498771498771499,0.15479115479115485,-0.004914004914004955,-0.004914004914004955
QLP,110,BalancedAccuracy,0.1511705511848206,0.16330398049861522,-0.01213342931379463,-0.01213342931379463
QLP,110,MacroF1,0.17180077587420323,0.18384440784026596,-0.012043631966062729,-0.012043631966062729
QLP,111,Accuracy,0.15233415233415237,0.1744471744471744,-0.02211302211302202,-0.02211302211302202
QLP,111,BalancedAccuracy,0.19861354082244498,0.2198796098624866,-0.021266069040041635,-0.021266069040041635
QLP,111,MacroF1,0.2157937821850444,0.23422131819096914,-0.018427536005924727,-0.018427536005924727
QLP,112,Accuracy,0.1646191646191646,0.19410319410319404,-0.02948402948402945,-0.02948402948402945
QLP,112,BalancedAccuracy,0.15254512262217734,0.18581692385916124,-0.033271801236983894,-0.033271801236983894
QLP,112,MacroF1,0.18598166789931575,0.214895361407135,-0.02891369350781925,-0.02891369350781925
QLP,113,Accuracy,0.1769041769041768,0.2137592137592137,-0.03685503685503688,-0.03685503685503688
QLP,113,BalancedAccuracy,0.18216363323383877,0.22080259817131975,-0.03863896493748098,-0.03863896493748098
QLP,113,MacroF1,0.20700901964560392,0.2486949266179332,-0.04168590697232927,-0.04168590697232927
QLP,114,Accuracy,0.1891891891891892,0.21130221130221133,-0.02211302211302213,-0.02211302211302213
QLP,114,BalancedAccuracy,0.1554518329632485,0.19280219294488707,-0.037350359981638576,-0.037350359981638576
QLP,114,MacroF1,0.1911268368367554,0.22104023885602886,-0.02991340201927345,-0.02991340201927345
QLP,115,Accuracy,0.13022113022113024,0.17199017199017202,-0.04176904176904178,-0.04176904176904178
QLP,115,BalancedAccuracy,0.1585390214385648,0.18788933035508376,-0.029350308916518963,-0.029350308916518963
QLP,115,MacroF1,0.18498783886554876,0.21439367445351443,-0.029405835587965667,-0.029405835587965667
QLP,116,Accuracy,0.16707616707616701,0.22113022113022107,-0.05405405405405406,-0.05405405405405406
QLP,116,BalancedAccuracy,0.20507393048774325,0.2577514998319793,-0.052677569344236036,-0.052677569344236064
QLP,116,MacroF1,0.2209330344673071,0.27209340489568623,-0.05116037042837912,-0.05116037042837912
QLP,117,Accuracy,0.144963144963145,0.18673218673218678,-0.04176904176904178,-0.04176904176904178
QLP,117,BalancedAccuracy,0.17989484566253966,0.2168097245009345,-0.03691487883839484,-0.03691487883839484
QLP,117,MacroF1,0.2153197630685863,0.24991677299073042,-0.03459700992214412,-0.03459700992214412
QLP,118,Accuracy,0.14004914004914004,0.19164619164619168,-0.051597051597051635,-0.051597051597051635
QLP,118,BalancedAccuracy,0.1744820871247812,0.2166782592724373,-0.042196172147656114,-0.042196172147656114
QLP,118,MacroF1,0.20421264440617964,0.24704875811050533,-0.04283611370432569,-0.04283611370432569
QLP,119,Accuracy,0.14742014742014742,0.20884520884520885,-0.061425061425061434,-0.061425061425061434
QLP,119,BalancedAccuracy,0.19200398472658747,0.23751259469010608,-0.045508609963518604,-0.045508609963518604
QLP,119,MacroF1,0.20504434376003156,0.25227061806916695,-0.047226274309135424,-0.047226274309135396
QLP,120,Accuracy,0.15233415233415226,0.20147420147420142,-0.04914004914004916,-0.04914004914004916
QLP,120,BalancedAccuracy,0.17753698926644124,0.22285138704944632,-0.045314397783005084,-0.045314397783005084
QLP,120,MacroF1,0.191727349438786,0.23274401772289413,-0.04101666828410813,-0.04101666828410813
QLP,121,Accuracy,0.18181818181818177,0.23587223587223582,-0.05405405405405406,-0.05405405405405406
QLP,121,BalancedAccuracy,0.19318124164014572,0.23172512524681474,-0.03854388360666902,-0.03854388360666902
QLP,121,MacroF1,0.21657066117998414,0.2580506719266522,-0.04148001074666807,-0.04148001074666807
QLP,122,Accuracy,0.144963144963145,0.18673218673218672,-0.041769041769041726,-0.041769041769041726
QLP,122,BalancedAccuracy,0.17200006836136977,0.21147596589948187,-0.03947589753811209,-0.03947589753811209
QLP,122,MacroF1,0.19397238471871708,0.23009274144501496,-0.036120356726297875,-0.036120356726297875
QLP,123,Accuracy,0.17690417690417692,0.17199017199017197,0.004914004914004955,0.004914004914004955
QLP,123,BalancedAccuracy,0.2116040611046318,0.2145450139028906,-0.002940952798258789,-0.002940952798258789
QLP,123,MacroF1,0.2323361478784307,0.22532498865458334,0.007011159223847374,0.007011159223847374
QLP,124,Accuracy,0.13759213759213762,0.17690417690417692,-0.039312039312039304,-0.039312039312039304
QLP,124,BalancedAccuracy,0.1458428256801545,0.17208335804226219,-0.026240532362107688,-0.026240532362107688
QLP,124,MacroF1,0.17182209702568868,0.19956661861717817,-0.02774452159148949,-0.02774452159148949
QLP,125,Accuracy,0.13267813267813267,0.18427518427518425,-0.05159705159705158,-0.05159705159705158
QLP,125,BalancedAccuracy,0.1763803917628119,0.21936334424918902,-0.042982952486377124,-0.042982952486377124
QLP,125,MacroF1,0.1916226100608332,0.2280546415516052,-0.03643203149077201,-0.03643203149077201
QLP,126,Accuracy,0.12776412776412782,0.1941031941031941,-0.06633906633906628,-0.06633906633906628
QLP,126,BalancedAccuracy,0.11427757406638683,0.16587124506645057,-0.051593671000063734,-0.051593671000063734
QLP,126,MacroF1,0.12915660155039105,0.18023922580909446,-0.05108262425870341,-0.05108262425870341
QLP,127,Accuracy,0.18673218673218678,0.23095823095823098,-0.0442260442260442,-0.0442260442260442
QLP,127,BalancedAccuracy,0.17821100766306253,0.2133625749778718,-0.035151567314809284,-0.035151567314809284
QLP,127,MacroF1,0.18810283830175611,0.22644305968773978,-0.03834022138598367,-0.03834022138598367
QLP,128,Accuracy,0.1842751842751843,0.21621621621621623,-0.03194103194103193,-0.03194103194103193
QLP,128,BalancedAccuracy,0.22081395741498477,0.2607004006690079,-0.03988644325402313,-0.03988644325402313
QLP,128,MacroF1,0.2351949861539102,0.2811302053737025,-0.04593521921979224,-0.04593521921979227
QLP,129,Accuracy,0.1744471744471744,0.20638820638820637,-0.03194103194103198,-0.03194103194103198
QLP,129,BalancedAccuracy,0.19819681787432925,0.22413877714962188,-0.025941959275292636,-0.025941959275292636
QLP,129,MacroF1,0.21328333827903645,0.23906832205095574,-0.02578498377191929,-0.02578498377191929
QLP,130,Accuracy,0.13267813267813267,0.144963144963145,-0.012285012285012331,-0.012285012285012331
QLP,130,BalancedAccuracy,0.1628414224875412,0.18390907882917013,-0.021067656341628938,-0.021067656341628938
QLP,130,MacroF1,0.19218663423619697,0.2031419185619593,-0.010955284325762316,-0.010955284325762316
QLP,131,Accuracy,0.18181818181818177,0.199017199017199,-0.01719901719901723,-0.01719901719901723
QLP,131,BalancedAccuracy,0.1467203632871441,0.16319863809875224,-0.01647827481160813,-0.01647827481160813
QLP,131,MacroF1,0.16808606215753485,0.1883336277924355,-0.020247565634900655,-0.020247565634900655
QLP,132,Accuracy,0.11793611793611802,0.17690417690417692,-0.0589680589680589,-0.0589680589680589
QLP,132,BalancedAccuracy,0.1413739825412199,0.18934025238248978,-0.047966269841269865,-0.047966269841269865
QLP,132,MacroF1,0.17335624790403353,0.21013634830008715,-0.03678010039605362,-0.03678010039605362
QLP,133,Accuracy,0.1547911547911548,0.2137592137592138,-0.05896805896805901,-0.05896805896805901
QLP,133,BalancedAccuracy,0.17893160239050648,0.22266556904113974,-0.043733966650633255,-0.043733966650633255
QLP,133,MacroF1,0.19225533374956494,0.2319013809303658,-0.039646047180800864,-0.039646047180800864
QLP,134,Accuracy,0.13267813267813278,0.13267813267813278,0.0,0.0
QLP,134,BalancedAccuracy,0.15777855610903552,0.1723738938636199,-0.014595337754584381,-0.014595337754584381
QLP,134,MacroF1,0.18157217876463755,0.19008201816790565,-0.008509839403268105,-0.008509839403268105
QLP,135,Accuracy,0.1351351351351351,0.1842751842751842,-0.0491400491400491,-0.0491400491400491
QLP,135,BalancedAccuracy,0.16138293678248022,0.20181553659008,-0.04043259980759978,-0.04043259980759978
QLP,135,MacroF1,0.17682072129753157,0.21254627930123082,-0.035725558003699254,-0.035725558003699254
QLP,136,Accuracy,0.14250614250614246,0.17690417690417692,-0.03439803439803446,-0.03439803439803446
QLP,136,BalancedAccuracy,0.1367511272762414,0.17465069810960218,-0.03789957083336079,-0.03789957083336079
QLP,136,MacroF1,0.1703043286774254,0.20256526583853796,-0.03226093716111256,-0.03226093716111256
QLP,137,Accuracy,0.13759213759213762,0.17936117936117935,-0.041769041769041726,-0.041769041769041726
QLP,137,BalancedAccuracy,0.16708995120810194,0.18916703592788076,-0.022077084719778817,-0.022077084719778817
QLP,137,MacroF1,0.18766835002620552,0.2063560270395497,-0.018687677013344173,-0.018687677013344173
QLP,138,Accuracy,0.11056511056511054,0.17199017199017197,-0.061425061425061434,-0.061425061425061434
QLP,138,BalancedAccuracy,0.11344052478470285,0.15318690959387304,-0.0397463848091702,-0.0397463848091702
QLP,138,MacroF1,0.14728448224638807,0.18626570974488027,-0.0389812274984922,-0.0389812274984922
QLP,139,Accuracy,0.13022113022113024,0.1891891891891892,-0.058968058968058956,-0.058968058968058956
QLP,139,BalancedAccuracy,0.14761742094790037,0.19546795004842948,-0.047850529100529116,-0.047850529100529116
QLP,139,MacroF1,0.17471337083787003,0.2171188806205968,-0.04240550978272678,-0.04240550978272678
QLP,140,Accuracy,0.14004914004914004,0.1941031941031941,-0.05405405405405406,-0.05405405405405406
QLP,140,BalancedAccuracy,0.15466095506049843,0.1981357868201475,-0.043474831759649085,-0.043474831759649085
QLP,140,MacroF1,0.18100813813540523,0.22314640528926938,-0.04213826715386415,-0.04213826715386415
QLP,141,Accuracy,0.11547911547911549,0.17444717444717445,-0.058968058968058956,-0.058968058968058956
QLP,141,BalancedAccuracy,0.15292097974746377,0.19392247518674455,-0.04100149543928078,-0.04100149543928078
QLP,141,MacroF1,0.16596203285425626,0.213821625885446,-0.04785959303118975,-0.04785959303118975
