Comparison,SplitSeed,Variant,TrainStars,TestStars,Accuracy,BalancedAccuracy,MacroF1
SPOC,42,Official,354,152,0.7631578947368421,0.5706796948799012,0.5729133383255247
SPOC,42,OriginalTESSCut,354,152,0.631578947368421,0.38684456238635806,0.36701061212644437
SPOC,42,DetrendedTESSCut,354,152,0.618421052631579,0.38101408204607373,0.3640001849517345
SPOC,43,Official,354,152,0.7302631578947368,0.6051427588579291,0.6211078543071793
SPOC,43,OriginalTESSCut,354,152,0.6776315789473685,0.41590686957044026,0.39637789966416404
SPOC,43,DetrendedTESSCut,354,152,0.6447368421052632,0.3864432322636657,0.3671372143749358
SPOC,44,Official,354,152,0.8026315789473685,0.6188881790532977,0.6394419625610098
SPOC,44,OriginalTESSCut,354,152,0.6513157894736842,0.39946189001916554,0.3764315532135536
SPOC,44,DetrendedTESSCut,354,152,0.6447368421052632,0.40386587383491407,0.3932871024918469
SPOC,45,Official,354,152,0.7894736842105263,0.6689154804221883,0.6721482591364986
SPOC,45,OriginalTESSCut,354,152,0.6644736842105263,0.42528680088019616,0.4171110504443838
SPOC,45,DetrendedTESSCut,354,152,0.6052631578947368,0.3691262469900241,0.35555970215301275
SPOC,46,Official,354,152,0.743421052631579,0.5539748062967877,0.5350320802144285
SPOC,46,OriginalTESSCut,354,152,0.5986842105263158,0.3785288384359592,0.37345788714209766
SPOC,46,DetrendedTESSCut,354,152,0.625,0.41787611730852187,0.4181620161596193
SPOC,47,Official,354,152,0.75,0.543594552830879,0.5572201743028643
SPOC,47,OriginalTESSCut,354,152,0.6052631578947368,0.3680336462070208,0.3427919321675369
SPOC,47,DetrendedTESSCut,354,152,0.5921052631578947,0.35937092185802194,0.33974961874186677
SPOC,48,Official,354,152,0.756578947368421,0.5820722831042748,0.5694717566617444
SPOC,48,OriginalTESSCut,354,152,0.5723684210526315,0.3372745589463856,0.3130363420871962
SPOC,48,DetrendedTESSCut,354,152,0.618421052631579,0.3729511687716022,0.34683760892065724
SPOC,49,Official,354,152,0.7368421052631579,0.5596892558192867,0.5561714796324919
SPOC,49,OriginalTESSCut,354,152,0.6447368421052632,0.39224122397497013,0.36941576941576937
SPOC,49,DetrendedTESSCut,354,152,0.6447368421052632,0.4131303203542626,0.4073203982665594
SPOC,50,Official,354,152,0.7828947368421053,0.6705358166658475,0.6622946308967815
SPOC,50,OriginalTESSCut,354,152,0.6118421052631579,0.37545333923042895,0.3521540367924621
SPOC,50,DetrendedTESSCut,354,152,0.5921052631578947,0.3686372794731928,0.34600957259165505
SPOC,51,Official,354,152,0.8223684210526315,0.626351281253242,0.620406048671532
SPOC,51,OriginalTESSCut,354,152,0.6052631578947368,0.37759758874309957,0.3498715417242455
SPOC,51,DetrendedTESSCut,354,152,0.5921052631578947,0.36842132564526786,0.3442503602000169
SPOC,52,Official,354,152,0.7828947368421053,0.6447032614215277,0.6441418118003355
SPOC,52,OriginalTESSCut,354,152,0.6710526315789473,0.42798281105814645,0.42866158781804065
SPOC,52,DetrendedTESSCut,354,152,0.6381578947368421,0.4034574453563102,0.3971997562718358
SPOC,53,Official,354,152,0.7894736842105263,0.6408510382710588,0.665446509896108
SPOC,53,OriginalTESSCut,354,152,0.631578947368421,0.39492440250954186,0.3850791602647382
SPOC,53,DetrendedTESSCut,354,152,0.625,0.3805505048023108,0.3628512653090775
SPOC,54,Official,354,152,0.7039473684210527,0.47959550291851627,0.4727593553400005
SPOC,54,OriginalTESSCut,354,152,0.625,0.3833898471669369,0.3574864554111042
SPOC,54,DetrendedTESSCut,354,152,0.618421052631579,0.38770046030107946,0.3782808917878514
SPOC,55,Official,354,152,0.7894736842105263,0.6900573874774081,0.7250086426476822
SPOC,55,OriginalTESSCut,354,152,0.6118421052631579,0.3985290022441725,0.39821077273782673
SPOC,55,DetrendedTESSCut,354,152,0.5723684210526315,0.3450742870247514,0.3277045787268413
SPOC,56,Official,354,152,0.7171052631578947,0.5039846347895883,0.5017751305247448
SPOC,56,OriginalTESSCut,354,152,0.6578947368421053,0.4159068695704402,0.4052692016591777
SPOC,56,DetrendedTESSCut,354,152,0.631578947368421,0.3938558269311623,0.38375938375938373
SPOC,57,Official,354,152,0.7828947368421053,0.6450786552437738,0.6595414177144119
SPOC,57,OriginalTESSCut,354,152,0.631578947368421,0.3948965551132734,0.3877697796133315
SPOC,57,DetrendedTESSCut,354,152,0.6447368421052632,0.4190762854849542,0.423824133007776
SPOC,58,Official,354,152,0.7368421052631579,0.6450682807235955,0.6873725463737536
SPOC,58,OriginalTESSCut,354,152,0.6052631578947368,0.3770835039668889,0.3662828291262585
SPOC,58,DetrendedTESSCut,354,152,0.5855263157894737,0.36148732397442407,0.34978770724836555
SPOC,59,Official,354,152,0.7302631578947368,0.6084541418906744,0.628130513435173
SPOC,59,OriginalTESSCut,354,152,0.631578947368421,0.3919106043977045,0.3784442552386358
SPOC,59,DetrendedTESSCut,354,152,0.5921052631578947,0.35415253820826575,0.3313271357050901
SPOC,60,Official,354,152,0.7697368421052632,0.6486709693624039,0.6637418726892362
SPOC,60,OriginalTESSCut,354,152,0.6710526315789473,0.42173734991072453,0.39513910592341966
SPOC,60,DetrendedTESSCut,354,152,0.6447368421052632,0.39131406948744407,0.37229420643109185
SPOC,61,Official,354,152,0.7894736842105263,0.6081622902572335,0.6133848523162669
SPOC,61,OriginalTESSCut,354,152,0.625,0.39676587984121525,0.39540904085750145
SPOC,61,DetrendedTESSCut,354,152,0.5789473684210527,0.36306425104154727,0.35636425006630185
SPOC,62,Official,354,152,0.7697368421052632,0.560158020323139,0.5750612860957688
SPOC,62,OriginalTESSCut,354,152,0.6776315789473685,0.4701519594192453,0.46964804033769547
SPOC,62,DetrendedTESSCut,354,152,0.6447368421052632,0.41047963044867075,0.38538489387586045
SPOC,63,Official,354,152,0.743421052631579,0.5910598937430723,0.619059558021472
SPOC,63,OriginalTESSCut,354,152,0.6118421052631579,0.3827447158200512,0.36577965349423647
SPOC,63,DetrendedTESSCut,354,152,0.5986842105263158,0.35681360263403605,0.33279171961944465
SPOC,64,Official,354,152,0.7828947368421053,0.6509765699652181,0.6649803873747536
SPOC,64,OriginalTESSCut,354,152,0.5921052631578947,0.3729063945266216,0.355536097004294
SPOC,64,DetrendedTESSCut,354,152,0.5789473684210527,0.3753444067685554,0.37318437564099166
SPOC,65,Official,354,152,0.7894736842105263,0.61722252253728,0.633860066672248
SPOC,65,OriginalTESSCut,354,152,0.7039473684210527,0.45410121163475137,0.4473924034899645
SPOC,65,DetrendedTESSCut,354,152,0.6973684210526315,0.43478904232258203,0.4252622277530403
SPOC,66,Official,354,152,0.743421052631579,0.5844914574016742,0.5914785164785166
SPOC,66,OriginalTESSCut,354,152,0.5855263157894737,0.35014988451520956,0.3243161255583616
SPOC,66,DetrendedTESSCut,354,152,0.5592105263157895,0.3323316461087359,0.30451816797572495
SPOC,67,Official,354,152,0.7697368421052632,0.5877414123544155,0.5987008339949518
SPOC,67,OriginalTESSCut,354,152,0.6052631578947368,0.3866092245865207,0.3755285579731847
SPOC,67,DetrendedTESSCut,354,152,0.5394736842105263,0.32892689239438466,0.30897066151527075
SPOC,68,Official,354,152,0.743421052631579,0.5885473487640671,0.606878388403812
SPOC,68,OriginalTESSCut,354,152,0.618421052631579,0.3803151670024735,0.3592324925658259
SPOC,68,DetrendedTESSCut,354,152,0.625,0.3887081538268328,0.37419741883444246
SPOC,69,Official,354,152,0.743421052631579,0.6510977880430925,0.6619365662417673
SPOC,69,OriginalTESSCut,354,152,0.625,0.39914737824954544,0.3830103647434988
SPOC,69,DetrendedTESSCut,354,152,0.6118421052631579,0.39544367454584173,0.3779306571704233
SPOC,70,Official,354,152,0.7368421052631579,0.6242135840691052,0.6527632723035022
SPOC,70,OriginalTESSCut,354,152,0.625,0.41533490589218147,0.4107787469097847
SPOC,70,DetrendedTESSCut,354,152,0.618421052631579,0.388973250118761,0.3689622769791546
SPOC,71,Official,354,152,0.7828947368421053,0.6213294674594984,0.6125505378425976
SPOC,71,OriginalTESSCut,354,152,0.5921052631578947,0.3630972856979049,0.3421178517068928
SPOC,71,DetrendedTESSCut,354,152,0.5723684210526315,0.3652085005542178,0.3512237485682402
SPOC,72,Official,354,152,0.7631578947368421,0.609044124472401,0.6433326902473959
SPOC,72,OriginalTESSCut,354,152,0.6842105263157895,0.44635799738998905,0.44368893082989413
SPOC,72,DetrendedTESSCut,354,152,0.631578947368421,0.41002124046499694,0.4116286286080649
SPOC,73,Official,354,152,0.7763157894736842,0.5982811058146456,0.6059584394740334
SPOC,73,OriginalTESSCut,354,152,0.6447368421052632,0.4276461851797249,0.4167679896315578
SPOC,73,DetrendedTESSCut,354,152,0.5592105263157895,0.35956012034443413,0.34625564678418486
SPOC,74,Official,354,152,0.8026315789473685,0.6906539223876684,0.7132175641728125
SPOC,74,OriginalTESSCut,354,152,0.6447368421052632,0.39176727221102864,0.37257126411654873
SPOC,74,DetrendedTESSCut,354,152,0.6447368421052632,0.3939614832287691,0.37379392041075754
SPOC,75,Official,354,152,0.7697368421052632,0.5861164348780448,0.5973814879078038
SPOC,75,OriginalTESSCut,354,152,0.5986842105263158,0.3768080331547824,0.36837093260243164
SPOC,75,DetrendedTESSCut,354,152,0.5921052631578947,0.36102838796337244,0.34935889914565
SPOC,76,Official,354,152,0.7368421052631579,0.5621474710741996,0.5683511114883664
SPOC,76,OriginalTESSCut,354,152,0.631578947368421,0.389605549822268,0.37192464004058207
SPOC,76,DetrendedTESSCut,354,152,0.6381578947368421,0.3771217258833358,0.35208197422785276
SPOC,77,Official,354,152,0.7763157894736842,0.611860806700848,0.6468023574666675
SPOC,77,OriginalTESSCut,354,152,0.6776315789473685,0.4114755843858011,0.38741365769614355
SPOC,77,DetrendedTESSCut,354,152,0.618421052631579,0.36557160876046324,0.3370189666637754
SPOC,78,Official,354,152,0.8092105263157895,0.6672632015769271,0.695005345740091
SPOC,78,OriginalTESSCut,354,152,0.6578947368421053,0.4020852785558668,0.3802309882958774
SPOC,78,DetrendedTESSCut,354,152,0.6052631578947368,0.37887228965660336,0.36253114894945837
SPOC,79,Official,354,152,0.7763157894736842,0.6472605806455136,0.6724810957974512
SPOC,79,OriginalTESSCut,354,152,0.6447368421052632,0.3995604479608607,0.38138504227982273
SPOC,79,DetrendedTESSCut,354,152,0.6381578947368421,0.40600302499167307,0.3974108205963529
SPOC,80,Official,354,152,0.7960526315789473,0.7118556194407587,0.7337968998985949
SPOC,80,OriginalTESSCut,354,152,0.5789473684210527,0.36824495880223435,0.3524544385655497
SPOC,80,DetrendedTESSCut,354,152,0.5723684210526315,0.3608375513948269,0.342423781891867
SPOC,81,Official,354,152,0.7763157894736842,0.6037102560322375,0.6058024948185131
SPOC,81,OriginalTESSCut,354,152,0.618421052631579,0.3973506751628526,0.38438669842178613
SPOC,81,DetrendedTESSCut,354,152,0.6513157894736842,0.41904379685597437,0.40833290439258424
SPOC,82,Official,354,152,0.8157894736842105,0.6832951114168864,0.6944224800442038
SPOC,82,OriginalTESSCut,354,152,0.5921052631578947,0.3610360323466619,0.3494122969899183
SPOC,82,DetrendedTESSCut,354,152,0.5986842105263158,0.36414511223592755,0.3479525031690126
SPOC,83,Official,354,152,0.7631578947368421,0.5271495732796042,0.5258906525573193
SPOC,83,OriginalTESSCut,354,152,0.625,0.3908349304634134,0.38577565127952723
SPOC,83,DetrendedTESSCut,354,152,0.5986842105263158,0.3689706291873474,0.35391950589690707
SPOC,84,Official,354,152,0.7368421052631579,0.535186004226252,0.5367632907613312
SPOC,84,OriginalTESSCut,354,152,0.6578947368421053,0.39753222926597537,0.3673713287107503
SPOC,84,DetrendedTESSCut,354,152,0.625,0.3838708972867899,0.3649898482870819
SPOC,85,Official,354,152,0.7631578947368421,0.5415182837267462,0.5446273292235406
SPOC,85,OriginalTESSCut,354,152,0.625,0.3768039379494488,0.34691183728479424
SPOC,85,DetrendedTESSCut,354,152,0.6118421052631579,0.38032090028994053,0.36544304558853125
SPOC,86,Official,354,152,0.7763157894736842,0.5739976302411802,0.5844232531047947
SPOC,86,OriginalTESSCut,354,152,0.6776315789473685,0.43412316193533945,0.4278188223320242
SPOC,86,DetrendedTESSCut,354,152,0.6578947368421053,0.40916725364609774,0.39370088765141237
SPOC,87,Official,354,152,0.75,0.5875675026345821,0.5824014498101255
SPOC,87,OriginalTESSCut,354,152,0.5460526315789473,0.32337461300309595,0.2965841588368308
SPOC,87,DetrendedTESSCut,354,152,0.6118421052631579,0.3779931855783249,0.3650705151302523
SPOC,88,Official,354,152,0.75,0.5913621198966916,0.6156303155713458
SPOC,88,OriginalTESSCut,354,152,0.6513157894736842,0.40515367940548536,0.3907180168674422
SPOC,88,DetrendedTESSCut,354,152,0.6513157894736842,0.4148331067319716,0.39923859933480765
SPOC,89,Official,354,152,0.7697368421052632,0.5773363146428162,0.5770289070521311
SPOC,89,OriginalTESSCut,354,152,0.6118421052631579,0.3723942208462332,0.358704525371192
SPOC,89,DetrendedTESSCut,354,152,0.5855263157894737,0.3499631431519976,0.3241222207703092
SPOC,90,Official,354,152,0.7828947368421053,0.616645371598932,0.6202227178254576
SPOC,90,OriginalTESSCut,354,152,0.6644736842105263,0.4120702082002391,0.38871772824525014
SPOC,90,DetrendedTESSCut,354,152,0.625,0.3758112601765852,0.347114506694247
SPOC,91,Official,354,152,0.8026315789473685,0.6884823715061074,0.7067172907308132
SPOC,91,OriginalTESSCut,354,152,0.6710526315789473,0.41069421920815113,0.37942072796786025
SPOC,91,DetrendedTESSCut,354,152,0.6578947368421053,0.3994119285140957,0.3685485988670893
SPOC,92,Official,354,152,0.7368421052631579,0.6227073675474089,0.6480876336139495
SPOC,92,OriginalTESSCut,354,152,0.5460526315789473,0.3378282307074877,0.32386498515530776
SPOC,92,DetrendedTESSCut,354,152,0.5460526315789473,0.33783341796757693,0.3292585481633362
SPOC,93,Official,354,152,0.7368421052631579,0.5680057988107524,0.5722877945100167
SPOC,93,OriginalTESSCut,354,152,0.5986842105263158,0.36840904002926705,0.3465320810221569
SPOC,93,DetrendedTESSCut,354,152,0.631578947368421,0.3879650105656297,0.36182089497618913
SPOC,94,Official,354,152,0.7763157894736842,0.6048443548959545,0.6155282409300917
SPOC,94,OriginalTESSCut,354,152,0.6447368421052632,0.3995326005645923,0.3810897894256956
SPOC,94,DetrendedTESSCut,354,152,0.6710526315789473,0.4306943830163645,0.4158111434348316
SPOC,95,Official,354,152,0.75,0.5934635062602038,0.6054840859848082
SPOC,95,OriginalTESSCut,354,152,0.5855263157894737,0.35546873720248334,0.3302605323065681
SPOC,95,DetrendedTESSCut,354,152,0.5855263157894737,0.38049726713297405,0.3729365852335719
SPOC,96,Official,354,152,0.7631578947368421,0.5692960615045238,0.5670194003527338
SPOC,96,OriginalTESSCut,354,152,0.5921052631578947,0.3648180909790817,0.33980305555629003
SPOC,96,DetrendedTESSCut,354,152,0.6118421052631579,0.3675569643061903,0.342136596064895
SPOC,97,Official,354,152,0.75,0.6266100982303253,0.6343878140211079
SPOC,97,OriginalTESSCut,354,152,0.6447368421052632,0.39920580317897136,0.37981065092111144
SPOC,97,DetrendedTESSCut,354,152,0.6513157894736842,0.4231054215058343,0.4192496487385296
SPOC,98,Official,354,152,0.7171052631578947,0.5723669194773426,0.5737200435729847
SPOC,98,OriginalTESSCut,354,152,0.625,0.40857262983165976,0.4016327732174727
SPOC,98,DetrendedTESSCut,354,152,0.6052631578947368,0.37450079446983475,0.350603685248322
SPOC,99,Official,354,152,0.7960526315789473,0.5715162088227104,0.5923247904596542
SPOC,99,OriginalTESSCut,354,152,0.6513157894736842,0.4265822508340568,0.4284065598775629
SPOC,99,DetrendedTESSCut,354,152,0.6118421052631579,0.3978642139116856,0.3889890746312948
SPOC,100,Official,354,152,0.7697368421052632,0.628202587077716,0.6586278850390768
SPOC,100,OriginalTESSCut,354,152,0.6644736842105263,0.40749122260990167,0.3935665039230404
SPOC,100,DetrendedTESSCut,354,152,0.6447368421052632,0.3914470271539415,0.3741918334448046
SPOC,101,Official,354,152,0.7828947368421053,0.6568018630454131,0.6669179310806853
SPOC,101,OriginalTESSCut,354,152,0.631578947368421,0.4004701295722967,0.38545365512267665
SPOC,101,DetrendedTESSCut,354,152,0.6052631578947368,0.3637754517011483,0.33636252185344834
SPOC,102,Official,354,152,0.7171052631578947,0.5512678755712811,0.5718810233619243
SPOC,102,OriginalTESSCut,354,152,0.5657894736842105,0.34891012935388577,0.3305390843205969
SPOC,102,DetrendedTESSCut,354,152,0.5921052631578947,0.39583080795671094,0.3983750305099452
SPOC,103,Official,354,152,0.7302631578947368,0.49797778760627054,0.47510326742782877
SPOC,103,OriginalTESSCut,354,152,0.6118421052631579,0.3885050316422865,0.36256855934230425
SPOC,103,DetrendedTESSCut,354,152,0.5921052631578947,0.3622037118941143,0.3322857398461263
SPOC,104,Official,354,152,0.7697368421052632,0.5523525589573061,0.5508414233701591
SPOC,104,OriginalTESSCut,354,152,0.5855263157894737,0.3726931708355856,0.3670572803251019
SPOC,104,DetrendedTESSCut,354,152,0.5460526315789473,0.32964928661523085,0.31731350649801643
SPOC,105,Official,354,152,0.7828947368421053,0.6066631720914486,0.5963666963666964
SPOC,105,OriginalTESSCut,354,152,0.5789473684210527,0.36419834990526423,0.35025862823400444
SPOC,105,DetrendedTESSCut,354,152,0.6052631578947368,0.37160575731267165,0.3616564730092127
SPOC,106,Official,354,152,0.75,0.5880239815224334,0.582863776281403
SPOC,106,OriginalTESSCut,354,152,0.6513157894736842,0.40703337865360567,0.3943669738806809
SPOC,106,DetrendedTESSCut,354,152,0.618421052631579,0.37865578980130066,0.35069613534822774
SPOC,107,Official,354,152,0.756578947368421,0.6322311770712183,0.6418956442764481
SPOC,107,OriginalTESSCut,354,152,0.6644736842105263,0.4093365221332197,0.39022789022789023
SPOC,107,DetrendedTESSCut,354,152,0.6118421052631579,0.3792400390955602,0.3659990036801631
SPOC,108,Official,354,152,0.8026315789473685,0.6237207943606292,0.6366444702453377
SPOC,108,OriginalTESSCut,354,152,0.6776315789473685,0.41934656903697154,0.39620312752842873
SPOC,108,DetrendedTESSCut,354,152,0.6513157894736842,0.4048793006481345,0.3870177699445992
SPOC,109,Official,354,152,0.7828947368421053,0.6176257637557947,0.6462342684564906
SPOC,109,OriginalTESSCut,354,152,0.5986842105263158,0.39741292228392333,0.3875133892960718
SPOC,109,DetrendedTESSCut,354,152,0.5657894736842105,0.3486526774452471,0.3198275637773355
SPOC,110,Official,354,152,0.756578947368421,0.602160630334005,0.6385259160013843
SPOC,110,OriginalTESSCut,354,152,0.6052631578947368,0.3670475207626911,0.34896822545968886
SPOC,110,DetrendedTESSCut,354,152,0.5986842105263158,0.36377954690648195,0.3439059165086562
SPOC,111,Official,354,152,0.7368421052631579,0.5345744535631016,0.5332942100965357
SPOC,111,OriginalTESSCut,354,152,0.6907894736842105,0.4128261831048209,0.3787487208004603
SPOC,111,DetrendedTESSCut,354,152,0.6644736842105263,0.40593231444624633,0.37337798212298295
SPOC,112,Official,354,152,0.7960526315789473,0.6954917249550892,0.70944981679633
SPOC,112,OriginalTESSCut,354,152,0.6776315789473685,0.4330027137560677,0.42831030071267356
SPOC,112,DetrendedTESSCut,354,152,0.631578947368421,0.3841108763193386,0.36518911484428723
SPOC,113,Official,354,152,0.756578947368421,0.56639119585456,0.5721216414878386
SPOC,113,OriginalTESSCut,354,152,0.6381578947368421,0.3921907164425224,0.37779303131860764
SPOC,113,DetrendedTESSCut,354,152,0.5723684210526315,0.34243970492680503,0.3295734786962857
SPOC,114,Official,354,152,0.7302631578947368,0.5653226202761806,0.5650670450420564
SPOC,114,OriginalTESSCut,354,152,0.5986842105263158,0.3785222861074254,0.34857009070810396
SPOC,114,DetrendedTESSCut,354,152,0.5526315789473685,0.3576850623290252,0.34508295625942687
SPOC,115,Official,354,152,0.7894736842105263,0.6927424771078022,0.6661755188799242
SPOC,115,OriginalTESSCut,354,152,0.618421052631579,0.37874916048290663,0.360267185248653
SPOC,115,DetrendedTESSCut,354,152,0.618421052631579,0.40896303940679585,0.41165119210202683
SPOC,116,Official,354,152,0.7960526315789473,0.6754189395056268,0.7123273213827935
SPOC,116,OriginalTESSCut,354,152,0.6578947368421053,0.40533769063180825,0.3753942796043839
SPOC,116,DetrendedTESSCut,354,152,0.6513157894736842,0.4077082684925822,0.386161886801273
SPOC,117,Official,354,152,0.7763157894736842,0.6890769953205454,0.6782954045263043
SPOC,117,OriginalTESSCut,354,152,0.618421052631579,0.41118973905351613,0.4087395696091348
SPOC,117,DetrendedTESSCut,354,152,0.6052631578947368,0.3955812734450505,0.3938535938535938
SPOC,118,Official,354,152,0.8092105263157895,0.6660889697009408,0.68769008270663
SPOC,118,OriginalTESSCut,354,152,0.6447368421052632,0.4038587754790025,0.39022460025170047
SPOC,118,DetrendedTESSCut,354,152,0.618421052631579,0.3866526337630568,0.3691208791208791
SPOC,119,Official,354,152,0.75,0.6094195182946474,0.6483081244340513
SPOC,119,OriginalTESSCut,354,152,0.5723684210526315,0.3528797483905843,0.3326865695477708
SPOC,119,DetrendedTESSCut,354,152,0.6118421052631579,0.37834783036021424,0.3569838976768872
SPOC,120,Official,354,152,0.756578947368421,0.5882101768582677,0.5802183860685077
SPOC,120,OriginalTESSCut,354,152,0.5921052631578947,0.37491386418114997,0.35944120355810116
SPOC,120,DetrendedTESSCut,354,152,0.625,0.3988997548337074,0.38710665209847006
SPOC,121,Official,354,152,0.756578947368421,0.5953710529045926,0.6143346630801828
SPOC,121,OriginalTESSCut,354,152,0.5723684210526315,0.36393052347644717,0.3551280408083714
SPOC,121,DetrendedTESSCut,354,152,0.618421052631579,0.394827755663669,0.38948885535460664
SPOC,122,Official,354,152,0.7697368421052632,0.5994321315270748,0.6135559267979359
SPOC,122,OriginalTESSCut,354,152,0.6381578947368421,0.3886530050616737,0.36039742897937715
SPOC,122,DetrendedTESSCut,354,152,0.618421052631579,0.3664307828394516,0.3423904052936311
SPOC,123,Official,354,152,0.7631578947368421,0.6660332749084038,0.6876017916352772
SPOC,123,OriginalTESSCut,354,152,0.625,0.3962146652033133,0.3782276221762361
SPOC,123,DetrendedTESSCut,354,152,0.618421052631579,0.41294876625113985,0.4128591483663947
SPOC,124,Official,354,152,0.75,0.5436950218683965,0.5453342953342954
SPOC,124,OriginalTESSCut,354,152,0.6447368421052632,0.4018149950038495,0.38441528899729677
SPOC,124,DetrendedTESSCut,354,152,0.6381578947368421,0.37903582485625825,0.36169804834188396
SPOC,125,Official,354,152,0.7302631578947368,0.5668820744672138,0.5527124061528627
SPOC,125,OriginalTESSCut,354,152,0.625,0.3762568185168804,0.36284153536295516
SPOC,125,DetrendedTESSCut,354,152,0.625,0.38090323848837776,0.36272278895934806
SPOC,126,Official,354,152,0.8223684210526315,0.6801256955023725,0.6905306358207955
SPOC,126,OriginalTESSCut,354,152,0.6447368421052632,0.39558700673251757,0.36474086378552584
SPOC,126,DetrendedTESSCut,354,152,0.5855263157894737,0.36098607084159196,0.34044770889607423
SPOC,127,Official,354,152,0.75,0.6277889713390229,0.6682568838433404
SPOC,127,OriginalTESSCut,354,152,0.5723684210526315,0.3610308450865727,0.35122832008796917
SPOC,127,DetrendedTESSCut,354,152,0.5723684210526315,0.36469632687382947,0.3561951766252841
SPOC,128,Official,354,152,0.7171052631578947,0.5560349675932751,0.5660917419859581
SPOC,128,OriginalTESSCut,354,152,0.5921052631578947,0.367528570882544,0.3535784634018444
SPOC,128,DetrendedTESSCut,354,152,0.5855263157894737,0.37043862379259695,0.3712006512006512
SPOC,129,Official,354,152,0.8026315789473685,0.5902992776057792,0.5838507460183527
SPOC,129,OriginalTESSCut,354,152,0.6710526315789473,0.41101719440212725,0.3987319126907228
SPOC,129,DetrendedTESSCut,354,152,0.6578947368421053,0.4119612757383655,0.3980567670880409
SPOC,130,Official,354,152,0.7631578947368421,0.627033542461819,0.6654157124115623
SPOC,130,OriginalTESSCut,354,152,0.631578947368421,0.3844259341163366,0.3594936944852267
SPOC,130,DetrendedTESSCut,354,152,0.6381578947368421,0.4051438509126848,0.3952590754008198
SPOC,131,Official,354,152,0.7697368421052632,0.6443076645863024,0.6491594101938929
SPOC,131,OriginalTESSCut,354,152,0.6513157894736842,0.4276027760031888,0.4219423625009778
SPOC,131,DetrendedTESSCut,354,152,0.6052631578947368,0.39819947472166256,0.3952032905542894
SPOC,132,Official,354,152,0.7697368421052632,0.5803746839866551,0.5780066575917827
SPOC,132,OriginalTESSCut,354,152,0.618421052631579,0.368624993857192,0.34275554974479705
SPOC,132,DetrendedTESSCut,354,152,0.6118421052631579,0.3614043278129966,0.33303507029635276
SPOC,133,Official,354,152,0.743421052631579,0.5717548227868146,0.5699685487019676
SPOC,133,OriginalTESSCut,354,152,0.6578947368421053,0.41632048530913335,0.39931956391035867
SPOC,133,DetrendedTESSCut,354,152,0.6447368421052632,0.4004196220398491,0.3864619360121739
SPOC,134,Official,354,152,0.7697368421052632,0.5793970219666814,0.575108868266763
SPOC,134,OriginalTESSCut,354,152,0.6776315789473685,0.41621947024423805,0.3991819252196113
SPOC,134,DetrendedTESSCut,354,152,0.6447368421052632,0.38599521680017035,0.3710644723302951
SPOC,135,Official,354,152,0.756578947368421,0.5346126754795486,0.5283904277792223
SPOC,135,OriginalTESSCut,354,152,0.5921052631578947,0.35956421554976775,0.3485295514776569
SPOC,135,DetrendedTESSCut,354,152,0.6118421052631579,0.37185474579695427,0.3541085326331228
SPOC,136,Official,354,152,0.75,0.556927722355999,0.549287632620966
SPOC,136,OriginalTESSCut,354,152,0.6513157894736842,0.4062001408750635,0.3987733683385857
SPOC,136,DetrendedTESSCut,354,152,0.6710526315789473,0.437346361546568,0.4401389995418426
SPOC,137,Official,354,152,0.8026315789473685,0.6157517977951413,0.6171277892476388
SPOC,137,OriginalTESSCut,354,152,0.6513157894736842,0.3958237096007994,0.37652529652529654
SPOC,137,DetrendedTESSCut,354,152,0.6052631578947368,0.3647623961865448,0.3472192339308078
SPOC,138,Official,354,152,0.7368421052631579,0.6021379701978257,0.6161182713143033
SPOC,138,OriginalTESSCut,354,152,0.5789473684210527,0.35554081281635463,0.3454810365921477
SPOC,138,DetrendedTESSCut,354,152,0.5592105263157895,0.34013656144719095,0.32489315601567775
SPOC,139,Official,354,152,0.743421052631579,0.5823095319999345,0.5913752196037053
SPOC,139,OriginalTESSCut,354,152,0.6578947368421053,0.4132283322685799,0.400670391826561
SPOC,139,DetrendedTESSCut,354,152,0.5789473684210527,0.35149474994676233,0.33767755527989446
SPOC,140,Official,354,152,0.7763157894736842,0.6668872617273031,0.6499789666456333
SPOC,140,OriginalTESSCut,354,152,0.6381578947368421,0.38390666208003665,0.363164069046422
SPOC,140,DetrendedTESSCut,354,152,0.5855263157894737,0.34403738103428505,0.32157433787063416
SPOC,141,Official,354,152,0.7697368421052632,0.6112331482300521,0.6084585408604439
SPOC,141,OriginalTESSCut,354,152,0.6578947368421053,0.4145011220862614,0.4114854281793918
SPOC,141,DetrendedTESSCut,354,152,0.631578947368421,0.3848436450603633,0.3769166019166019
QLP,42,Official,948,407,0.6805896805896806,0.41711035666515117,0.44028574911438395
QLP,42,OriginalTESSCut,948,407,0.5184275184275184,0.2645903547872726,0.26115779645191406
QLP,42,DetrendedTESSCut,948,407,0.4914004914004914,0.2510133063072561,0.25527998903571053
QLP,43,Official,948,407,0.6707616707616708,0.421681529087351,0.45774211174983
QLP,43,OriginalTESSCut,948,407,0.5405405405405406,0.2851981230548582,0.2852895574926056
QLP,43,DetrendedTESSCut,948,407,0.4914004914004914,0.24764806688322671,0.2504613743316561
QLP,44,Official,948,407,0.6904176904176904,0.43464990742388004,0.47036294253694105
QLP,44,OriginalTESSCut,948,407,0.5454545454545454,0.2852380622928568,0.2907265999779176
QLP,44,DetrendedTESSCut,948,407,0.48402948402948404,0.2391277967761986,0.24872447144092913
QLP,45,Official,948,407,0.6535626535626535,0.4320260456818676,0.4516577832147577
QLP,45,OriginalTESSCut,948,407,0.5307125307125307,0.2767816167216852,0.2767193881137709
QLP,45,DetrendedTESSCut,948,407,0.4914004914004914,0.24580077245602355,0.24925402483034576
QLP,46,Official,948,407,0.6609336609336609,0.41321606475716066,0.44121533170443583
QLP,46,OriginalTESSCut,948,407,0.5528255528255528,0.3010922787891966,0.29794848403589086
QLP,46,DetrendedTESSCut,948,407,0.4987714987714988,0.2595528287879886,0.26160050197512963
QLP,47,Official,948,407,0.683046683046683,0.4281297496052062,0.461318532126504
QLP,47,OriginalTESSCut,948,407,0.5307125307125307,0.285175123160283,0.2901904755301853
QLP,47,DetrendedTESSCut,948,407,0.4987714987714988,0.2499425997856363,0.2595926105089151
QLP,48,Official,948,407,0.687960687960688,0.44046319083419544,0.4760077940344733
QLP,48,OriginalTESSCut,948,407,0.5331695331695332,0.2716141286204071,0.281221708011624
QLP,48,DetrendedTESSCut,948,407,0.5110565110565111,0.26597733559776937,0.28090822256122167
QLP,49,Official,948,407,0.6977886977886978,0.4566414374776246,0.48264445507677667
QLP,49,OriginalTESSCut,948,407,0.5085995085995086,0.2720022715741894,0.2696718658512448
QLP,49,DetrendedTESSCut,948,407,0.48402948402948404,0.2476268789767648,0.248253898139999
QLP,50,Official,948,407,0.6584766584766585,0.39804064371701364,0.42861545276145996
QLP,50,OriginalTESSCut,948,407,0.5036855036855037,0.26915153382048357,0.26672218926820657
QLP,50,DetrendedTESSCut,948,407,0.4643734643734644,0.23105169025545738,0.23708322672925133
QLP,51,Official,948,407,0.6855036855036855,0.4418181529910982,0.4725527710174782
QLP,51,OriginalTESSCut,948,407,0.5257985257985258,0.2785223333025844,0.28242277583387265
QLP,51,DetrendedTESSCut,948,407,0.5012285012285013,0.24793141652445305,0.25199061014210244
QLP,52,Official,948,407,0.6781326781326781,0.40308785424367616,0.42740995387905883
QLP,52,OriginalTESSCut,948,407,0.542997542997543,0.292174229246147,0.29524651999393287
QLP,52,DetrendedTESSCut,948,407,0.44717444717444715,0.21725138973997424,0.2229544982606947
QLP,53,Official,948,407,0.6732186732186732,0.43372582094043277,0.46198212480000933
QLP,53,OriginalTESSCut,948,407,0.5503685503685504,0.29349227900883146,0.3032055827373611
QLP,53,DetrendedTESSCut,948,407,0.4987714987714988,0.2509379097564029,0.2560693237872199
QLP,54,Official,948,407,0.6658476658476659,0.4207757889835515,0.4455536665926794
QLP,54,OriginalTESSCut,948,407,0.5110565110565111,0.2840452524813255,0.29362099379299245
QLP,54,DetrendedTESSCut,948,407,0.4864864864864865,0.25336109381486094,0.2664153257046296
QLP,55,Official,948,407,0.6732186732186732,0.4771837133566586,0.4827970955247511
QLP,55,OriginalTESSCut,948,407,0.5233415233415234,0.2835455693047017,0.2875076091018664
QLP,55,DetrendedTESSCut,948,407,0.5110565110565111,0.2600998226997085,0.27170666688095985
QLP,56,Official,948,407,0.6732186732186732,0.44247711953191404,0.4658331795834795
QLP,56,OriginalTESSCut,948,407,0.5135135135135135,0.2761276400117725,0.27372629812210775
QLP,56,DetrendedTESSCut,948,407,0.4594594594594595,0.23019605436842883,0.23466719548590895
QLP,57,Official,948,407,0.683046683046683,0.464716329142699,0.4995778122930747
QLP,57,OriginalTESSCut,948,407,0.5307125307125307,0.27574095213935396,0.2749326662599311
QLP,57,DetrendedTESSCut,948,407,0.4987714987714988,0.24968912049391503,0.2540615839987346
QLP,58,Official,948,407,0.6511056511056511,0.3824965242773462,0.4038504555569104
QLP,58,OriginalTESSCut,948,407,0.547911547911548,0.3072582478404396,0.303241461852077
QLP,58,DetrendedTESSCut,948,407,0.48894348894348894,0.25696699820558266,0.26136607076233154
QLP,59,Official,948,407,0.6855036855036855,0.4584793081939201,0.4869569830001805
QLP,59,OriginalTESSCut,948,407,0.5528255528255528,0.2930744578861017,0.2972372837377599
QLP,59,DetrendedTESSCut,948,407,0.5036855036855037,0.25251554740709997,0.2625995930615101
QLP,60,Official,948,407,0.6732186732186732,0.4078622850597736,0.4417665260702352
QLP,60,OriginalTESSCut,948,407,0.5036855036855037,0.2641407071915063,0.26316482743600955
QLP,60,DetrendedTESSCut,948,407,0.4864864864864865,0.2362287667938353,0.23563739240319073
QLP,61,Official,948,407,0.6535626535626535,0.43332539215815474,0.4572368002159769
QLP,61,OriginalTESSCut,948,407,0.5208845208845209,0.2872635904599375,0.2929315530584967
QLP,61,DetrendedTESSCut,948,407,0.47911547911547914,0.24710983091405467,0.2539374080366243
QLP,62,Official,948,407,0.6928746928746928,0.46251450963208957,0.48341761237547093
QLP,62,OriginalTESSCut,948,407,0.5307125307125307,0.2930529405272556,0.2947548987988446
QLP,62,DetrendedTESSCut,948,407,0.5036855036855037,0.2560759530508389,0.2678201954942166
QLP,63,Official,948,407,0.6658476658476659,0.43456602061054117,0.44325242359756145
QLP,63,OriginalTESSCut,948,407,0.5454545454545454,0.28794834351341203,0.2895747313074557
QLP,63,DetrendedTESSCut,948,407,0.4864864864864865,0.2436908838878017,0.24390890897621537
QLP,64,Official,948,407,0.6756756756756757,0.4509115672928458,0.4671023386698299
QLP,64,OriginalTESSCut,948,407,0.5061425061425061,0.2717786420411991,0.27502241973043484
QLP,64,DetrendedTESSCut,948,407,0.4619164619164619,0.23248245391510233,0.2347429119595033
QLP,65,Official,948,407,0.6560196560196561,0.42115899015157005,0.4433639061996141
QLP,65,OriginalTESSCut,948,407,0.4914004914004914,0.2434382625449977,0.24367816895762542
QLP,65,DetrendedTESSCut,948,407,0.4668304668304668,0.22105069640743158,0.21697721975403336
QLP,66,Official,948,407,0.6560196560196561,0.4541381347174726,0.476896186246266
QLP,66,OriginalTESSCut,948,407,0.5036855036855037,0.26425224741434783,0.2666507729048166
QLP,66,DetrendedTESSCut,948,407,0.4643734643734644,0.2316344983867815,0.2342904732253298
QLP,67,Official,948,407,0.6658476658476659,0.43015450905005703,0.46432397876433185
QLP,67,OriginalTESSCut,948,407,0.5061425061425061,0.2627756761461099,0.26395874348878223
QLP,67,DetrendedTESSCut,948,407,0.4643734643734644,0.22637341149042062,0.22656496092699607
QLP,68,Official,948,407,0.6756756756756757,0.4358095111805157,0.4621836467643568
QLP,68,OriginalTESSCut,948,407,0.5257985257985258,0.2786207297480129,0.27883856988863687
QLP,68,DetrendedTESSCut,948,407,0.4692874692874693,0.23196062879282056,0.23426174439920144
QLP,69,Official,948,407,0.6609336609336609,0.44694701280032323,0.47468920529313213
QLP,69,OriginalTESSCut,948,407,0.515970515970516,0.27116271708166684,0.2691413792725546
QLP,69,DetrendedTESSCut,948,407,0.47911547911547914,0.23681157492515936,0.23745246064349126
QLP,70,Official,948,407,0.6805896805896806,0.4655637355837128,0.48058333006708165
QLP,70,OriginalTESSCut,948,407,0.5110565110565111,0.2803008202266193,0.27034393967984255
QLP,70,DetrendedTESSCut,948,407,0.47911547911547914,0.2503455612331183,0.2523085562727506
QLP,71,Official,948,407,0.6437346437346437,0.39673218239142893,0.43260068407607677
QLP,71,OriginalTESSCut,948,407,0.5528255528255528,0.3129974250550735,0.32043346268660616
QLP,71,DetrendedTESSCut,948,407,0.48894348894348894,0.25437525120744303,0.25772099262525694
QLP,72,Official,948,407,0.6461916461916462,0.42871203610358866,0.45913991703106316
QLP,72,OriginalTESSCut,948,407,0.5454545454545454,0.29735319327214305,0.2986360042121554
QLP,72,DetrendedTESSCut,948,407,0.47665847665847666,0.23667383637417883,0.24013295692862258
QLP,73,Official,948,407,0.687960687960688,0.48332959267605385,0.4905747357285355
QLP,73,OriginalTESSCut,948,407,0.5233415233415234,0.2760698279819284,0.2737319943326298
QLP,73,DetrendedTESSCut,948,407,0.4619164619164619,0.22977849406216982,0.2300994778118486
QLP,74,Official,948,407,0.7076167076167076,0.46851840183746574,0.5006852657037565
QLP,74,OriginalTESSCut,948,407,0.5307125307125307,0.27907949219307665,0.28695407156086405
QLP,74,DetrendedTESSCut,948,407,0.4914004914004914,0.250095204875456,0.25610258371598016
QLP,75,Official,948,407,0.683046683046683,0.45499641995075785,0.47534143477279717
QLP,75,OriginalTESSCut,948,407,0.5282555282555282,0.28777846962778475,0.29057756863177064
QLP,75,DetrendedTESSCut,948,407,0.49385749385749383,0.2574061994153318,0.2622195419693206
QLP,76,Official,948,407,0.6461916461916462,0.40162996567106163,0.433938134297425
QLP,76,OriginalTESSCut,948,407,0.515970515970516,0.273576738245688,0.2788545146527988
QLP,76,DetrendedTESSCut,948,407,0.48402948402948404,0.25023432987188693,0.250937956670713
QLP,77,Official,948,407,0.6511056511056511,0.43330193926655114,0.4609465289523959
QLP,77,OriginalTESSCut,948,407,0.49385749385749383,0.2639505994386131,0.26100734308957035
QLP,77,DetrendedTESSCut,948,407,0.47911547911547914,0.23764800648362291,0.24092773796768144
QLP,78,Official,948,407,0.7051597051597052,0.4991574667088366,0.5117203771078129
QLP,78,OriginalTESSCut,948,407,0.5405405405405406,0.2825815367196645,0.28513944164872507
QLP,78,DetrendedTESSCut,948,407,0.4987714987714988,0.24113718864004252,0.2429309741102158
QLP,79,Official,948,407,0.6683046683046683,0.44121329900439493,0.4671258916756902
QLP,79,OriginalTESSCut,948,407,0.4987714987714988,0.2607681443155187,0.25476582189220726
QLP,79,DetrendedTESSCut,948,407,0.44717444717444715,0.22012665796912373,0.21623232647502935
QLP,80,Official,948,407,0.6584766584766585,0.414030615186437,0.43971667774029627
QLP,80,OriginalTESSCut,948,407,0.4987714987714988,0.26700611930349377,0.2728306318038846
QLP,80,DetrendedTESSCut,948,407,0.4692874692874693,0.24099852350423123,0.24119153161305038
QLP,81,Official,948,407,0.6732186732186732,0.42720707015798337,0.4558084918370173
QLP,81,OriginalTESSCut,948,407,0.49385749385749383,0.25389716088917,0.25622712921835783
QLP,81,DetrendedTESSCut,948,407,0.48402948402948404,0.2356243658041603,0.23860341374465666
QLP,82,Official,948,407,0.687960687960688,0.4719358663279896,0.49656186153839005
QLP,82,OriginalTESSCut,948,407,0.5282555282555282,0.27765247605430254,0.27490776231650876
QLP,82,DetrendedTESSCut,948,407,0.47174447174447176,0.2263421546954652,0.22708198958726525
QLP,83,Official,948,407,0.6977886977886978,0.4583224819954272,0.4761377161209474
QLP,83,OriginalTESSCut,948,407,0.538083538083538,0.28832216901566216,0.2912402213483033
QLP,83,DetrendedTESSCut,948,407,0.4619164619164619,0.2309345905236316,0.2335361206937415
QLP,84,Official,948,407,0.6953316953316954,0.43822825449537783,0.47238239808107596
QLP,84,OriginalTESSCut,948,407,0.5184275184275184,0.2757821817325242,0.2786664221084172
QLP,84,DetrendedTESSCut,948,407,0.4692874692874693,0.23855224346091924,0.2422526790947844
QLP,85,Official,948,407,0.6633906633906634,0.4530156561263867,0.4644129856521854
QLP,85,OriginalTESSCut,948,407,0.5184275184275184,0.2764367349841094,0.28180800645727344
QLP,85,DetrendedTESSCut,948,407,0.48157248157248156,0.2371987844305196,0.23530337180243302
QLP,86,Official,948,407,0.6511056511056511,0.4054279133474339,0.4358647931112681
QLP,86,OriginalTESSCut,948,407,0.5307125307125307,0.27793537269850055,0.2795130882184335
QLP,86,DetrendedTESSCut,948,407,0.48894348894348894,0.233543750452997,0.23826713619288173
QLP,87,Official,948,407,0.7027027027027027,0.47517930446012635,0.5073133199236023
QLP,87,OriginalTESSCut,948,407,0.5110565110565111,0.2756917333258657,0.2761318905023352
QLP,87,DetrendedTESSCut,948,407,0.4692874692874693,0.2376360775618766,0.23857969523408862
QLP,88,Official,948,407,0.7125307125307125,0.4607834569877948,0.4807715158785586
QLP,88,OriginalTESSCut,948,407,0.5085995085995086,0.2598514018748037,0.25816700061202025
QLP,88,DetrendedTESSCut,948,407,0.4742014742014742,0.2317993618507317,0.22860781250689508
QLP,89,Official,948,407,0.6707616707616708,0.42827128372219697,0.4623888246384087
QLP,89,OriginalTESSCut,948,407,0.5405405405405406,0.3018886269742434,0.3115551516884464
QLP,89,DetrendedTESSCut,948,407,0.4987714987714988,0.26986616408705444,0.2777259696997795
QLP,90,Official,948,407,0.6805896805896806,0.407058661467908,0.43966984328115244
QLP,90,OriginalTESSCut,948,407,0.5085995085995086,0.2630503433442931,0.2635455747467117
QLP,90,DetrendedTESSCut,948,407,0.4668304668304668,0.2272928719133057,0.2305200073900722
QLP,91,Official,948,407,0.6855036855036855,0.4217673033883079,0.4386368855256941
QLP,91,OriginalTESSCut,948,407,0.5135135135135135,0.2782372197183841,0.2728353965697421
QLP,91,DetrendedTESSCut,948,407,0.457002457002457,0.2269535496847141,0.2251913263047214
QLP,92,Official,948,407,0.683046683046683,0.4051536030560003,0.430214261117777
QLP,92,OriginalTESSCut,948,407,0.5110565110565111,0.26197236141585456,0.26381283802937994
QLP,92,DetrendedTESSCut,948,407,0.4594594594594595,0.22203037798072045,0.22044481512177536
QLP,93,Official,948,407,0.683046683046683,0.45232011350732804,0.48755713328704264
QLP,93,OriginalTESSCut,948,407,0.4914004914004914,0.26288900776629087,0.2657567265045056
QLP,93,DetrendedTESSCut,948,407,0.44226044226044225,0.2325076501589059,0.23236467579998316
QLP,94,Official,948,407,0.6781326781326781,0.4138149542829908,0.43532620680367545
QLP,94,OriginalTESSCut,948,407,0.4963144963144963,0.25867509900044144,0.2590024980424824
QLP,94,DetrendedTESSCut,948,407,0.4594594594594595,0.2205872324023009,0.22325464261903377
QLP,95,Official,948,407,0.7002457002457002,0.4722366357640331,0.5065362418660595
QLP,95,OriginalTESSCut,948,407,0.5503685503685504,0.2988912966367304,0.3073016167552506
QLP,95,DetrendedTESSCut,948,407,0.48157248157248156,0.24400367833587014,0.2439551542622381
QLP,96,Official,948,407,0.6977886977886978,0.4929083246577539,0.5188404981542672
QLP,96,OriginalTESSCut,948,407,0.538083538083538,0.2965444151231822,0.29212479280739045
QLP,96,DetrendedTESSCut,948,407,0.48402948402948404,0.24564695251053698,0.2498823362908822
QLP,97,Official,948,407,0.7051597051597052,0.4491833287209999,0.4780681228096919
QLP,97,OriginalTESSCut,948,407,0.5528255528255528,0.3133662401356465,0.31958551334414353
QLP,97,DetrendedTESSCut,948,407,0.5012285012285013,0.26702811711373353,0.2807146824329863
QLP,98,Official,948,407,0.6953316953316954,0.473109739491018,0.5033460315111896
QLP,98,OriginalTESSCut,948,407,0.5528255528255528,0.28915812012273195,0.2936099250891854
QLP,98,DetrendedTESSCut,948,407,0.5012285012285013,0.24726999281793802,0.2573800224864198
QLP,99,Official,948,407,0.6928746928746928,0.48653392206474394,0.4956615316958467
QLP,99,OriginalTESSCut,948,407,0.538083538083538,0.2923546524716616,0.3022197076854641
QLP,99,DetrendedTESSCut,948,407,0.5012285012285013,0.25687795683514864,0.26290010664604935
QLP,100,Official,948,407,0.6584766584766585,0.4187351403247522,0.44353608509239106
QLP,100,OriginalTESSCut,948,407,0.547911547911548,0.29589537333544186,0.29915998023240575
QLP,100,DetrendedTESSCut,948,407,0.4987714987714988,0.2579760971313483,0.26132560240413044
QLP,101,Official,948,407,0.6904176904176904,0.49665337463568054,0.497624311002518
QLP,101,OriginalTESSCut,948,407,0.5503685503685504,0.3098742850883262,0.31901950487046654
QLP,101,DetrendedTESSCut,948,407,0.5085995085995086,0.26084332123144915,0.27552604283599774
QLP,102,Official,948,407,0.6683046683046683,0.423945429781617,0.4569020945482934
QLP,102,OriginalTESSCut,948,407,0.5601965601965602,0.30171602824285476,0.30283890205212
QLP,102,DetrendedTESSCut,948,407,0.5331695331695332,0.27143325239786426,0.27419454914917707
QLP,103,Official,948,407,0.6535626535626535,0.44725410360398943,0.4708924441287636
QLP,103,OriginalTESSCut,948,407,0.5135135135135135,0.26765518168200814,0.2605742473468602
QLP,103,DetrendedTESSCut,948,407,0.48894348894348894,0.24661191168040483,0.24840378394134388
QLP,104,Official,948,407,0.6781326781326781,0.5004722974471832,0.5065480539059822
QLP,104,OriginalTESSCut,948,407,0.5282555282555282,0.2814719685438864,0.2848542909004475
QLP,104,DetrendedTESSCut,948,407,0.48157248157248156,0.24928821812383456,0.252753896548342
QLP,105,Official,948,407,0.6511056511056511,0.40004452411701275,0.43080296360823955
QLP,105,OriginalTESSCut,948,407,0.5184275184275184,0.2711475897263569,0.2719741113100355
QLP,105,DetrendedTESSCut,948,407,0.5085995085995086,0.25586186390980914,0.26391354268753797
QLP,106,Official,948,407,0.6953316953316954,0.44454763854021845,0.46914125703884957
QLP,106,OriginalTESSCut,948,407,0.5233415233415234,0.2891764733659711,0.2919700155347255
QLP,106,DetrendedTESSCut,948,407,0.5233415233415234,0.27448247834948747,0.27541388964267055
QLP,107,Official,948,407,0.6633906633906634,0.44355867739143995,0.47114294425542497
QLP,107,OriginalTESSCut,948,407,0.5085995085995086,0.2795158793303771,0.27956140861486084
QLP,107,DetrendedTESSCut,948,407,0.45454545454545453,0.22704309209731585,0.22848998599613857
QLP,108,Official,948,407,0.6855036855036855,0.43939852427295345,0.4614321675963833
QLP,108,OriginalTESSCut,948,407,0.5257985257985258,0.28938235365176,0.28536518688179613
QLP,108,DetrendedTESSCut,948,407,0.4987714987714988,0.2519429042545481,0.2512674115151645
QLP,109,Official,948,407,0.6609336609336609,0.4116227026187072,0.44139793477851996
QLP,109,OriginalTESSCut,948,407,0.5184275184275184,0.268056111506454,0.26819747752026696
QLP,109,DetrendedTESSCut,948,407,0.47911547911547914,0.2370985759969778,0.24450125873319994
QLP,110,Official,948,407,0.6486486486486487,0.4143250632548578,0.44112155934060016
QLP,110,OriginalTESSCut,948,407,0.4987714987714988,0.2631545120700372,0.26932078346639693
QLP,110,DetrendedTESSCut,948,407,0.49385749385749383,0.2510210827562426,0.2572771515003342
QLP,111,Official,948,407,0.683046683046683,0.4815175839719219,0.4953809259011921
QLP,111,OriginalTESSCut,948,407,0.5307125307125307,0.2829040431494769,0.2795871437161477
QLP,111,DetrendedTESSCut,948,407,0.5085995085995086,0.2616379741094353,0.26115960771022295
QLP,112,Official,948,407,0.6855036855036855,0.4339050018559151,0.4643536737290227
QLP,112,OriginalTESSCut,948,407,0.5208845208845209,0.28135987923373773,0.27837200582970695
QLP,112,DetrendedTESSCut,948,407,0.4914004914004914,0.24808807799675384,0.2494583123218877
QLP,113,Official,948,407,0.6928746928746928,0.45703096001326604,0.48718781308589754
QLP,113,OriginalTESSCut,948,407,0.515970515970516,0.27486732677942727,0.2801787934402936
QLP,113,DetrendedTESSCut,948,407,0.47911547911547914,0.2362283618419463,0.23849288646796435
QLP,114,Official,948,407,0.687960687960688,0.42338266333700125,0.4501813853910213
QLP,114,OriginalTESSCut,948,407,0.4987714987714988,0.26793083037375276,0.2590545485542659
QLP,114,DetrendedTESSCut,948,407,0.47665847665847666,0.23058047039211418,0.22914114653499246
QLP,115,Official,948,407,0.6560196560196561,0.4324992216687422,0.4598235946023952
QLP,115,OriginalTESSCut,948,407,0.5257985257985258,0.2739602002301774,0.27483575573684643
QLP,115,DetrendedTESSCut,948,407,0.48402948402948404,0.24460989131365846,0.24542992014888076
QLP,116,Official,948,407,0.7076167076167076,0.5020518431762724,0.5193178189121882
QLP,116,OriginalTESSCut,948,407,0.5405405405405406,0.29697791268852913,0.2983847844448811
QLP,116,DetrendedTESSCut,948,407,0.4864864864864865,0.2443003433442931,0.24722441401650197
QLP,117,Official,948,407,0.6707616707616708,0.4553248427963039,0.49009509328439715
QLP,117,OriginalTESSCut,948,407,0.5257985257985258,0.27542999713376426,0.27477533021581085
QLP,117,DetrendedTESSCut,948,407,0.48402948402948404,0.23851511829536942,0.24017832029366673
QLP,118,Official,948,407,0.6560196560196561,0.44617025330495647,0.4767001517914349
QLP,118,OriginalTESSCut,948,407,0.515970515970516,0.2716881661801753,0.27248750738525523
QLP,118,DetrendedTESSCut,948,407,0.4643734643734644,0.22949199403251916,0.22965139368092954
QLP,119,Official,948,407,0.6584766584766585,0.4590230350361629,0.4712710993418361
QLP,119,OriginalTESSCut,948,407,0.5110565110565111,0.2670190503095754,0.26622675558180453
QLP,119,DetrendedTESSCut,948,407,0.44963144963144963,0.2215104403460568,0.2190004812726691
QLP,120,Official,948,407,0.6928746928746928,0.4647472496216788,0.4817833332838252
QLP,120,OriginalTESSCut,948,407,0.5405405405405406,0.28721026035523756,0.2900559838450392
QLP,120,DetrendedTESSCut,948,407,0.4914004914004914,0.24189586257223247,0.2490393155609311
QLP,121,Official,948,407,0.714987714987715,0.4719033466322279,0.49989079518603485
QLP,121,OriginalTESSCut,948,407,0.5331695331695332,0.27872210499208216,0.2833201340060507
QLP,121,DetrendedTESSCut,948,407,0.47911547911547914,0.24017822138541314,0.24184012325938264
QLP,122,Official,948,407,0.6732186732186732,0.45147218543337264,0.4779702730044197
QLP,122,OriginalTESSCut,948,407,0.5282555282555282,0.27947211707200287,0.2839978882857026
QLP,122,DetrendedTESSCut,948,407,0.4864864864864865,0.23999621953389078,0.24787753155940473
QLP,123,Official,948,407,0.7051597051597052,0.49194066809648995,0.5149580875493818
QLP,123,OriginalTESSCut,948,407,0.5282555282555282,0.28033660699185814,0.28262193967095106
QLP,123,DetrendedTESSCut,948,407,0.5331695331695332,0.27739565419359935,0.28963309889479844
QLP,124,Official,948,407,0.6560196560196561,0.41439866840837164,0.4336114104953834
QLP,124,OriginalTESSCut,948,407,0.5184275184275184,0.26855584272821714,0.2617893134696947
QLP,124,DetrendedTESSCut,948,407,0.47911547911547914,0.24231531036610945,0.2340447918782052
QLP,125,Official,948,407,0.683046683046683,0.47699587058890713,0.4935572153899719
QLP,125,OriginalTESSCut,948,407,0.5503685503685504,0.30061547882609524,0.3019346053291387
QLP,125,DetrendedTESSCut,948,407,0.4987714987714988,0.2576325263397181,0.2655025738383667
QLP,126,Official,948,407,0.6584766584766585,0.40431104231047155,0.4248099938872667
QLP,126,OriginalTESSCut,948,407,0.5307125307125307,0.2900334682440847,0.29565339233687565
QLP,126,DetrendedTESSCut,948,407,0.4643734643734644,0.23843979724402098,0.24457076807817224
QLP,127,Official,948,407,0.6805896805896806,0.4307895216571016,0.4426675960909996
QLP,127,OriginalTESSCut,948,407,0.49385749385749383,0.2525785139940391,0.2545647577892435
QLP,127,DetrendedTESSCut,948,407,0.44963144963144963,0.2174269466792298,0.2162245364032598
QLP,128,Official,948,407,0.6732186732186732,0.4781962028965453,0.4970173770264385
QLP,128,OriginalTESSCut,948,407,0.48894348894348894,0.2573822454815605,0.2618223908725283
QLP,128,DetrendedTESSCut,948,407,0.457002457002457,0.2174958022275374,0.21588717165273605
QLP,129,Official,948,407,0.7002457002457002,0.4804393892721518,0.4985978274801319
QLP,129,OriginalTESSCut,948,407,0.5257985257985258,0.28224257139782255,0.2853144892010955
QLP,129,DetrendedTESSCut,948,407,0.49385749385749383,0.2563006121225299,0.2595295054291762
QLP,130,Official,948,407,0.6560196560196561,0.4446422188288627,0.4727397634167171
QLP,130,OriginalTESSCut,948,407,0.5233415233415234,0.2818007963413215,0.2805531291805201
QLP,130,DetrendedTESSCut,948,407,0.5110565110565111,0.26073313999969255,0.2695978448547578
QLP,131,Official,948,407,0.6928746928746928,0.4258292522419235,0.45414458507248706
QLP,131,OriginalTESSCut,948,407,0.5110565110565111,0.27910888895477937,0.2860585229149522
QLP,131,DetrendedTESSCut,948,407,0.49385749385749383,0.26263061414317124,0.26581095728005155
QLP,132,Official,948,407,0.6560196560196561,0.43655019563980746,0.46315933941279
QLP,132,OriginalTESSCut,948,407,0.538083538083538,0.29517621309858755,0.2898030915087565
QLP,132,DetrendedTESSCut,948,407,0.47911547911547914,0.24720994325731768,0.2530229911127029
QLP,133,Official,948,407,0.687960687960688,0.46472269855546106,0.4787517282153688
QLP,133,OriginalTESSCut,948,407,0.5331695331695332,0.2857910961649546,0.2864963944658039
QLP,133,DetrendedTESSCut,948,407,0.4742014742014742,0.24205712951432132,0.24685034728500302
QLP,134,Official,948,407,0.6633906633906634,0.44979624742752594,0.4753341857619983
QLP,134,OriginalTESSCut,948,407,0.5307125307125307,0.2920176913184904,0.29376200699736077
QLP,134,DetrendedTESSCut,948,407,0.5307125307125307,0.27742235356390604,0.28525216759409266
QLP,135,Official,948,407,0.6855036855036855,0.45299225127992254,0.47529471247698424
QLP,135,OriginalTESSCut,948,407,0.5503685503685504,0.2916093144974423,0.29847399117945267
QLP,135,DetrendedTESSCut,948,407,0.5012285012285013,0.25117671468984254,0.2627484331757534
QLP,136,Official,948,407,0.6584766584766585,0.4206049336043628,0.4553013560996669
QLP,136,OriginalTESSCut,948,407,0.515970515970516,0.2838538063281214,0.2849970274222415
QLP,136,DetrendedTESSCut,948,407,0.48157248157248156,0.24595423549476061,0.2527360902611289
QLP,137,Official,948,407,0.683046683046683,0.4601919183682883,0.48273750740489596
QLP,137,OriginalTESSCut,948,407,0.5454545454545454,0.2931019671601864,0.29506915737869044
QLP,137,DetrendedTESSCut,948,407,0.5036855036855037,0.27102488244040757,0.27638148036534627
QLP,138,Official,948,407,0.6461916461916462,0.4069426118655571,0.4416007947231546
QLP,138,OriginalTESSCut,948,407,0.5356265356265356,0.29350208708085423,0.29431631247676654
QLP,138,DetrendedTESSCut,948,407,0.4742014742014742,0.25375570227168404,0.25533508497827434
QLP,139,Official,948,407,0.6805896805896806,0.4511172553980773,0.47512131195619367
QLP,139,OriginalTESSCut,948,407,0.5503685503685504,0.3034998344501769,0.30040794111832364
QLP,139,DetrendedTESSCut,948,407,0.4914004914004914,0.2556493053496478,0.25800243133559686
QLP,140,Official,948,407,0.6658476658476659,0.4334869199167144,0.45697809630750474
QLP,140,OriginalTESSCut,948,407,0.5257985257985258,0.27882596485621597,0.2759699581720995
QLP,140,DetrendedTESSCut,948,407,0.47174447174447176,0.23535113309656688,0.23383169101823537
QLP,141,Official,948,407,0.6732186732186732,0.45260728616893,0.47446718828539436
QLP,141,OriginalTESSCut,948,407,0.5577395577395577,0.2996863064214662,0.3085051554311381
QLP,141,DetrendedTESSCut,948,407,0.4987714987714988,0.25868481098218543,0.26064556239994835
