Comparison,Type,SeedA,SeedB,Rho,Top5Overlap,Top10Overlap
SPOC_vs_TESSCut,Cross provenance,42,42,-0.01701610531305029,0.0,2.0
SPOC_vs_TESSCut,Cross provenance,47,47,0.1424085956556471,0.0,5.0
SPOC_vs_TESSCut,Cross provenance,52,52,0.0203843870322833,0.0,3.0
SPOC_vs_TESSCut,Cross provenance,57,57,0.19093211752786224,3.0,3.0
SPOC_vs_TESSCut,Cross provenance,62,62,0.36927454372573404,2.0,4.0
SPOC_vs_TESSCut,Cross provenance,68,68,0.3247240097240431,1.0,5.0
SPOC_vs_TESSCut,Cross provenance,73,73,0.11017560560926107,1.0,6.0
SPOC_vs_TESSCut,Cross provenance,78,78,0.24181244262486545,0.0,4.0
SPOC_vs_TESSCut,Cross provenance,83,83,0.2880314111474787,1.0,6.0
SPOC_vs_TESSCut,Cross provenance,88,88,0.04152739987113464,2.0,4.0
SPOC_vs_TESSCut,Cross provenance,94,94,-0.015103912075944304,1.0,3.0
SPOC_vs_TESSCut,Cross provenance,99,99,0.3112422079705346,0.0,4.0
SPOC_vs_TESSCut,Cross provenance,104,104,-0.03493287034116352,1.0,2.0
SPOC_vs_TESSCut,Cross provenance,109,109,0.05423214077221202,0.0,1.0
SPOC_vs_TESSCut,Cross provenance,114,114,-0.09054998898730333,1.0,2.0
SPOC_vs_TESSCut,Cross provenance,120,120,-0.21958878761126804,0.0,3.0
SPOC_vs_TESSCut,Cross provenance,125,125,0.15203079806481243,1.0,4.0
SPOC_vs_TESSCut,Cross provenance,130,130,0.33904709953607415,2.0,3.0
SPOC_vs_TESSCut,Cross provenance,135,135,-0.16937141975029726,1.0,2.0
SPOC_vs_TESSCut,Cross provenance,141,141,-0.05408690617362415,1.0,3.0
SPOC_vs_TESSCut,Within SPOC,42,47,-0.03525835866261399,,
SPOC_vs_TESSCut,Within SPOC,42,52,0.18026897577591403,,
SPOC_vs_TESSCut,Within SPOC,42,57,0.2979229989868288,,
SPOC_vs_TESSCut,Within SPOC,42,62,0.7270147918099154,,
SPOC_vs_TESSCut,Within SPOC,42,68,-0.06742654508611957,,
SPOC_vs_TESSCut,Within SPOC,42,73,0.03530489019523283,,
SPOC_vs_TESSCut,Within SPOC,42,78,0.48420970918671774,,
SPOC_vs_TESSCut,Within SPOC,42,83,0.2469898582659294,,
SPOC_vs_TESSCut,Within SPOC,42,88,0.44614994934143876,,
SPOC_vs_TESSCut,Within SPOC,42,94,0.2025958890061629,,
SPOC_vs_TESSCut,Within SPOC,42,99,0.4563026747552399,,
SPOC_vs_TESSCut,Within SPOC,42,104,0.0006094794178205734,,
SPOC_vs_TESSCut,Within SPOC,42,109,0.4374873353596758,,
SPOC_vs_TESSCut,Within SPOC,42,114,0.24944275582573455,,
SPOC_vs_TESSCut,Within SPOC,42,120,0.2905268490374873,,
SPOC_vs_TESSCut,Within SPOC,42,125,0.10835866261398176,,
SPOC_vs_TESSCut,Within SPOC,42,130,0.22938033543511907,,
SPOC_vs_TESSCut,Within SPOC,42,135,0.2868015074193196,,
SPOC_vs_TESSCut,Within SPOC,42,141,0.26651469098277614,,
SPOC_vs_TESSCut,Within SPOC,47,52,-0.2646717826670566,,
SPOC_vs_TESSCut,Within SPOC,47,57,-0.036626139817629175,,
SPOC_vs_TESSCut,Within SPOC,47,62,0.027166754629818362,,
SPOC_vs_TESSCut,Within SPOC,47,68,0.330952380952381,,
SPOC_vs_TESSCut,Within SPOC,47,73,-0.07314605123782433,,
SPOC_vs_TESSCut,Within SPOC,47,78,-0.01767040465572334,,
SPOC_vs_TESSCut,Within SPOC,47,83,-0.0344536855471218,,
SPOC_vs_TESSCut,Within SPOC,47,88,0.1041033434650456,,
SPOC_vs_TESSCut,Within SPOC,47,94,-0.10373152875540775,,
SPOC_vs_TESSCut,Within SPOC,47,99,-0.07202643376527797,,
SPOC_vs_TESSCut,Within SPOC,47,104,0.16831789922144832,,
SPOC_vs_TESSCut,Within SPOC,47,109,0.1402228976697062,,
SPOC_vs_TESSCut,Within SPOC,47,114,0.4014184397163121,,
SPOC_vs_TESSCut,Within SPOC,47,120,0.05992907801418439,,
SPOC_vs_TESSCut,Within SPOC,47,125,-0.11859169199594732,,
SPOC_vs_TESSCut,Within SPOC,47,130,0.4026583597266641,,
SPOC_vs_TESSCut,Within SPOC,47,135,0.2982654516493808,,
SPOC_vs_TESSCut,Within SPOC,47,141,-0.27492401215805473,,
SPOC_vs_TESSCut,Within SPOC,52,57,0.19690606751887962,,
SPOC_vs_TESSCut,Within SPOC,52,62,0.14047200213064687,,
SPOC_vs_TESSCut,Within SPOC,52,68,0.24245517844931597,,
SPOC_vs_TESSCut,Within SPOC,52,73,0.2984915438864422,,
SPOC_vs_TESSCut,Within SPOC,52,78,0.28949124232815293,,
SPOC_vs_TESSCut,Within SPOC,52,83,0.025226225920361327,,
SPOC_vs_TESSCut,Within SPOC,52,88,0.12285072012641073,,
SPOC_vs_TESSCut,Within SPOC,52,94,0.0713234248762286,,
SPOC_vs_TESSCut,Within SPOC,52,99,0.2555104113763332,,
SPOC_vs_TESSCut,Within SPOC,52,104,-0.29922727539419597,,
SPOC_vs_TESSCut,Within SPOC,52,109,0.3117425788178862,,
SPOC_vs_TESSCut,Within SPOC,52,114,-0.32077124445888583,,
SPOC_vs_TESSCut,Within SPOC,52,120,0.3586104836059967,,
SPOC_vs_TESSCut,Within SPOC,52,125,0.6237894946798509,,
SPOC_vs_TESSCut,Within SPOC,52,130,0.12489207187625684,,
SPOC_vs_TESSCut,Within SPOC,52,135,0.1122962061481919,,
SPOC_vs_TESSCut,Within SPOC,52,141,0.35120494886674974,,
SPOC_vs_TESSCut,Within SPOC,57,62,0.32600105555782033,,
SPOC_vs_TESSCut,Within SPOC,57,68,0.15319148936170215,,
SPOC_vs_TESSCut,Within SPOC,57,73,0.17358237679322808,,
SPOC_vs_TESSCut,Within SPOC,57,78,0.2014832346951443,,
SPOC_vs_TESSCut,Within SPOC,57,83,0.48536629514507834,,
SPOC_vs_TESSCut,Within SPOC,57,88,0.15440729483282675,,
SPOC_vs_TESSCut,Within SPOC,57,94,0.5837560225267668,,
SPOC_vs_TESSCut,Within SPOC,57,99,0.31128607325176827,,
SPOC_vs_TESSCut,Within SPOC,57,104,0.2534418579103884,,
SPOC_vs_TESSCut,Within SPOC,57,109,0.6691489361702129,,
SPOC_vs_TESSCut,Within SPOC,57,114,0.2254812563323202,,
SPOC_vs_TESSCut,Within SPOC,57,120,0.4042553191489362,,
SPOC_vs_TESSCut,Within SPOC,57,125,0.25430597771023306,,
SPOC_vs_TESSCut,Within SPOC,57,130,-0.005275443362506055,,
SPOC_vs_TESSCut,Within SPOC,57,135,0.3463531469153014,,
SPOC_vs_TESSCut,Within SPOC,57,141,0.38966565349544074,,
SPOC_vs_TESSCut,Within SPOC,62,68,-0.0038520025221384247,,
SPOC_vs_TESSCut,Within SPOC,62,73,0.293240047956231,,
SPOC_vs_TESSCut,Within SPOC,62,78,0.6130877963296003,,
SPOC_vs_TESSCut,Within SPOC,62,83,0.16955498166661453,,
SPOC_vs_TESSCut,Within SPOC,62,88,0.35985813035766856,,
SPOC_vs_TESSCut,Within SPOC,62,94,0.045855739163482366,,
SPOC_vs_TESSCut,Within SPOC,62,99,0.35919827712453706,,
SPOC_vs_TESSCut,Within SPOC,62,104,-0.03181062852022144,,
SPOC_vs_TESSCut,Within SPOC,62,109,0.2696401765496897,,
SPOC_vs_TESSCut,Within SPOC,62,114,0.24815005721565428,,
SPOC_vs_TESSCut,Within SPOC,62,120,0.1642169496280065,,
SPOC_vs_TESSCut,Within SPOC,62,125,0.2430816328444195,,
SPOC_vs_TESSCut,Within SPOC,62,130,0.4323996553456365,,
SPOC_vs_TESSCut,Within SPOC,62,135,0.19092576331106625,,
SPOC_vs_TESSCut,Within SPOC,62,141,0.3456665421182112,,
SPOC_vs_TESSCut,Within SPOC,68,73,0.2567720605865928,,
SPOC_vs_TESSCut,Within SPOC,68,78,0.027825809630276983,,
SPOC_vs_TESSCut,Within SPOC,68,83,-0.042205764795224206,,
SPOC_vs_TESSCut,Within SPOC,68,88,-0.011752786220871328,,
SPOC_vs_TESSCut,Within SPOC,68,94,-0.057899025336596105,,
SPOC_vs_TESSCut,Within SPOC,68,99,0.02013696774986997,,
SPOC_vs_TESSCut,Within SPOC,68,104,-0.027324993898955707,,
SPOC_vs_TESSCut,Within SPOC,68,109,0.32750759878419455,,
SPOC_vs_TESSCut,Within SPOC,68,114,0.2200101317122594,,
SPOC_vs_TESSCut,Within SPOC,68,120,0.1132725430597771,,
SPOC_vs_TESSCut,Within SPOC,68,125,0.12158054711246202,,
SPOC_vs_TESSCut,Within SPOC,68,130,0.22451069540819038,,
SPOC_vs_TESSCut,Within SPOC,68,135,0.40620913891296623,,
SPOC_vs_TESSCut,Within SPOC,68,141,0.08632218844984803,,
SPOC_vs_TESSCut,Within SPOC,73,78,0.35265423968233206,,
SPOC_vs_TESSCut,Within SPOC,73,83,0.13540918387762632,,
SPOC_vs_TESSCut,Within SPOC,73,88,0.18230714850814192,,
SPOC_vs_TESSCut,Within SPOC,73,94,0.010051783202088136,,
SPOC_vs_TESSCut,Within SPOC,73,99,0.33023515711241236,,
SPOC_vs_TESSCut,Within SPOC,73,104,-0.17611772359272526,,
SPOC_vs_TESSCut,Within SPOC,73,109,0.23587318880435726,,
SPOC_vs_TESSCut,Within SPOC,73,114,0.019884363443292054,,
SPOC_vs_TESSCut,Within SPOC,73,120,-0.09150865217270118,,
SPOC_vs_TESSCut,Within SPOC,73,125,0.5961250999631842,,
SPOC_vs_TESSCut,Within SPOC,73,130,0.31130637952052015,,
SPOC_vs_TESSCut,Within SPOC,73,135,0.10793376676147909,,
SPOC_vs_TESSCut,Within SPOC,73,141,0.6426910327206895,,
SPOC_vs_TESSCut,Within SPOC,78,83,0.21389653875498604,,
SPOC_vs_TESSCut,Within SPOC,78,88,0.4653206559340479,,
SPOC_vs_TESSCut,Within SPOC,78,94,0.06555551880964132,,
SPOC_vs_TESSCut,Within SPOC,78,99,0.283593633597899,,
SPOC_vs_TESSCut,Within SPOC,78,104,-0.21340936393651547,,
SPOC_vs_TESSCut,Within SPOC,78,109,0.16289269579184043,,
SPOC_vs_TESSCut,Within SPOC,78,114,-0.09099242857200064,,
SPOC_vs_TESSCut,Within SPOC,78,120,0.10744418463077754,,
SPOC_vs_TESSCut,Within SPOC,78,125,0.33045687787197553,,
SPOC_vs_TESSCut,Within SPOC,78,130,0.41631097383490984,,
SPOC_vs_TESSCut,Within SPOC,78,135,0.14114304633191377,,
SPOC_vs_TESSCut,Within SPOC,78,141,0.2979595819534039,,
SPOC_vs_TESSCut,Within SPOC,83,88,0.008828756921449962,,
SPOC_vs_TESSCut,Within SPOC,83,94,0.5549389827786816,,
SPOC_vs_TESSCut,Within SPOC,83,99,0.1761523639054291,,
SPOC_vs_TESSCut,Within SPOC,83,104,0.2659814548457151,,
SPOC_vs_TESSCut,Within SPOC,83,109,0.3686544353542032,,
SPOC_vs_TESSCut,Within SPOC,83,114,0.24096046329518309,,
SPOC_vs_TESSCut,Within SPOC,83,120,0.1610709799327944,,
SPOC_vs_TESSCut,Within SPOC,83,125,0.14169078181253839,,
SPOC_vs_TESSCut,Within SPOC,83,130,-0.05002377493568361,,
SPOC_vs_TESSCut,Within SPOC,83,135,0.008732598641789593,,
SPOC_vs_TESSCut,Within SPOC,83,141,0.42248831902158107,,
SPOC_vs_TESSCut,Within SPOC,88,94,0.055059843708882124,,
SPOC_vs_TESSCut,Within SPOC,88,99,0.30793836576690314,,
SPOC_vs_TESSCut,Within SPOC,88,104,0.04154618031476908,,
SPOC_vs_TESSCut,Within SPOC,88,109,0.13287740628166161,,
SPOC_vs_TESSCut,Within SPOC,88,114,-0.07654508611955421,,
SPOC_vs_TESSCut,Within SPOC,88,120,0.11914893617021279,,
SPOC_vs_TESSCut,Within SPOC,88,125,0.2559270516717326,,
SPOC_vs_TESSCut,Within SPOC,88,130,0.4748913534594393,,
SPOC_vs_TESSCut,Within SPOC,88,135,-0.015521977585835125,,
SPOC_vs_TESSCut,Within SPOC,88,141,-0.06484295845997974,,
SPOC_vs_TESSCut,Within SPOC,94,99,0.09599473056295253,,
SPOC_vs_TESSCut,Within SPOC,94,104,0.2853153501259088,,
SPOC_vs_TESSCut,Within SPOC,94,109,0.5530320213411474,,
SPOC_vs_TESSCut,Within SPOC,94,114,0.04633950013804627,,
SPOC_vs_TESSCut,Within SPOC,94,120,0.229365315781752,,
SPOC_vs_TESSCut,Within SPOC,94,125,0.2371730652579655,,
SPOC_vs_TESSCut,Within SPOC,94,130,-0.27002744874700396,,
SPOC_vs_TESSCut,Within SPOC,94,135,0.0179713699673697,,
SPOC_vs_TESSCut,Within SPOC,94,141,0.3063274177615707,,
SPOC_vs_TESSCut,Within SPOC,99,104,0.09082595408804113,,
SPOC_vs_TESSCut,Within SPOC,99,109,0.4445349757175325,,
SPOC_vs_TESSCut,Within SPOC,99,114,0.10103989863410824,,
SPOC_vs_TESSCut,Within SPOC,99,120,0.4671066398200316,,
SPOC_vs_TESSCut,Within SPOC,99,125,0.29140271970529713,,
SPOC_vs_TESSCut,Within SPOC,99,130,0.04332368333080402,,
SPOC_vs_TESSCut,Within SPOC,99,135,0.15419777560647244,,
SPOC_vs_TESSCut,Within SPOC,99,141,0.4229777684286289,,
SPOC_vs_TESSCut,Within SPOC,104,109,0.23536063518171144,,
SPOC_vs_TESSCut,Within SPOC,104,114,0.3133740006627448,,
SPOC_vs_TESSCut,Within SPOC,104,120,0.3758456409893536,,
SPOC_vs_TESSCut,Within SPOC,104,125,-0.21159093788670902,,
SPOC_vs_TESSCut,Within SPOC,104,130,-0.0973402607440012,,
SPOC_vs_TESSCut,Within SPOC,104,135,0.2189901581837352,,
SPOC_vs_TESSCut,Within SPOC,104,141,-0.015643305057394717,,
SPOC_vs_TESSCut,Within SPOC,109,114,0.2403242147922999,,
SPOC_vs_TESSCut,Within SPOC,109,120,0.4528368794326242,,
SPOC_vs_TESSCut,Within SPOC,109,125,0.39873353596757855,,
SPOC_vs_TESSCut,Within SPOC,109,130,0.10053777638929809,,
SPOC_vs_TESSCut,Within SPOC,109,135,0.3234252584551789,,
SPOC_vs_TESSCut,Within SPOC,109,141,0.42396149949341444,,
SPOC_vs_TESSCut,Within SPOC,114,120,0.12669706180344478,,
SPOC_vs_TESSCut,Within SPOC,114,125,-0.17563323201621073,,
SPOC_vs_TESSCut,Within SPOC,114,130,-0.031652660175036325,,
SPOC_vs_TESSCut,Within SPOC,114,135,0.3278890951465302,,
SPOC_vs_TESSCut,Within SPOC,114,141,0.07613981762917933,,
SPOC_vs_TESSCut,Within SPOC,120,125,0.300709219858156,,
SPOC_vs_TESSCut,Within SPOC,120,130,-0.18362600934876844,,
SPOC_vs_TESSCut,Within SPOC,120,135,0.20695970114446832,,
SPOC_vs_TESSCut,Within SPOC,120,141,0.07132725430597772,,
SPOC_vs_TESSCut,Within SPOC,125,130,0.22917743376733032,,
SPOC_vs_TESSCut,Within SPOC,125,135,-0.10479871141286067,,
SPOC_vs_TESSCut,Within SPOC,125,141,0.45086119554204657,,
SPOC_vs_TESSCut,Within SPOC,130,135,0.044443315725314916,,
SPOC_vs_TESSCut,Within SPOC,130,141,0.11271187645661974,,
SPOC_vs_TESSCut,Within SPOC,135,141,0.2075684061478344,,
SPOC_vs_TESSCut,Within TESSCut,42,47,0.29505872823005264,,
SPOC_vs_TESSCut,Within TESSCut,42,52,0.1267719724584852,,
SPOC_vs_TESSCut,Within TESSCut,42,57,0.2770181430428128,,
SPOC_vs_TESSCut,Within TESSCut,42,62,0.10449574726609961,,
SPOC_vs_TESSCut,Within TESSCut,42,68,0.18003240178209798,,
SPOC_vs_TESSCut,Within TESSCut,42,73,0.048111012045826726,,
SPOC_vs_TESSCut,Within TESSCut,42,78,0.21483921329839956,,
SPOC_vs_TESSCut,Within TESSCut,42,83,0.11948157148643174,,
SPOC_vs_TESSCut,Within TESSCut,42,88,0.3130822195220737,,
SPOC_vs_TESSCut,Within TESSCut,42,94,-0.018226002430133656,,
SPOC_vs_TESSCut,Within TESSCut,42,99,0.07108140947752126,,
SPOC_vs_TESSCut,Within TESSCut,42,104,0.07229647630619683,,
SPOC_vs_TESSCut,Within TESSCut,42,109,0.22902318024702495,,
SPOC_vs_TESSCut,Within TESSCut,42,114,0.18388011340623728,,
SPOC_vs_TESSCut,Within TESSCut,42,120,0.27480761441879303,,
SPOC_vs_TESSCut,Within TESSCut,42,125,0.250708788983394,,
SPOC_vs_TESSCut,Within TESSCut,42,130,0.3738355609558525,,
SPOC_vs_TESSCut,Within TESSCut,42,135,0.1646415552855407,,
SPOC_vs_TESSCut,Within TESSCut,42,141,0.2377480761441879,,
SPOC_vs_TESSCut,Within TESSCut,47,52,-0.18995544754961521,,
SPOC_vs_TESSCut,Within TESSCut,47,57,0.045578853517099,,
SPOC_vs_TESSCut,Within TESSCut,47,62,0.2440259214256784,,
SPOC_vs_TESSCut,Within TESSCut,47,68,0.004455245038477116,,
SPOC_vs_TESSCut,Within TESSCut,47,73,-0.036463082813679194,,
SPOC_vs_TESSCut,Within TESSCut,47,78,-0.005165865100527289,,
SPOC_vs_TESSCut,Within TESSCut,47,83,0.4171729445119481,,
SPOC_vs_TESSCut,Within TESSCut,47,88,0.12899959497772376,,
SPOC_vs_TESSCut,Within TESSCut,47,94,0.029364115026326444,,
SPOC_vs_TESSCut,Within TESSCut,47,99,-0.0793843661401377,,
SPOC_vs_TESSCut,Within TESSCut,47,104,-0.20291616038882138,,
SPOC_vs_TESSCut,Within TESSCut,47,109,-0.017227407363714264,,
SPOC_vs_TESSCut,Within TESSCut,47,114,-0.13446739570676386,,
SPOC_vs_TESSCut,Within TESSCut,47,120,0.125354394491697,,
SPOC_vs_TESSCut,Within TESSCut,47,125,0.02004860267314702,,
SPOC_vs_TESSCut,Within TESSCut,47,130,0.13325232887808827,,
SPOC_vs_TESSCut,Within TESSCut,47,135,0.04151478331308221,,
SPOC_vs_TESSCut,Within TESSCut,47,141,0.10854597002835153,,
SPOC_vs_TESSCut,Within TESSCut,52,57,0.2649650684460688,,
SPOC_vs_TESSCut,Within TESSCut,52,62,0.4321587687322802,,
SPOC_vs_TESSCut,Within TESSCut,52,68,0.23025516403402183,,
SPOC_vs_TESSCut,Within TESSCut,52,73,0.6472197199428058,,
SPOC_vs_TESSCut,Within TESSCut,52,78,0.36829579422582787,,
SPOC_vs_TESSCut,Within TESSCut,52,83,0.08201701093560144,,
SPOC_vs_TESSCut,Within TESSCut,52,88,0.2592142567841231,,
SPOC_vs_TESSCut,Within TESSCut,52,94,0.47347104090724984,,
SPOC_vs_TESSCut,Within TESSCut,52,99,0.35297691373025514,,
SPOC_vs_TESSCut,Within TESSCut,52,104,0.33940866747671117,,
SPOC_vs_TESSCut,Within TESSCut,52,109,0.3982571231729239,,
SPOC_vs_TESSCut,Within TESSCut,52,114,0.5336168489266908,,
SPOC_vs_TESSCut,Within TESSCut,52,120,0.2897934386391251,,
SPOC_vs_TESSCut,Within TESSCut,52,125,0.2897934386391251,,
SPOC_vs_TESSCut,Within TESSCut,52,130,0.4534224382341028,,
SPOC_vs_TESSCut,Within TESSCut,52,135,0.14459295261239366,,
SPOC_vs_TESSCut,Within TESSCut,52,141,0.13223977318752528,,
SPOC_vs_TESSCut,Within TESSCut,57,62,0.24794896313301856,,
SPOC_vs_TESSCut,Within TESSCut,57,68,0.38671125050729777,,
SPOC_vs_TESSCut,Within TESSCut,57,73,0.3209726443768997,,
SPOC_vs_TESSCut,Within TESSCut,57,78,0.11130249773642814,,
SPOC_vs_TESSCut,Within TESSCut,57,83,0.1742125067764673,,
SPOC_vs_TESSCut,Within TESSCut,57,88,0.20135724620442844,,
SPOC_vs_TESSCut,Within TESSCut,57,94,0.5009622433234926,,
SPOC_vs_TESSCut,Within TESSCut,57,99,0.3400182472375585,,
SPOC_vs_TESSCut,Within TESSCut,57,104,0.5508964095100032,,
SPOC_vs_TESSCut,Within TESSCut,57,109,0.4787633661068363,,
SPOC_vs_TESSCut,Within TESSCut,57,114,0.3635166783841518,,
SPOC_vs_TESSCut,Within TESSCut,57,120,0.5012661023469398,,
SPOC_vs_TESSCut,Within TESSCut,57,125,0.5534285680387309,,
SPOC_vs_TESSCut,Within TESSCut,57,130,0.3211789877838243,,
SPOC_vs_TESSCut,Within TESSCut,57,135,0.19376077061824526,,
SPOC_vs_TESSCut,Within TESSCut,57,141,0.25848274261252585,,
SPOC_vs_TESSCut,Within TESSCut,62,68,0.3408262454434993,,
SPOC_vs_TESSCut,Within TESSCut,62,73,0.41507142602904823,,
SPOC_vs_TESSCut,Within TESSCut,62,78,0.25160801783744674,,
SPOC_vs_TESSCut,Within TESSCut,62,83,0.43560145808019435,,
SPOC_vs_TESSCut,Within TESSCut,62,88,0.1848926690968003,,
SPOC_vs_TESSCut,Within TESSCut,62,94,0.5893074119076549,,
SPOC_vs_TESSCut,Within TESSCut,62,99,0.37910085054678005,,
SPOC_vs_TESSCut,Within TESSCut,62,104,0.40704738760631826,,
SPOC_vs_TESSCut,Within TESSCut,62,109,0.38690730185094746,,
SPOC_vs_TESSCut,Within TESSCut,62,114,0.28533819360064794,,
SPOC_vs_TESSCut,Within TESSCut,62,120,0.0945727014985824,,
SPOC_vs_TESSCut,Within TESSCut,62,125,0.2448359659781288,,
SPOC_vs_TESSCut,Within TESSCut,62,130,0.44208181449979744,,
SPOC_vs_TESSCut,Within TESSCut,62,135,0.33495342243823406,,
SPOC_vs_TESSCut,Within TESSCut,62,141,0.16362899959497773,,
SPOC_vs_TESSCut,Within TESSCut,68,73,0.25402614360196507,,
SPOC_vs_TESSCut,Within TESSCut,68,78,-0.060167134700259,,
SPOC_vs_TESSCut,Within TESSCut,68,83,0.23045767517213442,,
SPOC_vs_TESSCut,Within TESSCut,68,88,0.14034021871202915,,
SPOC_vs_TESSCut,Within TESSCut,68,94,0.5935601458080193,,
SPOC_vs_TESSCut,Within TESSCut,68,99,0.35540704738760626,,
SPOC_vs_TESSCut,Within TESSCut,68,104,0.29809639530174153,,
SPOC_vs_TESSCut,Within TESSCut,68,109,0.23530611705026191,,
SPOC_vs_TESSCut,Within TESSCut,68,114,0.22235722964763058,,
SPOC_vs_TESSCut,Within TESSCut,68,120,0.33677602268124746,,
SPOC_vs_TESSCut,Within TESSCut,68,125,0.43539894694208175,,
SPOC_vs_TESSCut,Within TESSCut,68,130,0.40562980963953016,,
SPOC_vs_TESSCut,Within TESSCut,68,135,0.4773187525313891,,
SPOC_vs_TESSCut,Within TESSCut,68,141,0.20919400567031182,,
SPOC_vs_TESSCut,Within TESSCut,73,78,0.416687776004607,,
SPOC_vs_TESSCut,Within TESSCut,73,83,0.2096627261786554,,
SPOC_vs_TESSCut,Within TESSCut,73,88,0.30284616003583553,,
SPOC_vs_TESSCut,Within TESSCut,73,94,0.4268206416023449,,
SPOC_vs_TESSCut,Within TESSCut,73,99,0.5363111763845315,,
SPOC_vs_TESSCut,Within TESSCut,73,104,0.5486681100047228,,
SPOC_vs_TESSCut,Within TESSCut,73,109,0.4775469442577399,,
SPOC_vs_TESSCut,Within TESSCut,73,114,0.3426516921074354,,
SPOC_vs_TESSCut,Within TESSCut,73,120,0.14048415517381402,,
SPOC_vs_TESSCut,Within TESSCut,73,125,0.3409298243079005,,
SPOC_vs_TESSCut,Within TESSCut,73,130,0.27722071572511103,,
SPOC_vs_TESSCut,Within TESSCut,73,135,-0.019548263841778015,,
SPOC_vs_TESSCut,Within TESSCut,73,141,0.21675277005909302,,
SPOC_vs_TESSCut,Within TESSCut,78,83,0.1367434879551341,,
SPOC_vs_TESSCut,Within TESSCut,78,88,0.044163082035880354,,
SPOC_vs_TESSCut,Within TESSCut,78,94,-0.06442137654775207,,
SPOC_vs_TESSCut,Within TESSCut,78,99,0.3214991339034042,,
SPOC_vs_TESSCut,Within TESSCut,78,104,0.22395544582874186,,
SPOC_vs_TESSCut,Within TESSCut,78,109,0.014090933596537613,,
SPOC_vs_TESSCut,Within TESSCut,78,114,0.057128390523478255,,
SPOC_vs_TESSCut,Within TESSCut,78,120,0.17766524286911498,,
SPOC_vs_TESSCut,Within TESSCut,78,125,0.10048114077888373,,
SPOC_vs_TESSCut,Within TESSCut,78,130,0.3086351168883656,,
SPOC_vs_TESSCut,Within TESSCut,78,135,-0.13421120114115015,,
SPOC_vs_TESSCut,Within TESSCut,78,141,0.15446949565302184,,
SPOC_vs_TESSCut,Within TESSCut,83,88,0.04840016200891049,,
SPOC_vs_TESSCut,Within TESSCut,83,94,0.2804779262859457,,
SPOC_vs_TESSCut,Within TESSCut,83,99,0.28027541514783305,,
SPOC_vs_TESSCut,Within TESSCut,83,104,0.4228432563791008,,
SPOC_vs_TESSCut,Within TESSCut,83,109,0.2894204437103996,,
SPOC_vs_TESSCut,Within TESSCut,83,114,0.06824625354394491,,
SPOC_vs_TESSCut,Within TESSCut,83,120,0.17719724584852162,,
SPOC_vs_TESSCut,Within TESSCut,83,125,0.36634264884568646,,
SPOC_vs_TESSCut,Within TESSCut,83,130,0.2262049412717699,,
SPOC_vs_TESSCut,Within TESSCut,83,135,0.2332928311057108,,
SPOC_vs_TESSCut,Within TESSCut,83,141,0.33515593357634665,,
SPOC_vs_TESSCut,Within TESSCut,88,94,0.29404617253948967,,
SPOC_vs_TESSCut,Within TESSCut,88,99,0.2782503037667071,,
SPOC_vs_TESSCut,Within TESSCut,88,104,-0.037667071688942885,,
SPOC_vs_TESSCut,Within TESSCut,88,109,0.23165796019676949,,
SPOC_vs_TESSCut,Within TESSCut,88,114,0.20878898339408666,,
SPOC_vs_TESSCut,Within TESSCut,88,120,0.22438234102875654,,
SPOC_vs_TESSCut,Within TESSCut,88,125,0.04819765087079789,,
SPOC_vs_TESSCut,Within TESSCut,88,130,0.2559740785743216,,
SPOC_vs_TESSCut,Within TESSCut,88,135,-0.015188335358444714,,
SPOC_vs_TESSCut,Within TESSCut,88,141,0.19623329283110572,,
SPOC_vs_TESSCut,Within TESSCut,94,99,0.48683677602268116,,
SPOC_vs_TESSCut,Within TESSCut,94,104,0.3904414742810854,,
SPOC_vs_TESSCut,Within TESSCut,94,109,0.2663154503049475,,
SPOC_vs_TESSCut,Within TESSCut,94,114,0.4351964358039691,,
SPOC_vs_TESSCut,Within TESSCut,94,120,0.36249493722154713,,
SPOC_vs_TESSCut,Within TESSCut,94,125,0.4856217091940056,,
SPOC_vs_TESSCut,Within TESSCut,94,130,0.5287565816119886,,
SPOC_vs_TESSCut,Within TESSCut,94,135,0.5141757796678816,,
SPOC_vs_TESSCut,Within TESSCut,94,141,0.14135277440259214,,
SPOC_vs_TESSCut,Within TESSCut,99,104,0.36452004860267306,,
SPOC_vs_TESSCut,Within TESSCut,99,109,0.15261456170443344,,
SPOC_vs_TESSCut,Within TESSCut,99,114,0.2691373025516403,,
SPOC_vs_TESSCut,Within TESSCut,99,120,0.3278655326042932,,
SPOC_vs_TESSCut,Within TESSCut,99,125,0.3250303766707168,,
SPOC_vs_TESSCut,Within TESSCut,99,130,0.27723774807614415,,
SPOC_vs_TESSCut,Within TESSCut,99,135,0.29971648440664234,,
SPOC_vs_TESSCut,Within TESSCut,99,141,0.19299311462130414,,
SPOC_vs_TESSCut,Within TESSCut,104,109,0.6408595539301707,,
SPOC_vs_TESSCut,Within TESSCut,104,114,0.23491292021061155,,
SPOC_vs_TESSCut,Within TESSCut,104,120,0.041109761036857026,,
SPOC_vs_TESSCut,Within TESSCut,104,125,0.47995139732685294,,
SPOC_vs_TESSCut,Within TESSCut,104,130,0.20048602673147017,,
SPOC_vs_TESSCut,Within TESSCut,104,135,0.12879708383961117,,
SPOC_vs_TESSCut,Within TESSCut,104,141,0.305386796273795,,
SPOC_vs_TESSCut,Within TESSCut,109,114,0.3911634848466886,,
SPOC_vs_TESSCut,Within TESSCut,109,120,0.012565873606473935,,
SPOC_vs_TESSCut,Within TESSCut,109,125,0.3603568269727525,,
SPOC_vs_TESSCut,Within TESSCut,109,130,0.09667615661754947,,
SPOC_vs_TESSCut,Within TESSCut,109,135,0.034049463965929366,,
SPOC_vs_TESSCut,Within TESSCut,109,141,0.4766924955230112,,
SPOC_vs_TESSCut,Within TESSCut,114,120,0.21992709599027946,,
SPOC_vs_TESSCut,Within TESSCut,114,125,0.5166059133252328,,
SPOC_vs_TESSCut,Within TESSCut,114,130,0.24301336573511542,,
SPOC_vs_TESSCut,Within TESSCut,114,135,0.3926690968003239,,
SPOC_vs_TESSCut,Within TESSCut,114,141,0.14601053057918184,,
SPOC_vs_TESSCut,Within TESSCut,120,125,0.29424868367760226,,
SPOC_vs_TESSCut,Within TESSCut,120,130,0.4649655731065208,,
SPOC_vs_TESSCut,Within TESSCut,120,135,0.32199270959902787,,
SPOC_vs_TESSCut,Within TESSCut,120,141,0.0893074119076549,,
SPOC_vs_TESSCut,Within TESSCut,125,130,0.45605508302956654,,
SPOC_vs_TESSCut,Within TESSCut,125,135,0.4076549210206561,,
SPOC_vs_TESSCut,Within TESSCut,125,141,0.21324422843256377,,
SPOC_vs_TESSCut,Within TESSCut,130,135,0.3203726204941271,,
SPOC_vs_TESSCut,Within TESSCut,130,141,0.1059133252328878,,
SPOC_vs_TESSCut,Within TESSCut,135,141,0.05913325232887809,,
QLP_vs_TESSCut,Cross provenance,42,42,0.36087484811664633,2.0,6.0
QLP_vs_TESSCut,Cross provenance,47,47,0.20854857642601518,2.0,6.0
QLP_vs_TESSCut,Cross provenance,52,52,0.2624329099173411,2.0,5.0
QLP_vs_TESSCut,Cross provenance,57,57,0.455852571891454,2.0,4.0
QLP_vs_TESSCut,Cross provenance,62,62,0.5121135984695611,2.0,4.0
QLP_vs_TESSCut,Cross provenance,68,68,0.4100850546780072,1.0,5.0
QLP_vs_TESSCut,Cross provenance,73,73,0.4368165249088699,2.0,4.0
QLP_vs_TESSCut,Cross provenance,78,78,0.6284817468302206,2.0,7.0
QLP_vs_TESSCut,Cross provenance,83,83,0.35803969218307,2.0,5.0
QLP_vs_TESSCut,Cross provenance,88,88,0.43662613981762927,4.0,6.0
QLP_vs_TESSCut,Cross provenance,94,94,0.2063202769207348,1.0,6.0
QLP_vs_TESSCut,Cross provenance,99,99,0.5878898339408667,2.0,5.0
QLP_vs_TESSCut,Cross provenance,104,104,0.24017820980153903,1.0,4.0
QLP_vs_TESSCut,Cross provenance,109,109,0.09308214751603106,1.0,5.0
QLP_vs_TESSCut,Cross provenance,114,114,0.44187930336168485,2.0,3.0
QLP_vs_TESSCut,Cross provenance,120,120,0.5534719413388367,1.0,5.0
QLP_vs_TESSCut,Cross provenance,125,125,0.48688344190376637,0.0,6.0
QLP_vs_TESSCut,Cross provenance,130,130,0.36168489266909676,2.0,5.0
QLP_vs_TESSCut,Cross provenance,135,135,0.3857996734369557,2.0,5.0
QLP_vs_TESSCut,Cross provenance,141,141,0.45423248278655315,2.0,4.0
QLP_vs_TESSCut,Within QLP,42,47,0.5799655894197975,,
QLP_vs_TESSCut,Within QLP,42,52,0.5805733074666921,,
QLP_vs_TESSCut,Within QLP,42,57,0.38902389631429724,,
QLP_vs_TESSCut,Within QLP,42,62,0.1992298992768367,,
QLP_vs_TESSCut,Within QLP,42,68,0.25232887808829485,,
QLP_vs_TESSCut,Within QLP,42,73,0.36148238153098416,,
QLP_vs_TESSCut,Within QLP,42,78,0.31256964878614996,,
QLP_vs_TESSCut,Within QLP,42,83,0.30781692993114623,,
QLP_vs_TESSCut,Within QLP,42,88,0.5345893085849966,,
QLP_vs_TESSCut,Within QLP,42,94,0.7268307840860054,,
QLP_vs_TESSCut,Within QLP,42,99,0.43884163628999584,,
QLP_vs_TESSCut,Within QLP,42,104,0.05427298501417577,,
QLP_vs_TESSCut,Within QLP,42,109,-0.030183329662434446,,
QLP_vs_TESSCut,Within QLP,42,114,0.4635479951397326,,
QLP_vs_TESSCut,Within QLP,42,120,0.48561021227599266,,
QLP_vs_TESSCut,Within QLP,42,125,0.3334346350628664,,
QLP_vs_TESSCut,Within QLP,42,130,0.0899149453219927,,
QLP_vs_TESSCut,Within QLP,42,135,0.670718151089399,,
QLP_vs_TESSCut,Within QLP,42,141,0.26184690157958684,,
QLP_vs_TESSCut,Within QLP,47,52,0.34103343465045594,,
QLP_vs_TESSCut,Within QLP,47,57,0.2055099861915419,,
QLP_vs_TESSCut,Within QLP,47,62,0.11880386726174298,,
QLP_vs_TESSCut,Within QLP,47,68,0.1936594842770962,,
QLP_vs_TESSCut,Within QLP,47,73,0.07778791000251563,,
QLP_vs_TESSCut,Within QLP,47,78,0.16372847011144886,,
QLP_vs_TESSCut,Within QLP,47,83,0.17937811017507183,,
QLP_vs_TESSCut,Within QLP,47,88,0.35704154002026345,,
QLP_vs_TESSCut,Within QLP,47,94,0.49159067882472146,,
QLP_vs_TESSCut,Within QLP,47,99,0.25149398507323734,,
QLP_vs_TESSCut,Within QLP,47,104,-0.04497113547020435,,
QLP_vs_TESSCut,Within QLP,47,109,-0.011347517730496455,,
QLP_vs_TESSCut,Within QLP,47,114,0.2385293334061514,,
QLP_vs_TESSCut,Within QLP,47,120,0.18469338408779495,,
QLP_vs_TESSCut,Within QLP,47,125,0.25329280648429586,,
QLP_vs_TESSCut,Within QLP,47,130,-0.05266889739753662,,
QLP_vs_TESSCut,Within QLP,47,135,0.6397163120567377,,
QLP_vs_TESSCut,Within QLP,47,141,-0.048009725704677604,,
QLP_vs_TESSCut,Within QLP,52,57,0.3669604139832215,,
QLP_vs_TESSCut,Within QLP,52,62,0.15874305130707297,,
QLP_vs_TESSCut,Within QLP,52,68,0.11850501914445738,,
QLP_vs_TESSCut,Within QLP,52,73,0.4023093470442605,,
QLP_vs_TESSCut,Within QLP,52,78,0.39837892603850056,,
QLP_vs_TESSCut,Within QLP,52,83,0.39187685390590227,,
QLP_vs_TESSCut,Within QLP,52,88,0.5430597771023304,,
QLP_vs_TESSCut,Within QLP,52,94,0.7404255319148936,,
QLP_vs_TESSCut,Within QLP,52,99,0.329281895075753,,
QLP_vs_TESSCut,Within QLP,52,104,0.11870759182675561,,
QLP_vs_TESSCut,Within QLP,52,109,-0.04174265450861196,,
QLP_vs_TESSCut,Within QLP,52,114,0.7012053397752808,,
QLP_vs_TESSCut,Within QLP,52,120,0.311809467318363,,
QLP_vs_TESSCut,Within QLP,52,125,0.1734549138804458,,
QLP_vs_TESSCut,Within QLP,52,130,0.12762078984787717,,
QLP_vs_TESSCut,Within QLP,52,135,0.6352583586626142,,
QLP_vs_TESSCut,Within QLP,52,141,0.28380432789980303,,
QLP_vs_TESSCut,Within QLP,57,62,0.6441023600221638,,
QLP_vs_TESSCut,Within QLP,57,68,0.7377480761441878,,
QLP_vs_TESSCut,Within QLP,57,73,0.7624544349939244,,
QLP_vs_TESSCut,Within QLP,57,78,0.8628583402492586,,
QLP_vs_TESSCut,Within QLP,57,83,0.8009315512353179,,
QLP_vs_TESSCut,Within QLP,57,88,0.6617036667271283,,
QLP_vs_TESSCut,Within QLP,57,94,0.45771297565282304,,
QLP_vs_TESSCut,Within QLP,57,99,0.8094370190360468,,
QLP_vs_TESSCut,Within QLP,57,104,0.5955852571891453,,
QLP_vs_TESSCut,Within QLP,57,109,0.40443636020839174,,
QLP_vs_TESSCut,Within QLP,57,114,0.6954232482786553,,
QLP_vs_TESSCut,Within QLP,57,120,0.7393597889744663,,
QLP_vs_TESSCut,Within QLP,57,125,0.706067084150438,,
QLP_vs_TESSCut,Within QLP,57,130,0.5682462535439449,,
QLP_vs_TESSCut,Within QLP,57,135,0.38357137393167534,,
QLP_vs_TESSCut,Within QLP,57,141,0.6697043337383556,,
QLP_vs_TESSCut,Within QLP,62,68,0.7201056278032564,,
QLP_vs_TESSCut,Within QLP,62,73,0.5042563473049541,,
QLP_vs_TESSCut,Within QLP,62,78,0.6872783447394346,,
QLP_vs_TESSCut,Within QLP,62,83,0.6297124079889438,,
QLP_vs_TESSCut,Within QLP,62,88,0.6570705354868754,,
QLP_vs_TESSCut,Within QLP,62,94,0.22260519838463105,,
QLP_vs_TESSCut,Within QLP,62,99,0.6795705516533403,,
QLP_vs_TESSCut,Within QLP,62,104,0.5715445737138144,,
QLP_vs_TESSCut,Within QLP,62,109,0.23416120595104628,,
QLP_vs_TESSCut,Within QLP,62,114,0.5751927305673068,,
QLP_vs_TESSCut,Within QLP,62,120,0.4922920892494929,,
QLP_vs_TESSCut,Within QLP,62,125,0.5449569883951623,,
QLP_vs_TESSCut,Within QLP,62,130,0.6548441552018917,,
QLP_vs_TESSCut,Within QLP,62,135,0.25707048410902744,,
QLP_vs_TESSCut,Within QLP,62,141,0.5277666914719052,,
QLP_vs_TESSCut,Within QLP,68,73,0.4744835965978128,,
QLP_vs_TESSCut,Within QLP,68,78,0.7013066261164298,,
QLP_vs_TESSCut,Within QLP,68,83,0.6423653300931551,,
QLP_vs_TESSCut,Within QLP,68,88,0.6079206195769515,,
QLP_vs_TESSCut,Within QLP,68,94,0.20702928130877854,,
QLP_vs_TESSCut,Within QLP,68,99,0.6449979748886188,,
QLP_vs_TESSCut,Within QLP,68,104,0.38618874038072093,,
QLP_vs_TESSCut,Within QLP,68,109,0.237212610971213,,
QLP_vs_TESSCut,Within QLP,68,114,0.4997974888618873,,
QLP_vs_TESSCut,Within QLP,68,120,0.5806649658475455,,
QLP_vs_TESSCut,Within QLP,68,125,0.5708498187163776,,
QLP_vs_TESSCut,Within QLP,68,130,0.45970028351559333,,
QLP_vs_TESSCut,Within QLP,68,135,0.2844120459466978,,
QLP_vs_TESSCut,Within QLP,68,141,0.45686512758201697,,
QLP_vs_TESSCut,Within QLP,73,78,0.8262939710944303,,
QLP_vs_TESSCut,Within QLP,73,83,0.7262049412717699,,
QLP_vs_TESSCut,Within QLP,73,88,0.6927985734599047,,
QLP_vs_TESSCut,Within QLP,73,94,0.3737465988402117,,
QLP_vs_TESSCut,Within QLP,73,99,0.7118266504657756,,
QLP_vs_TESSCut,Within QLP,73,104,0.5121506682867558,,
QLP_vs_TESSCut,Within QLP,73,109,0.39380129438773537,,
QLP_vs_TESSCut,Within QLP,73,114,0.6804374240583231,,
QLP_vs_TESSCut,Within QLP,73,120,0.7480748303466982,,
QLP_vs_TESSCut,Within QLP,73,125,0.6549174818701381,,
QLP_vs_TESSCut,Within QLP,73,130,0.4682057513163223,,
QLP_vs_TESSCut,Within QLP,73,135,0.3115567853746589,,
QLP_vs_TESSCut,Within QLP,73,141,0.7577966788173349,,
QLP_vs_TESSCut,Within QLP,78,83,0.7941862009501627,,
QLP_vs_TESSCut,Within QLP,78,88,0.7758865248226952,,
QLP_vs_TESSCut,Within QLP,78,94,0.4429584599797366,,
QLP_vs_TESSCut,Within QLP,78,99,0.8178872047790543,,
QLP_vs_TESSCut,Within QLP,78,104,0.6034640205663907,,
QLP_vs_TESSCut,Within QLP,78,109,0.51225937183384,,
QLP_vs_TESSCut,Within QLP,78,114,0.7279449338386454,,
QLP_vs_TESSCut,Within QLP,78,120,0.7669539758552453,,
QLP_vs_TESSCut,Within QLP,78,125,0.6952380952380952,,
QLP_vs_TESSCut,Within QLP,78,130,0.5670009377527115,,
QLP_vs_TESSCut,Within QLP,78,135,0.3564336372847011,,
QLP_vs_TESSCut,Within QLP,78,141,0.8100881565105728,,
QLP_vs_TESSCut,Within QLP,83,88,0.6708194374305482,,
QLP_vs_TESSCut,Within QLP,83,94,0.3778993388273252,,
QLP_vs_TESSCut,Within QLP,83,99,0.7260024301336573,,
QLP_vs_TESSCut,Within QLP,83,104,0.5368570271364924,,
QLP_vs_TESSCut,Within QLP,83,109,0.3146966619502813,,
QLP_vs_TESSCut,Within QLP,83,114,0.7031186715269339,,
QLP_vs_TESSCut,Within QLP,83,120,0.6923391006405639,,
QLP_vs_TESSCut,Within QLP,83,125,0.5824977479485252,,
QLP_vs_TESSCut,Within QLP,83,130,0.5905224787363303,,
QLP_vs_TESSCut,Within QLP,83,135,0.2764104249959181,,
QLP_vs_TESSCut,Within QLP,83,141,0.6800324017820979,,
QLP_vs_TESSCut,Within QLP,88,94,0.5132725430597771,,
QLP_vs_TESSCut,Within QLP,88,99,0.7469867659746781,,
QLP_vs_TESSCut,Within QLP,88,104,0.5285121281160501,,
QLP_vs_TESSCut,Within QLP,88,109,0.2020263424518744,,
QLP_vs_TESSCut,Within QLP,88,114,0.7986427999607236,,
QLP_vs_TESSCut,Within QLP,88,120,0.8008110506550935,,
QLP_vs_TESSCut,Within QLP,88,125,0.6524822695035462,,
QLP_vs_TESSCut,Within QLP,88,130,0.4888078823855995,,
QLP_vs_TESSCut,Within QLP,88,135,0.5758865248226951,,
QLP_vs_TESSCut,Within QLP,88,141,0.6131875093167052,,
QLP_vs_TESSCut,Within QLP,94,99,0.4449508966680353,,
QLP_vs_TESSCut,Within QLP,94,104,0.15253722977055797,,
QLP_vs_TESSCut,Within QLP,94,109,0.050861195542046614,,
QLP_vs_TESSCut,Within QLP,94,114,0.5721665411513162,,
QLP_vs_TESSCut,Within QLP,94,120,0.42574764718372066,,
QLP_vs_TESSCut,Within QLP,94,125,0.34994934143870315,,
QLP_vs_TESSCut,Within QLP,94,130,0.15942470096869737,,
QLP_vs_TESSCut,Within QLP,94,135,0.7049645390070923,,
QLP_vs_TESSCut,Within QLP,94,141,0.3828623695436316,,
QLP_vs_TESSCut,Within QLP,99,104,0.6178614823815308,,
QLP_vs_TESSCut,Within QLP,99,109,0.40119519729162023,,
QLP_vs_TESSCut,Within QLP,99,114,0.6765897124341838,,
QLP_vs_TESSCut,Within QLP,99,120,0.7849617496431217,,
QLP_vs_TESSCut,Within QLP,99,125,0.693102432483352,,
QLP_vs_TESSCut,Within QLP,99,130,0.5512353179424867,,
QLP_vs_TESSCut,Within QLP,99,135,0.48607315117457356,,
QLP_vs_TESSCut,Within QLP,99,141,0.6869177804779262,,
QLP_vs_TESSCut,Within QLP,104,109,0.4414058747278165,,
QLP_vs_TESSCut,Within QLP,104,114,0.4424868367760227,,
QLP_vs_TESSCut,Within QLP,104,120,0.4862182384182414,,
QLP_vs_TESSCut,Within QLP,104,125,0.670718151089399,,
QLP_vs_TESSCut,Within QLP,104,130,0.6701093560145808,,
QLP_vs_TESSCut,Within QLP,104,135,0.15030893026527756,,
QLP_vs_TESSCut,Within QLP,104,141,0.6399351964358039,,
QLP_vs_TESSCut,Within QLP,109,114,0.17066748483624847,,
QLP_vs_TESSCut,Within QLP,109,120,0.30309177739983917,,
QLP_vs_TESSCut,Within QLP,109,125,0.2998986828774063,,
QLP_vs_TESSCut,Within QLP,109,130,0.385090669048912,,
QLP_vs_TESSCut,Within QLP,109,135,-0.1264437689969605,,
QLP_vs_TESSCut,Within QLP,109,141,0.5809784528312886,,
QLP_vs_TESSCut,Within QLP,114,120,0.7091611572427788,,
QLP_vs_TESSCut,Within QLP,114,125,0.5978932718031897,,
QLP_vs_TESSCut,Within QLP,114,130,0.47266099635479947,,
QLP_vs_TESSCut,Within QLP,114,135,0.514433326696324,,
QLP_vs_TESSCut,Within QLP,114,141,0.6318347509112999,,
QLP_vs_TESSCut,Within QLP,120,125,0.7160669951680481,,
QLP_vs_TESSCut,Within QLP,120,130,0.3597488008305038,,
QLP_vs_TESSCut,Within QLP,120,135,0.3239736858093264,,
QLP_vs_TESSCut,Within QLP,120,141,0.7306447476022344,,
QLP_vs_TESSCut,Within QLP,125,130,0.5123063135321928,,
QLP_vs_TESSCut,Within QLP,125,135,0.40040526849037494,,
QLP_vs_TESSCut,Within QLP,125,141,0.6470171472605075,,
QLP_vs_TESSCut,Within QLP,130,135,0.10635065820656434,,
QLP_vs_TESSCut,Within QLP,130,141,0.6765897124341838,,
QLP_vs_TESSCut,Within QLP,135,141,0.16955333508360826,,
QLP_vs_TESSCut,Within TESSCut,42,47,0.6097610368570271,,
QLP_vs_TESSCut,Within TESSCut,42,52,0.4580801944106925,,
QLP_vs_TESSCut,Within TESSCut,42,57,0.5105305791818548,,
QLP_vs_TESSCut,Within TESSCut,42,62,0.5331712998089091,,
QLP_vs_TESSCut,Within TESSCut,42,68,0.49392466585662204,,
QLP_vs_TESSCut,Within TESSCut,42,73,0.28311057108140947,,
QLP_vs_TESSCut,Within TESSCut,42,78,0.5921425678412312,,
QLP_vs_TESSCut,Within TESSCut,42,83,0.5741190765492101,,
QLP_vs_TESSCut,Within TESSCut,42,88,0.5141294676728767,,
QLP_vs_TESSCut,Within TESSCut,42,94,0.5834345889023895,,
QLP_vs_TESSCut,Within TESSCut,42,99,0.6429728635074928,,
QLP_vs_TESSCut,Within TESSCut,42,104,0.5386796273795058,,
QLP_vs_TESSCut,Within TESSCut,42,109,0.6097610368570271,,
QLP_vs_TESSCut,Within TESSCut,42,114,0.5081004455245038,,
QLP_vs_TESSCut,Within TESSCut,42,120,0.471589204390251,,
QLP_vs_TESSCut,Within TESSCut,42,125,0.6154313487241798,,
QLP_vs_TESSCut,Within TESSCut,42,130,0.5271364925070878,,
QLP_vs_TESSCut,Within TESSCut,42,135,0.6198865937626569,,
QLP_vs_TESSCut,Within TESSCut,42,141,0.5842446334548399,,
QLP_vs_TESSCut,Within TESSCut,47,52,0.6277845281490482,,
QLP_vs_TESSCut,Within TESSCut,47,57,0.5520453624949371,,
QLP_vs_TESSCut,Within TESSCut,47,62,0.7136635597366212,,
QLP_vs_TESSCut,Within TESSCut,47,68,0.646415552855407,,
QLP_vs_TESSCut,Within TESSCut,47,73,0.5196435803969217,,
QLP_vs_TESSCut,Within TESSCut,47,78,0.6958282705548804,,
QLP_vs_TESSCut,Within TESSCut,47,83,0.5901174564601053,,
QLP_vs_TESSCut,Within TESSCut,47,88,0.523650383740893,,
QLP_vs_TESSCut,Within TESSCut,47,94,0.5963953017415957,,
QLP_vs_TESSCut,Within TESSCut,47,99,0.7557715674362088,,
QLP_vs_TESSCut,Within TESSCut,47,104,0.5388821385176185,,
QLP_vs_TESSCut,Within TESSCut,47,109,0.791818550020251,,
QLP_vs_TESSCut,Within TESSCut,47,114,0.5597407857432158,,
QLP_vs_TESSCut,Within TESSCut,47,120,0.5400587710070486,,
QLP_vs_TESSCut,Within TESSCut,47,125,0.5700688537869583,,
QLP_vs_TESSCut,Within TESSCut,47,130,0.5976103685702712,,
QLP_vs_TESSCut,Within TESSCut,47,135,0.6879303361684892,,
QLP_vs_TESSCut,Within TESSCut,47,141,0.47104090724989867,,
QLP_vs_TESSCut,Within TESSCut,52,57,0.5986229242608343,,
QLP_vs_TESSCut,Within TESSCut,52,62,0.8163679096618175,,
QLP_vs_TESSCut,Within TESSCut,52,68,0.527541514783313,,
QLP_vs_TESSCut,Within TESSCut,52,73,0.41049007695423245,,
QLP_vs_TESSCut,Within TESSCut,52,78,0.6243418388011339,,
QLP_vs_TESSCut,Within TESSCut,52,83,0.46233292831105705,,
QLP_vs_TESSCut,Within TESSCut,52,88,0.266990795269051,,
QLP_vs_TESSCut,Within TESSCut,52,94,0.7646820575131631,,
QLP_vs_TESSCut,Within TESSCut,52,99,0.6897529364115025,,
QLP_vs_TESSCut,Within TESSCut,52,104,0.593762656946132,,
QLP_vs_TESSCut,Within TESSCut,52,109,0.7667071688942891,,
QLP_vs_TESSCut,Within TESSCut,52,114,0.5488051842851356,,
QLP_vs_TESSCut,Within TESSCut,52,120,0.5992099942381282,,
QLP_vs_TESSCut,Within TESSCut,52,125,0.6292021061158363,,
QLP_vs_TESSCut,Within TESSCut,52,130,0.5319967598217901,,
QLP_vs_TESSCut,Within TESSCut,52,135,0.6371000405022275,,
QLP_vs_TESSCut,Within TESSCut,52,141,0.4439044147428108,,
QLP_vs_TESSCut,Within TESSCut,57,62,0.6197711214913972,,
QLP_vs_TESSCut,Within TESSCut,57,68,0.4833940866747671,,
QLP_vs_TESSCut,Within TESSCut,57,73,0.37889833940866746,,
QLP_vs_TESSCut,Within TESSCut,57,78,0.6318347509112999,,
QLP_vs_TESSCut,Within TESSCut,57,83,0.5990279465370595,,
QLP_vs_TESSCut,Within TESSCut,57,88,0.6049833156836273,,
QLP_vs_TESSCut,Within TESSCut,57,94,0.5240988254353989,,
QLP_vs_TESSCut,Within TESSCut,57,99,0.4825840421223167,,
QLP_vs_TESSCut,Within TESSCut,57,104,0.5633859862292425,,
QLP_vs_TESSCut,Within TESSCut,57,109,0.6640340218712028,,
QLP_vs_TESSCut,Within TESSCut,57,114,0.4754961522883758,,
QLP_vs_TESSCut,Within TESSCut,57,120,0.6531956140706031,,
QLP_vs_TESSCut,Within TESSCut,57,125,0.44046172539489664,,
QLP_vs_TESSCut,Within TESSCut,57,130,0.3795058728230052,,
QLP_vs_TESSCut,Within TESSCut,57,135,0.6786148238153097,,
QLP_vs_TESSCut,Within TESSCut,57,141,0.46881328473066014,,
QLP_vs_TESSCut,Within TESSCut,62,68,0.6341537819345706,,
QLP_vs_TESSCut,Within TESSCut,62,73,0.47584323071851353,,
QLP_vs_TESSCut,Within TESSCut,62,78,0.7678517522513945,,
QLP_vs_TESSCut,Within TESSCut,62,83,0.5316520046916725,,
QLP_vs_TESSCut,Within TESSCut,62,88,0.3811550151975684,,
QLP_vs_TESSCut,Within TESSCut,62,94,0.6601843716098916,,
QLP_vs_TESSCut,Within TESSCut,62,99,0.7040413573274558,,
QLP_vs_TESSCut,Within TESSCut,62,104,0.6398258170389207,,
QLP_vs_TESSCut,Within TESSCut,62,109,0.6806442125220117,,
QLP_vs_TESSCut,Within TESSCut,62,114,0.6861136749440635,,
QLP_vs_TESSCut,Within TESSCut,62,120,0.7329280648429585,,
QLP_vs_TESSCut,Within TESSCut,62,125,0.6947230139417379,,
QLP_vs_TESSCut,Within TESSCut,62,130,0.6088321966472935,,
QLP_vs_TESSCut,Within TESSCut,62,135,0.6734528823004249,,
QLP_vs_TESSCut,Within TESSCut,62,141,0.5586954577784846,,
QLP_vs_TESSCut,Within TESSCut,68,73,0.41413527744025913,,
QLP_vs_TESSCut,Within TESSCut,68,78,0.5631834750911299,,
QLP_vs_TESSCut,Within TESSCut,68,83,0.3434588902389631,,
QLP_vs_TESSCut,Within TESSCut,68,88,0.5723691138336142,,
QLP_vs_TESSCut,Within TESSCut,68,94,0.5569056298096394,,
QLP_vs_TESSCut,Within TESSCut,68,99,0.5986229242608343,,
QLP_vs_TESSCut,Within TESSCut,68,104,0.6925880923450789,,
QLP_vs_TESSCut,Within TESSCut,68,109,0.5805994329688132,,
QLP_vs_TESSCut,Within TESSCut,68,114,0.4933171324422843,,
QLP_vs_TESSCut,Within TESSCut,68,120,0.6351666453460618,,
QLP_vs_TESSCut,Within TESSCut,68,125,0.37120291616038875,,
QLP_vs_TESSCut,Within TESSCut,68,130,0.6472255974078572,,
QLP_vs_TESSCut,Within TESSCut,68,135,0.3953017415957877,,
QLP_vs_TESSCut,Within TESSCut,68,141,0.40076954232482775,,
QLP_vs_TESSCut,Within TESSCut,73,78,0.5939651680842445,,
QLP_vs_TESSCut,Within TESSCut,73,83,0.4050222762251923,,
QLP_vs_TESSCut,Within TESSCut,73,88,0.5082548598862284,,
QLP_vs_TESSCut,Within TESSCut,73,94,0.4036046982584041,,
QLP_vs_TESSCut,Within TESSCut,73,99,0.45443499392466574,,
QLP_vs_TESSCut,Within TESSCut,73,104,0.4390441474281085,,
QLP_vs_TESSCut,Within TESSCut,73,109,0.5119481571486432,,
QLP_vs_TESSCut,Within TESSCut,73,114,0.6470230862697448,,
QLP_vs_TESSCut,Within TESSCut,73,120,0.5303352822567341,,
QLP_vs_TESSCut,Within TESSCut,73,125,0.446334548400162,,
QLP_vs_TESSCut,Within TESSCut,73,130,0.5874848116646415,,
QLP_vs_TESSCut,Within TESSCut,73,135,0.5646010530579181,,
QLP_vs_TESSCut,Within TESSCut,73,141,0.5362494937221546,,
QLP_vs_TESSCut,Within TESSCut,78,83,0.5755366545159983,,
QLP_vs_TESSCut,Within TESSCut,78,88,0.5956649722979093,,
QLP_vs_TESSCut,Within TESSCut,78,94,0.5615633859862292,,
QLP_vs_TESSCut,Within TESSCut,78,99,0.6368975293641149,,
QLP_vs_TESSCut,Within TESSCut,78,104,0.6140137707573915,,
QLP_vs_TESSCut,Within TESSCut,78,109,0.6304171729445118,,
QLP_vs_TESSCut,Within TESSCut,78,114,0.6520858647225597,,
QLP_vs_TESSCut,Within TESSCut,78,120,0.746176475245485,,
QLP_vs_TESSCut,Within TESSCut,78,125,0.6030781692993114,,
QLP_vs_TESSCut,Within TESSCut,78,130,0.5878898339408667,,
QLP_vs_TESSCut,Within TESSCut,78,135,0.6091535034426893,,
QLP_vs_TESSCut,Within TESSCut,78,141,0.48136897529364103,,
QLP_vs_TESSCut,Within TESSCut,83,88,0.6732503096181267,,
QLP_vs_TESSCut,Within TESSCut,83,94,0.45362494937221537,,
QLP_vs_TESSCut,Within TESSCut,83,99,0.5672336978533817,,
QLP_vs_TESSCut,Within TESSCut,83,104,0.39307411907654916,,
QLP_vs_TESSCut,Within TESSCut,83,109,0.6413527744025921,,
QLP_vs_TESSCut,Within TESSCut,83,114,0.4218307006885378,,
QLP_vs_TESSCut,Within TESSCut,83,120,0.398156607057147,,
QLP_vs_TESSCut,Within TESSCut,83,125,0.6662616443904414,,
QLP_vs_TESSCut,Within TESSCut,83,130,0.56865127582017,,
QLP_vs_TESSCut,Within TESSCut,83,135,0.585257189145403,,
QLP_vs_TESSCut,Within TESSCut,83,141,0.39287160793843656,,
QLP_vs_TESSCut,Within TESSCut,88,94,0.39602959389301573,,
QLP_vs_TESSCut,Within TESSCut,88,99,0.49194775896122184,,
QLP_vs_TESSCut,Within TESSCut,88,104,0.4909348955497307,,
QLP_vs_TESSCut,Within TESSCut,88,109,0.5663932197058169,,
QLP_vs_TESSCut,Within TESSCut,88,114,0.5283095554337518,,
QLP_vs_TESSCut,Within TESSCut,88,120,0.5426545086119555,,
QLP_vs_TESSCut,Within TESSCut,88,125,0.46014384784040163,,
QLP_vs_TESSCut,Within TESSCut,88,130,0.585131192818402,,
QLP_vs_TESSCut,Within TESSCut,88,135,0.5156487627901133,,
QLP_vs_TESSCut,Within TESSCut,88,141,0.5208143661887179,,
QLP_vs_TESSCut,Within TESSCut,94,99,0.8138922640745241,,
QLP_vs_TESSCut,Within TESSCut,94,104,0.6654515998379911,,
QLP_vs_TESSCut,Within TESSCut,94,109,0.6502632644795463,,
QLP_vs_TESSCut,Within TESSCut,94,114,0.5753341433778857,,
QLP_vs_TESSCut,Within TESSCut,94,120,0.7205510309347606,,
QLP_vs_TESSCut,Within TESSCut,94,125,0.5097205346294046,,
QLP_vs_TESSCut,Within TESSCut,94,130,0.694005670311867,,
QLP_vs_TESSCut,Within TESSCut,94,135,0.606318347509113,,
QLP_vs_TESSCut,Within TESSCut,94,141,0.5502227622519238,,
QLP_vs_TESSCut,Within TESSCut,99,104,0.6654515998379911,,
QLP_vs_TESSCut,Within TESSCut,99,109,0.7067638720129606,,
QLP_vs_TESSCut,Within TESSCut,99,114,0.6289995949777237,,
QLP_vs_TESSCut,Within TESSCut,99,120,0.6282791741479223,,
QLP_vs_TESSCut,Within TESSCut,99,125,0.595787768327258,,
QLP_vs_TESSCut,Within TESSCut,99,130,0.7320777642770351,,
QLP_vs_TESSCut,Within TESSCut,99,135,0.611786148238153,,
QLP_vs_TESSCut,Within TESSCut,99,141,0.5253138922640744,,
QLP_vs_TESSCut,Within TESSCut,104,109,0.5263264479546375,,
QLP_vs_TESSCut,Within TESSCut,104,114,0.6842851356824625,,
QLP_vs_TESSCut,Within TESSCut,104,120,0.7240960528749795,,
QLP_vs_TESSCut,Within TESSCut,104,125,0.5089104900769541,,
QLP_vs_TESSCut,Within TESSCut,104,130,0.5500202511138111,,
QLP_vs_TESSCut,Within TESSCut,104,135,0.4487646820575131,,
QLP_vs_TESSCut,Within TESSCut,104,141,0.5384771162413933,,
QLP_vs_TESSCut,Within TESSCut,109,114,0.5109356014580801,,
QLP_vs_TESSCut,Within TESSCut,109,120,0.560923757283765,,
QLP_vs_TESSCut,Within TESSCut,109,125,0.6674767112191169,,
QLP_vs_TESSCut,Within TESSCut,109,130,0.6243418388011339,,
QLP_vs_TESSCut,Within TESSCut,109,135,0.7403807209396516,,
QLP_vs_TESSCut,Within TESSCut,109,141,0.5119481571486432,,
QLP_vs_TESSCut,Within TESSCut,114,120,0.6178466810095642,,
QLP_vs_TESSCut,Within TESSCut,114,125,0.5510328068043743,,
QLP_vs_TESSCut,Within TESSCut,114,130,0.6030781692993114,,
QLP_vs_TESSCut,Within TESSCut,114,135,0.6636289995949776,,
QLP_vs_TESSCut,Within TESSCut,114,141,0.5261239368165249,,
QLP_vs_TESSCut,Within TESSCut,120,125,0.4253013464851082,,
QLP_vs_TESSCut,Within TESSCut,120,130,0.7113339738901916,,
QLP_vs_TESSCut,Within TESSCut,120,135,0.596272690344804,,
QLP_vs_TESSCut,Within TESSCut,120,141,0.5749012723623419,,
QLP_vs_TESSCut,Within TESSCut,125,130,0.47671121911705133,,
QLP_vs_TESSCut,Within TESSCut,125,135,0.6227217496962332,,
QLP_vs_TESSCut,Within TESSCut,125,141,0.696030781692993,,
QLP_vs_TESSCut,Within TESSCut,130,135,0.6000405022276224,,
QLP_vs_TESSCut,Within TESSCut,130,141,0.58971243418388,,
QLP_vs_TESSCut,Within TESSCut,135,141,0.6725394896719319,,
