Comparison,OfficialProvenance,Iteration,SplitSeed,TrainCount_Full,TestCount_Full,OfficialTestAccuracy_Full,TESSCutTestAccuracy_Full,DeltaTestAccuracy_Full,OfficialTestBalancedAccuracy_Full,TESSCutTestBalancedAccuracy_Full,DeltaTestBalancedAccuracy_Full,OfficialTestMacroF1_Full,TESSCutTestMacroF1_Full,DeltaTestMacroF1_Full,TrainCount_Ablated,TestCount_Ablated,OfficialTestAccuracy_Ablated,TESSCutTestAccuracy_Ablated,DeltaTestAccuracy_Ablated,OfficialTestBalancedAccuracy_Ablated,TESSCutTestBalancedAccuracy_Ablated,DeltaTestBalancedAccuracy_Ablated,OfficialTestMacroF1_Ablated,TESSCutTestMacroF1_Ablated,DeltaTestMacroF1_Ablated
SPOC_vs_TESSCut,SPOC,1,42,354,152,0.7631578947368421,0.631578947368421,0.1315789473684211,0.5706796948799012,0.386844562386358,0.1838351324935431,0.5729133383255247,0.3670106121264443,0.2059027261990803,354,152,0.6907894736842105,0.6118421052631579,0.0789473684210526,0.511989123134634,0.3932489175007234,0.1187402056339105,0.4965211263379563,0.3992120059024963,0.09730912043546
SPOC_vs_TESSCut,SPOC,2,43,354,152,0.7302631578947368,0.6776315789473685,0.0526315789473683,0.6051427588579291,0.4159068695704402,0.1892358892874888,0.6211078543071793,0.396377899664164,0.2247299546430152,354,152,0.7236842105263158,0.6052631578947368,0.1184210526315789,0.607607253427687,0.36078185660229,0.2468253968253969,0.6186817863829547,0.3360419694594172,0.2826398169235374
SPOC_vs_TESSCut,SPOC,3,44,354,152,0.8026315789473685,0.6513157894736842,0.1513157894736843,0.6188881790532977,0.3994618900191655,0.2194262890341322,0.6394419625610098,0.3764315532135536,0.2630104093474562,354,152,0.7236842105263158,0.6118421052631579,0.1118421052631579,0.5605328681180074,0.366828836797877,0.1937040313201303,0.5384120445764281,0.340426779068219,0.197985265508209
SPOC_vs_TESSCut,SPOC,4,45,354,152,0.7894736842105263,0.6644736842105263,0.125,0.6689154804221883,0.4252868008801961,0.2436286795419921,0.6721482591364986,0.4171110504443838,0.2550372086921147,354,152,0.6842105263157895,0.5986842105263158,0.0855263157894736,0.5937572689894671,0.3680524841515553,0.2257047848379118,0.5498761060903495,0.3564107835207579,0.1934653225695916
SPOC_vs_TESSCut,SPOC,5,46,354,152,0.743421052631579,0.5986842105263158,0.1447368421052631,0.5539748062967877,0.3785288384359592,0.1754459678608285,0.5350320802144285,0.3734578871420976,0.1615741930723308,354,152,0.7039473684210527,0.5986842105263158,0.1052631578947368,0.5847404458859567,0.372129670581683,0.2126107753042737,0.5436442279140042,0.3650760542547446,0.1785681736592596
SPOC_vs_TESSCut,SPOC,6,47,354,152,0.75,0.6052631578947368,0.1447368421052631,0.543594552830879,0.3680336462070208,0.1755609066238582,0.5572201743028643,0.3427919321675369,0.2144282421353274,354,152,0.6907894736842105,0.5789473684210527,0.1118421052631578,0.4991170737300768,0.3560477992366537,0.143069274493423,0.5021349239430015,0.3331464461604289,0.1689884777825726
SPOC_vs_TESSCut,SPOC,7,48,354,152,0.756578947368421,0.5723684210526315,0.1842105263157895,0.5820722831042748,0.3372745589463856,0.2447977241578892,0.5694717566617444,0.3130363420871962,0.2564354145745482,354,152,0.6776315789473685,0.5789473684210527,0.0986842105263158,0.5246039936442413,0.3411494422330335,0.1834545514112077,0.4929629629629629,0.3175994044747907,0.1753635584881722
SPOC_vs_TESSCut,SPOC,8,49,354,152,0.7368421052631579,0.6447368421052632,0.0921052631578946,0.5596892558192867,0.3922412239749701,0.1674480318443166,0.5561714796324919,0.3694157694157693,0.1867557102167225,354,152,0.7368421052631579,0.625,0.1118421052631578,0.574432814061297,0.3727578750798564,0.2016749389814405,0.5774080609697049,0.3434956263273637,0.2339124346423411
SPOC_vs_TESSCut,SPOC,9,50,354,152,0.7828947368421053,0.6118421052631579,0.1710526315789474,0.6705358166658475,0.3754533392304289,0.2950824774354185,0.6622946308967815,0.3521540367924621,0.3101405941043194,354,152,0.7368421052631579,0.5855263157894737,0.1513157894736841,0.6421855291824332,0.3651481645289695,0.2770373646534637,0.6321466084023162,0.3431938431938432,0.2889527652084729
SPOC_vs_TESSCut,SPOC,10,51,354,152,0.8223684210526315,0.6052631578947368,0.2171052631578947,0.626351281253242,0.3775975887430995,0.2487536925101424,0.620406048671532,0.3498715417242455,0.2705345069472865,354,152,0.7171052631578947,0.5789473684210527,0.138157894736842,0.5702958376332989,0.3521073926646682,0.2181884449686307,0.5546379625028657,0.3269062011042145,0.2277317613986512
SPOC_vs_TESSCut,SPOC,11,52,354,152,0.7828947368421053,0.6710526315789473,0.1118421052631579,0.6447032614215277,0.4279828110581464,0.2167204503633812,0.6441418118003355,0.4286615878180406,0.2154802239822948,354,152,0.7302631578947368,0.6052631578947368,0.125,0.5808532769833079,0.3614542893180663,0.2193989876652415,0.569328469792228,0.3452997789458817,0.2240286908463462
SPOC_vs_TESSCut,SPOC,12,53,354,152,0.7894736842105263,0.631578947368421,0.1578947368421053,0.6408510382710588,0.3949244025095418,0.2459266357615169,0.665446509896108,0.3850791602647382,0.2803673496313698,354,152,0.7236842105263158,0.5921052631578947,0.1315789473684211,0.5830352023850476,0.3755688240208364,0.2074663783642111,0.5796696408588334,0.3684657549880048,0.2112038858708286
SPOC_vs_TESSCut,SPOC,13,54,354,152,0.7039473684210527,0.625,0.0789473684210526,0.4795955029185162,0.3833898471669369,0.0962056557515793,0.4727593553400005,0.3574864554111042,0.1152728999288963,354,152,0.6447368421052632,0.5592105263157895,0.0855263157894736,0.4627213458482808,0.3380026864546988,0.124718659393582,0.4567236598714324,0.3162869212725741,0.1404367385988582
SPOC_vs_TESSCut,SPOC,14,55,354,152,0.7894736842105263,0.6118421052631579,0.1776315789473684,0.6900573874774081,0.3985290022441725,0.2915283852332356,0.7250086426476822,0.3982107727378267,0.3267978699098554,354,152,0.7039473684210527,0.5592105263157895,0.1447368421052631,0.6046193916162956,0.3499017150719937,0.2547176765443019,0.6125512277109624,0.3469940282805779,0.2655571994303844
SPOC_vs_TESSCut,SPOC,15,56,354,152,0.7171052631578947,0.6578947368421053,0.0592105263157893,0.5039846347895883,0.4159068695704402,0.0880777652191481,0.5017751305247448,0.4052692016591777,0.096505928865567,354,152,0.6381578947368421,0.6118421052631579,0.0263157894736842,0.4638352416990188,0.3770127934214621,0.0868224482775566,0.4588907632328685,0.3589640177661956,0.0999267454666728
SPOC_vs_TESSCut,SPOC,16,57,354,152,0.7828947368421053,0.631578947368421,0.1513157894736843,0.6450786552437738,0.3948965551132734,0.2501821001305004,0.6595414177144119,0.3877697796133315,0.2717716381010804,354,152,0.6842105263157895,0.618421052631579,0.0657894736842105,0.5725531148131767,0.385687257359084,0.1868658574540927,0.5774813239048785,0.3877993021712548,0.1896820217336236
SPOC_vs_TESSCut,SPOC,17,58,354,152,0.7368421052631579,0.6052631578947368,0.131578947368421,0.6450682807235955,0.3770835039668889,0.2679847767567065,0.6873725463737536,0.3662828291262585,0.3210897172474951,354,152,0.6776315789473685,0.6118421052631579,0.0657894736842106,0.5903336773305814,0.3738537520271267,0.2164799253034547,0.5916953244815741,0.3580047806075203,0.2336905438740538
SPOC_vs_TESSCut,SPOC,18,59,354,152,0.7302631578947368,0.631578947368421,0.0986842105263158,0.6084541418906744,0.3919106043977045,0.2165435374929699,0.628130513435173,0.3784442552386358,0.2496862581965372,354,152,0.6513157894736842,0.5921052631578947,0.0592105263157894,0.5493660622143595,0.3487059151145838,0.2006601470997756,0.5557500825331001,0.3248681143417986,0.2308819681913015
SPOC_vs_TESSCut,SPOC,19,60,354,152,0.7697368421052632,0.6710526315789473,0.0986842105263158,0.6486709693624039,0.4217373499107245,0.2269336194516793,0.6637418726892362,0.3951391059234196,0.2686027667658165,354,152,0.7105263157894737,0.6118421052631579,0.0986842105263158,0.5919308074106835,0.3805453175422215,0.2113854898684619,0.5787009920136854,0.3607975621666334,0.2179034298470519
SPOC_vs_TESSCut,SPOC,20,61,354,152,0.7894736842105263,0.625,0.1644736842105263,0.6081622902572335,0.3967658798412152,0.2113964104160182,0.6133848523162669,0.3954090408575014,0.2179758114587655,354,152,0.7105263157894737,0.5789473684210527,0.131578947368421,0.5474765344734385,0.3388897079299556,0.2085868265434828,0.5415662474006008,0.318291712359509,0.2232745350410918
SPOC_vs_TESSCut,SPOC,21,62,354,152,0.7697368421052632,0.6776315789473685,0.0921052631578946,0.560158020323139,0.4701519594192453,0.0900060609038936,0.5750612860957688,0.4696480403376954,0.1054132457580733,354,152,0.7236842105263158,0.625,0.0986842105263158,0.5388675938211542,0.386063197208708,0.1528043966124462,0.5455800266145094,0.3670917066719166,0.1784883199425928
SPOC_vs_TESSCut,SPOC,22,63,354,152,0.743421052631579,0.6118421052631579,0.1315789473684211,0.5910598937430723,0.3827447158200512,0.2083151779230211,0.619059558021472,0.3657796534942364,0.2532799045272355,354,152,0.6842105263157895,0.5592105263157895,0.125,0.5006888135371107,0.3402902681540452,0.1603985453830654,0.4949115092536145,0.3172904149964343,0.1776210942571802
SPOC_vs_TESSCut,SPOC,23,64,354,152,0.7828947368421053,0.5921052631578947,0.1907894736842106,0.6509765699652181,0.3729063945266216,0.2780701754385965,0.6649803873747536,0.355536097004294,0.3094442903704596,354,152,0.7105263157894737,0.5789473684210527,0.131578947368421,0.6020639834881321,0.3434149098235786,0.2586490736645535,0.6011442949447933,0.3204630519277685,0.2806812430170247
SPOC_vs_TESSCut,SPOC,24,65,354,152,0.7894736842105263,0.7039473684210527,0.0855263157894736,0.61722252253728,0.4541012116347513,0.1631213109025286,0.633860066672248,0.4473924034899645,0.1864676631822835,354,152,0.7039473684210527,0.6513157894736842,0.0526315789473684,0.5723319737251625,0.4183383294838403,0.1539936442413222,0.5654149763583726,0.4088092522188942,0.1566057241394783
SPOC_vs_TESSCut,SPOC,25,66,354,152,0.743421052631579,0.5855263157894737,0.1578947368421053,0.5844914574016742,0.3501498845152095,0.2343415728864646,0.5914785164785166,0.3243161255583616,0.267162390920155,354,152,0.6907894736842105,0.5657894736842105,0.125,0.56484348125215,0.3331130112863859,0.2317304699657641,0.58344442195339,0.3079255904782154,0.2755188314751745
SPOC_vs_TESSCut,SPOC,26,67,354,152,0.7697368421052632,0.6052631578947368,0.1644736842105263,0.5877414123544155,0.3866092245865207,0.2011321877678947,0.5987008339949518,0.3755285579731847,0.2231722760217671,354,152,0.6776315789473685,0.5592105263157895,0.1184210526315789,0.5495593559061052,0.349390633446361,0.2001687224597441,0.5525178858512192,0.3308501683501683,0.2216677175010508
SPOC_vs_TESSCut,SPOC,27,68,354,152,0.743421052631579,0.618421052631579,0.125,0.5885473487640671,0.3803151670024735,0.2082321817615936,0.606878388403812,0.3592324925658259,0.2476458958379861,354,152,0.6644736842105263,0.6052631578947368,0.0592105263157894,0.5426433731387292,0.3670598063786918,0.1755835667600374,0.5576904576904577,0.350105616344384,0.2075848413460737
SPOC_vs_TESSCut,SPOC,28,69,354,152,0.743421052631579,0.625,0.1184210526315789,0.6510977880430925,0.3991473782495454,0.251950409793547,0.6619365662417673,0.3830103647434988,0.2789262014982685,354,152,0.7105263157894737,0.6118421052631579,0.0986842105263158,0.6267539764443789,0.3793061084082756,0.2474478680361033,0.6140156107315384,0.3617416614586493,0.2522739492728891
SPOC_vs_TESSCut,SPOC,29,70,354,152,0.7368421052631579,0.625,0.1118421052631578,0.6242135840691052,0.4153349058921814,0.2088786781769237,0.6527632723035022,0.4107787469097847,0.2419845253937174,354,152,0.6907894736842105,0.618421052631579,0.0723684210526315,0.6113232427473912,0.3978240808994163,0.2134991618479749,0.6090626075919567,0.3967445652811506,0.2123180423108061
SPOC_vs_TESSCut,SPOC,30,71,354,152,0.7828947368421053,0.5921052631578947,0.1907894736842106,0.6213294674594984,0.3630972856979049,0.2582321817615934,0.6125505378425976,0.3421178517068928,0.2704326861357048,354,152,0.75,0.6052631578947368,0.1447368421052631,0.6508223172309859,0.3755589955280358,0.2752633217029501,0.6242199836322838,0.3532297007232408,0.270990282909043
SPOC_vs_TESSCut,SPOC,31,72,354,152,0.7631578947368421,0.6842105263157895,0.0789473684210526,0.609044124472401,0.446357997389989,0.1626861270824119,0.6433326902473959,0.4436889308298941,0.1996437594175018,354,152,0.7236842105263158,0.5723684210526315,0.1513157894736843,0.5778719675004504,0.3346290563008829,0.2432429111995675,0.6048343883674934,0.3131891781317069,0.2916452102357865
SPOC_vs_TESSCut,SPOC,32,73,354,152,0.7763157894736842,0.6447368421052632,0.131578947368421,0.5982811058146456,0.4276461851797249,0.1706349206349206,0.6059584394740334,0.4167679896315578,0.1891904498424755,354,152,0.7039473684210527,0.5855263157894737,0.1184210526315789,0.5450022114108802,0.372692351794519,0.1723098596163612,0.5439624798253946,0.3580933262555217,0.1858691535698728
SPOC_vs_TESSCut,SPOC,33,74,354,152,0.8026315789473685,0.6447368421052632,0.1578947368421053,0.6906539223876684,0.3917672722110286,0.2988866501766398,0.7132175641728125,0.3725712641165487,0.3406463000562637,354,152,0.7171052631578947,0.6118421052631579,0.1052631578947368,0.5892599144921126,0.3616033547922092,0.2276565596999033,0.5895171239998827,0.3290419163888985,0.2604752076109841
SPOC_vs_TESSCut,SPOC,34,75,354,152,0.7697368421052632,0.5986842105263158,0.1710526315789473,0.5861164348780448,0.3768080331547824,0.2093084017232623,0.5973814879078038,0.3683709326024316,0.2290105553053721,354,152,0.6842105263157895,0.5460526315789473,0.1381578947368421,0.5582674005274625,0.3208945566530705,0.2373728438743919,0.5413615725430072,0.301984665521566,0.2393769070214411
SPOC_vs_TESSCut,SPOC,35,76,354,152,0.7368421052631579,0.631578947368421,0.1052631578947368,0.5621474710741996,0.389605549822268,0.1725419212519315,0.5683511114883664,0.371924640040582,0.1964264714477843,354,152,0.6710526315789473,0.625,0.0460526315789473,0.5381460186413747,0.3816911559945616,0.156454862646813,0.5272995130380529,0.3630672401093028,0.16423227292875
SPOC_vs_TESSCut,SPOC,36,77,354,152,0.7763157894736842,0.6776315789473685,0.0986842105263157,0.611860806700848,0.4114755843858011,0.2003852223150468,0.6468023574666675,0.3874136576961435,0.2593886997705239,354,152,0.6776315789473685,0.625,0.0526315789473684,0.5453822464658377,0.3689329532982783,0.1764492931675593,0.5709244204007405,0.3394266910334168,0.2314977293673237
SPOC_vs_TESSCut,SPOC,37,78,354,152,0.8092105263157895,0.6578947368421053,0.1513157894736841,0.6672632015769271,0.4020852785558668,0.2651779230210603,0.695005345740091,0.3802309882958774,0.3147743574442135,354,152,0.743421052631579,0.5986842105263158,0.1447368421052631,0.6658036703960337,0.3606008485265451,0.3052028218694886,0.6901819568486235,0.3310401920825037,0.3591417647661197
SPOC_vs_TESSCut,SPOC,38,79,354,152,0.7763157894736842,0.6447368421052632,0.131578947368421,0.6472605806455136,0.3995604479608607,0.2477001326846529,0.6724810957974512,0.3813850422798227,0.2910960535176284,354,152,0.7039473684210527,0.6052631578947368,0.0986842105263158,0.562919007759049,0.3688674300129408,0.1940515777461081,0.590145535263076,0.3520581757423862,0.2380873595206897
SPOC_vs_TESSCut,SPOC,39,80,354,152,0.7960526315789473,0.5789473684210527,0.2171052631578947,0.7118556194407587,0.3682449588022343,0.3436106606385243,0.7337968998985949,0.3524544385655497,0.3813424613330451,354,152,0.6907894736842105,0.5592105263157895,0.131578947368421,0.6073369698756695,0.3484814978623028,0.2588554720133667,0.6119786245173242,0.3243136550589967,0.2876649694583275
SPOC_vs_TESSCut,SPOC,40,81,354,152,0.7763157894736842,0.618421052631579,0.1578947368421052,0.6037102560322375,0.3973506751628526,0.2063595808693848,0.6058024948185131,0.3843866984217861,0.2214157963967269,354,152,0.7171052631578947,0.5789473684210527,0.138157894736842,0.5773881872437083,0.3662770761325972,0.211111111111111,0.5878061080167435,0.3564060066644046,0.2314001013523389
SPOC_vs_TESSCut,SPOC,41,82,354,152,0.8157894736842105,0.5921052631578947,0.2236842105263158,0.6832951114168864,0.3610360323466619,0.3222590790702245,0.6944224800442038,0.3494122969899183,0.3450101830542855,354,152,0.7697368421052632,0.5921052631578947,0.1776315789473684,0.6466607695709864,0.3567980408537684,0.289862728717218,0.639251407689449,0.3404357248344958,0.2988156828549531
SPOC_vs_TESSCut,SPOC,42,83,354,152,0.7631578947368421,0.625,0.1381578947368421,0.5271495732796042,0.3908349304634134,0.1363146428161908,0.5258906525573193,0.3857756512795272,0.140115001277792,354,152,0.7171052631578947,0.5789473684210527,0.138157894736842,0.5242894818746212,0.360819532491359,0.1634699493832621,0.5233882085484587,0.3606549061772942,0.1627333023711644
SPOC_vs_TESSCut,SPOC,43,84,354,152,0.7368421052631579,0.6578947368421053,0.0789473684210525,0.535186004226252,0.3975322292659753,0.1376537749602766,0.5367632907613312,0.3673713287107503,0.1693919620505809,354,152,0.6907894736842105,0.625,0.0657894736842105,0.5063221779940047,0.3893434566809179,0.1169787213130867,0.4972941516395026,0.3640970859219481,0.1331970657175545
SPOC_vs_TESSCut,SPOC,44,85,354,152,0.7631578947368421,0.625,0.1381578947368421,0.5415182837267462,0.3768039379494488,0.1647143457772973,0.5446273292235406,0.3469118372847942,0.1977154919387463,354,152,0.6842105263157895,0.6052631578947368,0.0789473684210526,0.5807839315063257,0.362953953511229,0.2178299779950966,0.6007908975200085,0.3346820532005717,0.2661088443194367
SPOC_vs_TESSCut,SPOC,45,86,354,152,0.7763157894736842,0.6776315789473685,0.0986842105263157,0.5739976302411802,0.4341231619353394,0.1398744683058407,0.5844232531047947,0.4278188223320242,0.1566044307727705,354,152,0.6907894736842105,0.631578947368421,0.0592105263157894,0.507277179877799,0.3812786323106241,0.1259985475671748,0.4911929276663577,0.3667318571290865,0.1244610705372711
SPOC_vs_TESSCut,SPOC,46,87,354,152,0.75,0.5460526315789473,0.2039473684210526,0.5875675026345821,0.3233746130030959,0.2641928896314862,0.5824014498101255,0.2965841588368308,0.2858172909732947,354,152,0.6907894736842105,0.5460526315789473,0.1447368421052631,0.5598293118416957,0.3214015430733697,0.238427768768326,0.5286212449426833,0.2990221814443849,0.2295990634982982
SPOC_vs_TESSCut,SPOC,47,88,354,152,0.75,0.6513157894736842,0.0986842105263158,0.5913621198966916,0.4051536794054853,0.1862084404912062,0.6156303155713458,0.3907180168674422,0.2249122987039036,354,152,0.6644736842105263,0.5855263157894737,0.0789473684210526,0.5411928514095696,0.351416941045424,0.1897759103641456,0.557669939543903,0.3330651205463976,0.2246048189975053
SPOC_vs_TESSCut,SPOC,48,89,354,152,0.7697368421052632,0.6118421052631579,0.1578947368421053,0.5773363146428162,0.3723942208462332,0.204942093796583,0.5770289070521311,0.358704525371192,0.218324381680939,354,152,0.7236842105263158,0.5789473684210527,0.1447368421052631,0.5743828525562271,0.3432158828443657,0.2311669697118613,0.5576506447678429,0.3265693804700896,0.2310812642977532
SPOC_vs_TESSCut,SPOC,49,90,354,152,0.7828947368421053,0.6644736842105263,0.1184210526315789,0.616645371598932,0.4120702082002391,0.2045751633986928,0.6202227178254576,0.3887177282452501,0.2315049895802074,354,152,0.7302631578947368,0.625,0.1052631578947368,0.6764992546726292,0.3780709944796632,0.298428260192966,0.6699547913345928,0.3583438497210738,0.311610941613519
SPOC_vs_TESSCut,SPOC,50,91,354,152,0.8026315789473685,0.6710526315789473,0.1315789473684211,0.6884823715061074,0.4106942192081511,0.2777881522979562,0.7067172907308132,0.3794207279678602,0.327296562762953,354,152,0.6973684210526315,0.6776315789473685,0.019736842105263,0.591827608236277,0.40880223434403,0.1830253738922469,0.6048713404160999,0.3878311638545557,0.2170401765615441
SPOC_vs_TESSCut,SPOC,51,92,354,152,0.7368421052631579,0.5460526315789473,0.1907894736842105,0.6227073675474089,0.3378282307074877,0.2848791368399211,0.6480876336139495,0.3238649851553077,0.3242226484586417,354,152,0.6776315789473685,0.5263157894736842,0.1513157894736843,0.5684538142742476,0.3274173997084214,0.2410364145658262,0.5743463104940734,0.3136880266509896,0.2606582838430837
SPOC_vs_TESSCut,SPOC,52,93,354,152,0.7368421052631579,0.5986842105263158,0.138157894736842,0.5680057988107524,0.368409040029267,0.1995967587814853,0.5722877945100167,0.3465320810221569,0.2257557134878597,354,152,0.6907894736842105,0.6118421052631579,0.0789473684210526,0.5387562042360804,0.3706136255671859,0.1681425786688944,0.5289131351196893,0.3471735421057914,0.1817395930138978
SPOC_vs_TESSCut,SPOC,53,94,354,152,0.7763157894736842,0.6447368421052632,0.131578947368421,0.6048443548959545,0.3995326005645923,0.2053117543313621,0.6155282409300917,0.3810897894256956,0.2344384515043961,354,152,0.7105263157894737,0.6118421052631579,0.0986842105263158,0.5697921273772667,0.3743017674906219,0.1954903598866447,0.5496740600402066,0.3495037919759646,0.2001702680642419
SPOC_vs_TESSCut,SPOC,54,95,354,152,0.75,0.5855263157894737,0.1644736842105263,0.5934635062602038,0.3554687372024833,0.2379947690577205,0.6054840859848082,0.3302605323065681,0.2752235536782401,354,152,0.6907894736842105,0.5789473684210527,0.1118421052631578,0.5988926564777958,0.335229413402788,0.2636632430750077,0.5813872054844686,0.3103892209155366,0.270997984568932
SPOC_vs_TESSCut,SPOC,55,96,354,152,0.7631578947368421,0.5921052631578947,0.1710526315789474,0.5692960615045238,0.3648180909790817,0.2044779705254421,0.5670194003527338,0.33980305555629,0.2272163447964437,354,152,0.6973684210526315,0.5855263157894737,0.1118421052631578,0.5329541173194424,0.3560101233475846,0.1769439939718577,0.5269715111460905,0.3298601325903464,0.1971113785557441
SPOC_vs_TESSCut,SPOC,56,97,354,152,0.75,0.6447368421052632,0.1052631578947368,0.6266100982303253,0.3992058031789713,0.2274042950513539,0.6343878140211079,0.3798106509211114,0.2545771630999964,354,152,0.6973684210526315,0.6118421052631579,0.0855263157894736,0.6117900961554211,0.3649024522089538,0.2468876439464673,0.602307665672773,0.3349487256073277,0.2673589400654453
SPOC_vs_TESSCut,SPOC,57,98,354,152,0.7171052631578947,0.625,0.0921052631578946,0.5723669194773426,0.4085726298316597,0.1637942896456828,0.5737200435729847,0.4016327732174727,0.1720872703555119,354,152,0.6973684210526315,0.5921052631578947,0.1052631578947368,0.5948154700476683,0.361245433846053,0.2335700362016153,0.6039599047941917,0.3424255443536126,0.2615343604405791
SPOC_vs_TESSCut,SPOC,58,99,354,152,0.7960526315789473,0.6513157894736842,0.1447368421052631,0.5715162088227104,0.4265822508340568,0.1449339579886535,0.5923247904596542,0.4284065598775629,0.1639182305820913,354,152,0.756578947368421,0.6052631578947368,0.1513157894736841,0.5731813193113502,0.3746596884367782,0.1985216308745719,0.5752643305922018,0.3558764777155582,0.2193878528766436
SPOC_vs_TESSCut,SPOC,59,100,354,152,0.7697368421052632,0.6644736842105263,0.1052631578947368,0.628202587077716,0.4074912226099016,0.2207113644678143,0.6586278850390768,0.3935665039230404,0.2650613811160364,354,152,0.6907894736842105,0.6381578947368421,0.0526315789473683,0.5433592150310417,0.3791947188232017,0.1641644962078399,0.5545657841037195,0.3601402459396501,0.1944255381640693
SPOC_vs_TESSCut,SPOC,60,101,354,152,0.7828947368421053,0.631578947368421,0.1513157894736843,0.6568018630454131,0.4004701295722967,0.2563317334731164,0.6669179310806853,0.3854536551226766,0.2814642759580086,354,152,0.7105263157894737,0.5723684210526315,0.1381578947368421,0.5957581863154618,0.3531934411191376,0.2425647451963242,0.5919768534176895,0.3289995561813718,0.2629772972363177
SPOC_vs_TESSCut,SPOC,61,102,354,152,0.7171052631578947,0.5657894736842105,0.1513157894736841,0.5512678755712811,0.3489101293538857,0.2023577462173953,0.5718810233619243,0.3305390843205969,0.2413419390413273,354,152,0.6907894736842105,0.5789473684210527,0.1118421052631578,0.5339009287925697,0.3536013235703638,0.1802996052222058,0.5517462951673479,0.3262704767492729,0.2254758184180749
SPOC_vs_TESSCut,SPOC,62,103,354,152,0.7302631578947368,0.6118421052631579,0.1184210526315789,0.4979777876062705,0.3885050316422865,0.109472755963984,0.4751032674278287,0.3625685593423042,0.1125347080855245,354,152,0.6776315789473685,0.5855263157894737,0.0921052631578948,0.5159516438154209,0.3528232345569806,0.1631284092584403,0.4840971554140776,0.3289970158854699,0.1551001395286076
SPOC_vs_TESSCut,SPOC,63,104,354,152,0.7697368421052632,0.5855263157894737,0.1842105263157895,0.5523525589573061,0.3726931708355856,0.1796593881217204,0.5508414233701591,0.3670572803251019,0.1837841430450572,354,152,0.6776315789473685,0.5460526315789473,0.1315789473684211,0.4866954969122152,0.3207635100823955,0.1659319868298196,0.4798000501631482,0.2976944088652571,0.182105641297891
SPOC_vs_TESSCut,SPOC,64,105,354,152,0.7828947368421053,0.5789473684210527,0.2039473684210526,0.6066631720914486,0.3641983499052642,0.2424648221861843,0.5963666963666964,0.3502586282340044,0.2461080681326919,354,152,0.7171052631578947,0.5197368421052632,0.1973684210526315,0.5605050207217389,0.3276418169607024,0.2328632037610364,0.5382627865961198,0.3113927459133145,0.2268700406828052
SPOC_vs_TESSCut,SPOC,65,106,354,152,0.75,0.6513157894736842,0.0986842105263158,0.5880239815224334,0.4070333786536056,0.1809906028688277,0.582863776281403,0.3943669738806809,0.188496802400722,354,152,0.6447368421052632,0.6052631578947368,0.0394736842105263,0.5305420413779547,0.3661940799711697,0.1643479614067849,0.5213500724261126,0.3439756897529235,0.1773743826731891
SPOC_vs_TESSCut,SPOC,66,107,354,152,0.756578947368421,0.6644736842105263,0.0921052631578946,0.6322311770712183,0.4093365221332197,0.2228946549379986,0.6418956442764481,0.3902278902278902,0.2516677540485578,354,152,0.7236842105263158,0.6381578947368421,0.0855263157894736,0.6080863924517175,0.390812816354612,0.2172735760971054,0.5997324754329586,0.3650982305012251,0.2346342449317334
SPOC_vs_TESSCut,SPOC,67,108,354,152,0.8026315789473685,0.6776315789473685,0.125,0.6237207943606292,0.4193465690369715,0.2043742253236576,0.6366444702453377,0.3962031275284287,0.2404413427169089,354,152,0.7236842105263158,0.6907894736842105,0.0328947368421053,0.563735318688879,0.4258825167493898,0.1378528019394892,0.560355746105014,0.402548452869082,0.157807293235932
SPOC_vs_TESSCut,SPOC,68,109,354,152,0.7828947368421053,0.5986842105263158,0.1842105263157895,0.6176257637557947,0.3974129222839233,0.2202128414718713,0.6462342684564906,0.3875133892960718,0.2587208791604187,354,152,0.6776315789473685,0.5723684210526315,0.1052631578947369,0.5546193916162957,0.3552664340590037,0.199352957557292,0.5704184838843295,0.3278099877603955,0.2426084961239339
SPOC_vs_TESSCut,SPOC,69,110,354,152,0.756578947368421,0.6052631578947368,0.1513157894736841,0.602160630334005,0.3670475207626911,0.2351131095713139,0.6385259160013843,0.3489682254596888,0.2895576905416954,354,152,0.6710526315789473,0.5723684210526315,0.0986842105263158,0.5103182793585269,0.3493122785176448,0.1610060008408821,0.5108562003298845,0.3373305057515583,0.1735256945783262
SPOC_vs_TESSCut,SPOC,70,111,354,152,0.7368421052631579,0.6907894736842105,0.0460526315789473,0.5345744535631016,0.4128261831048209,0.1217482704582807,0.5332942100965357,0.3787487208004603,0.1545454892960753,354,152,0.7039473684210527,0.6513157894736842,0.0526315789473684,0.5290792340327944,0.379558373056825,0.1495208609759694,0.5282404692082111,0.3388298763620365,0.1894105928461746
SPOC_vs_TESSCut,SPOC,71,112,354,152,0.7960526315789473,0.6776315789473685,0.1184210526315788,0.6954917249550892,0.4330027137560677,0.2624890111990214,0.70944981679633,0.4283103007126735,0.2811395160836564,354,152,0.6776315789473685,0.618421052631579,0.0592105263157894,0.5987681622356544,0.3885926690364254,0.210175493199229,0.6006162731715298,0.3772791011322702,0.2233371720392595
SPOC_vs_TESSCut,SPOC,72,113,354,152,0.756578947368421,0.6381578947368421,0.1184210526315788,0.56639119585456,0.3921907164425224,0.1742004794120376,0.5721216414878386,0.3777930313186076,0.1943286101692309,354,152,0.6644736842105263,0.5723684210526315,0.0921052631578948,0.4839839249539972,0.3417063901584025,0.1422775347955946,0.4769005517400896,0.3263357616215434,0.1505647901185462
SPOC_vs_TESSCut,SPOC,73,114,354,152,0.7302631578947368,0.5986842105263158,0.131578947368421,0.5653226202761806,0.3785222861074254,0.1868003341687552,0.5650670450420564,0.3485700907081039,0.2164969543339524,354,152,0.6973684210526315,0.5986842105263158,0.0986842105263157,0.5285722476124952,0.3724097826265009,0.1561624649859943,0.5074854158187492,0.349334748021655,0.1581506677970942
SPOC_vs_TESSCut,SPOC,74,115,354,152,0.7894736842105263,0.618421052631579,0.1710526315789473,0.6927424771078022,0.3787491604829066,0.3139933166248956,0.6661755188799242,0.360267185248653,0.3059083336312712,354,152,0.7105263157894737,0.5986842105263158,0.1118421052631578,0.5954657886546432,0.3690386095958851,0.226427179058758,0.582855207699097,0.3488304412833682,0.2340247664157287
SPOC_vs_TESSCut,SPOC,75,116,354,152,0.7960526315789473,0.6578947368421053,0.138157894736842,0.6754189395056268,0.4053376906318082,0.2700812488738185,0.7123273213827935,0.3753942796043839,0.3369330417784096,354,152,0.7171052631578947,0.6118421052631579,0.1052631578947368,0.5778621390076498,0.3755213196389667,0.2023408193686831,0.5871839708046604,0.3442951025007432,0.2428888683039172
SPOC_vs_TESSCut,SPOC,76,117,354,152,0.7763157894736842,0.618421052631579,0.1578947368421052,0.6890769953205454,0.4111897390535161,0.2778872562670293,0.6782954045263043,0.4087395696091348,0.2695558349171695,354,152,0.7171052631578947,0.5921052631578947,0.125,0.5837756155093616,0.3821948662505938,0.2015807492587678,0.5632587985045919,0.3708166255364281,0.1924421729681638
SPOC_vs_TESSCut,SPOC,77,118,354,152,0.8092105263157895,0.6447368421052632,0.1644736842105263,0.6660889697009408,0.4038587754790025,0.2622301942219383,0.68769008270663,0.3902246002517004,0.2974654824549295,354,152,0.7236842105263158,0.631578947368421,0.0921052631578948,0.6191319802774911,0.4016159680246367,0.2175160122528543,0.6092471920542095,0.3936459845035348,0.2156012075506747
SPOC_vs_TESSCut,SPOC,78,119,354,152,0.75,0.5723684210526315,0.1776315789473684,0.6094195182946474,0.3528797483905843,0.2565397699040631,0.6483081244340513,0.3326865695477708,0.3156215548862804,354,152,0.7368421052631579,0.5394736842105263,0.1973684210526315,0.6160507477844939,0.3219552148344717,0.2940955329500221,0.6304060714869908,0.2973844239729594,0.3330216475140313
SPOC_vs_TESSCut,SPOC,79,120,354,152,0.756578947368421,0.5921052631578947,0.1644736842105263,0.5882101768582677,0.3749138641811499,0.2132963126771177,0.5802183860685077,0.3594412035581011,0.2207771825104065,354,152,0.7105263157894737,0.5986842105263158,0.1118421052631578,0.5429234851835472,0.3815276207949066,0.1613958643886405,0.5349539674101078,0.3673178205362113,0.1676361468738965
SPOC_vs_TESSCut,SPOC,80,121,354,152,0.756578947368421,0.5723684210526315,0.1842105263157895,0.5953710529045926,0.3639305234764471,0.2314405294281454,0.6143346630801828,0.3551280408083714,0.2592066222718114,354,152,0.6644736842105263,0.5526315789473685,0.1118421052631578,0.5482325093780203,0.3410028338820908,0.2072296754959294,0.5623103888415628,0.323601861188989,0.2387085276525737
SPOC_vs_TESSCut,SPOC,81,122,354,152,0.7697368421052632,0.6381578947368421,0.131578947368421,0.5994321315270748,0.3886530050616737,0.210779126465401,0.6135559267979359,0.3603974289793771,0.2531584978185587,354,152,0.7171052631578947,0.6381578947368421,0.0789473684210525,0.5531254607106,0.3893532851737186,0.1637721755368814,0.5448354840511703,0.3682031068242581,0.1766323772269122
SPOC_vs_TESSCut,SPOC,82,123,354,152,0.7631578947368421,0.625,0.1381578947368421,0.6660332749084038,0.3962146652033133,0.2698186097050905,0.6876017916352772,0.3782276221762361,0.3093741694590411,354,152,0.7302631578947368,0.618421052631579,0.1118421052631578,0.628351106524481,0.3797295526397694,0.2486215538847116,0.6296038805842729,0.3564734648067981,0.2731304157774747
SPOC_vs_TESSCut,SPOC,83,124,354,152,0.75,0.6447368421052632,0.1052631578947368,0.5436950218683965,0.4018149950038495,0.1418800268645469,0.5453342953342954,0.3844152889972967,0.1609190063369986,354,152,0.6842105263157895,0.6052631578947368,0.0789473684210526,0.5051206447491277,0.3656494176618016,0.139471227087326,0.5065310049027323,0.3394895953035488,0.1670414095991834
SPOC_vs_TESSCut,SPOC,84,125,354,152,0.7302631578947368,0.625,0.1052631578947368,0.5668820744672138,0.3762568185168804,0.1906252559503334,0.5527124061528627,0.3628415353629551,0.1898708707899075,354,152,0.6842105263157895,0.5789473684210527,0.1052631578947368,0.5596024374662145,0.3404491621209887,0.2191532753452257,0.5542013636241141,0.3213890360949184,0.2328123275291956
SPOC_vs_TESSCut,SPOC,85,126,354,152,0.8223684210526315,0.6447368421052632,0.1776315789473683,0.6801256955023725,0.3955870067325175,0.2845386887698549,0.6905306358207955,0.3647408637855258,0.3257897720352697,354,152,0.7171052631578947,0.625,0.0921052631578946,0.5780767277671301,0.3802430913886022,0.1978336363785279,0.5757172075586398,0.3532701944094349,0.2224470131492048
SPOC_vs_TESSCut,SPOC,86,127,354,152,0.75,0.5723684210526315,0.1776315789473684,0.6277889713390229,0.3610308450865727,0.2667581262524502,0.6682568838433404,0.3512283200879691,0.3170285637553712,354,152,0.6710526315789473,0.5526315789473685,0.1184210526315788,0.5702499713335626,0.3438350778908055,0.2264148934427571,0.5699308188007708,0.3310710371809834,0.2388597816197873
SPOC_vs_TESSCut,SPOC,87,128,354,152,0.7171052631578947,0.5921052631578947,0.125,0.5560349675932751,0.367528570882544,0.1885063967107311,0.5660917419859581,0.3535784634018444,0.2125132785841137,354,152,0.6776315789473685,0.5657894736842105,0.1118421052631579,0.5461857257522892,0.3407259980015398,0.2054597277507494,0.5316261684186212,0.3209693602810997,0.2106568081375214
SPOC_vs_TESSCut,SPOC,88,129,354,152,0.8026315789473685,0.6710526315789473,0.1315789473684211,0.5902992776057792,0.4110171944021272,0.1792820832036519,0.5838507460183527,0.3987319126907228,0.1851188333276299,354,152,0.6973684210526315,0.6644736842105263,0.0328947368421052,0.5202098383212934,0.3994651661834324,0.120744672137861,0.4960620505512146,0.3870307629172877,0.1090312876339268
SPOC_vs_TESSCut,SPOC,89,130,354,152,0.7631578947368421,0.631578947368421,0.1315789473684211,0.627033542461819,0.3844259341163366,0.2426076083454824,0.6654157124115623,0.3594936944852267,0.3059220179263355,354,152,0.7236842105263158,0.5921052631578947,0.1315789473684211,0.5997141546677149,0.3592780972037938,0.2404360574639211,0.6238873943583348,0.333211521344419,0.2906758730139158
SPOC_vs_TESSCut,SPOC,90,131,354,152,0.7697368421052632,0.6513157894736842,0.1184210526315789,0.6443076645863024,0.4276027760031888,0.2167048885831136,0.6491594101938929,0.4219423625009778,0.2272170476929151,354,152,0.7171052631578947,0.631578947368421,0.0855263157894736,0.6149141917975767,0.3955091978311792,0.2194049939663974,0.632835517024637,0.3776528498440649,0.2551826671805721
SPOC_vs_TESSCut,SPOC,91,132,354,152,0.7697368421052632,0.618421052631579,0.1513157894736841,0.5803746839866551,0.368624993857192,0.2117496901294631,0.5780066575917827,0.342755549744797,0.2352511078469856,354,152,0.7171052631578947,0.5855263157894737,0.131578947368421,0.5162374891477058,0.3468385014824643,0.1693989876652415,0.5055232364577691,0.3158116355339712,0.1897116009237979
SPOC_vs_TESSCut,SPOC,92,133,354,152,0.743421052631579,0.6578947368421053,0.0855263157894736,0.5717548227868146,0.4163204853091333,0.1554343374776812,0.5699685487019676,0.3993195639103586,0.1706489847916089,354,152,0.7171052631578947,0.631578947368421,0.0855263157894736,0.5882451226104477,0.3833120382655986,0.204933084344849,0.5679558232296887,0.3595034508987997,0.208452372330889
SPOC_vs_TESSCut,SPOC,93,134,354,152,0.7697368421052632,0.6776315789473685,0.0921052631578946,0.5793970219666814,0.416219470244238,0.1631775517224433,0.575108868266763,0.3991819252196113,0.1759269430471516,354,152,0.7302631578947368,0.6578947368421053,0.0723684210526315,0.5799326748243157,0.4056497452782281,0.1742829295460874,0.5625942876514958,0.3833342276885211,0.1792600599629746
SPOC_vs_TESSCut,SPOC,94,135,354,152,0.756578947368421,0.5921052631578947,0.1644736842105263,0.5346126754795486,0.3595642155497677,0.1750484599297808,0.5283904277792223,0.3485295514776569,0.1798608763015654,354,152,0.7105263157894737,0.5526315789473685,0.1578947368421052,0.5224933248153062,0.3288711976018477,0.1936221272134584,0.5233030609374695,0.3150807654722628,0.2082222954652066
SPOC_vs_TESSCut,SPOC,95,136,354,152,0.75,0.6513157894736842,0.0986842105263158,0.556927722355999,0.4062001408750635,0.1507275814809354,0.549287632620966,0.3987733683385857,0.1505142642823803,354,152,0.7039473684210527,0.6381578947368421,0.0657894736842105,0.5897767294052123,0.4057766966435697,0.1840000327616426,0.5756660459596942,0.402000466818058,0.1736655791416361
SPOC_vs_TESSCut,SPOC,96,137,354,152,0.8026315789473685,0.6513157894736842,0.1513157894736843,0.6157517977951413,0.3958237096007994,0.2199280881943419,0.6171277892476388,0.3765252965252965,0.2406024927223422,354,152,0.7105263157894737,0.6118421052631579,0.0986842105263158,0.5641055252510361,0.3687961734401362,0.1953093518108998,0.5571261114675166,0.3482354371635435,0.208890674303973
SPOC_vs_TESSCut,SPOC,97,138,354,152,0.7368421052631579,0.5789473684210527,0.1578947368421052,0.6021379701978257,0.3555408128163546,0.246597157381471,0.6161182713143033,0.3454810365921477,0.2706372347221556,354,152,0.6513157894736842,0.5855263157894737,0.0657894736842105,0.5434091765361114,0.3634947936289526,0.1799143829071588,0.5265566762194434,0.3527867679704439,0.1737699082489994
SPOC_vs_TESSCut,SPOC,98,139,354,152,0.743421052631579,0.6578947368421053,0.0855263157894736,0.5823095319999345,0.4132283322685799,0.1690811997313546,0.5913752196037053,0.400670391826561,0.1907048277771443,354,152,0.6973684210526315,0.625,0.0723684210526315,0.5692682141082553,0.3955812734450505,0.1736869406632048,0.5934726453244972,0.3898015588345532,0.2036710864899439
SPOC_vs_TESSCut,SPOC,99,140,354,152,0.7763157894736842,0.6381578947368421,0.138157894736842,0.6668872617273031,0.3839066620800366,0.2829805996472664,0.6499789666456333,0.363164069046422,0.2868148975992112,354,152,0.6973684210526315,0.6118421052631579,0.0855263157894736,0.6131783707635101,0.3694342064311104,0.2437441643323996,0.5774813301808606,0.3446416017844589,0.2328397283964016
SPOC_vs_TESSCut,SPOC,100,141,354,152,0.7697368421052632,0.6578947368421053,0.1118421052631578,0.6112331482300521,0.4145011220862614,0.1967320261437907,0.6084585408604439,0.4114854281793918,0.1969731126810521,354,152,0.7302631578947368,0.631578947368421,0.0986842105263158,0.6017371861025113,0.394037381034285,0.2076998050682262,0.5787979191460204,0.3861720839566617,0.1926258351893586
QLP_vs_TESSCut,QLP,1,42,948,407,0.6805896805896806,0.5184275184275184,0.1621621621621621,0.4171103566651511,0.2645903547872726,0.1525200018778785,0.4402857491143839,0.261157796451914,0.1791279526624699,948,407,0.6732186732186732,0.5233415233415234,0.1498771498771498,0.4111689986404598,0.2722994376247801,0.1388695610156797,0.4354677528159605,0.2761397406687831,0.1593280121471774
QLP_vs_TESSCut,QLP,2,43,948,407,0.6707616707616708,0.5405405405405406,0.1302211302211302,0.421681529087351,0.2851981230548582,0.1364834060324928,0.45774211174983,0.2852895574926056,0.1724525542572244,948,407,0.6633906633906634,0.5307125307125307,0.1326781326781327,0.4207762419805799,0.2796801937070202,0.1410960482735597,0.4523554297122732,0.2822970859655642,0.1700583437467089
QLP_vs_TESSCut,QLP,3,44,948,407,0.6904176904176904,0.5454545454545454,0.144963144963145,0.43464990742388,0.2852380622928568,0.1494118451310232,0.470362942536941,0.2907265999779176,0.1796363425590234,948,407,0.6781326781326781,0.5208845208845209,0.1572481572481572,0.4251095635085361,0.264669732221102,0.160439831287434,0.4611989217806002,0.2680146628279178,0.1931842589526823
QLP_vs_TESSCut,QLP,4,45,948,407,0.6535626535626535,0.5307125307125307,0.1228501228501228,0.4320260456818676,0.2767816167216852,0.1552444289601823,0.4516577832147577,0.2767193881137709,0.1749383951009868,948,407,0.6412776412776413,0.5061425061425061,0.1351351351351352,0.4193396579954799,0.2657067728272066,0.1536328851682733,0.4326070462263774,0.2695745546172974,0.16303249160908
QLP_vs_TESSCut,QLP,5,46,948,407,0.6609336609336609,0.5528255528255528,0.1081081081081081,0.4132160647571606,0.3010922787891966,0.112123785967964,0.4412153317044358,0.2979484840358908,0.1432668476685449,948,407,0.6609336609336609,0.5356265356265356,0.1253071253071253,0.4102958468683354,0.2942838089527587,0.1160120379155766,0.4450581094874247,0.2961667711667712,0.1488913383206535
QLP_vs_TESSCut,QLP,6,47,948,407,0.683046683046683,0.5307125307125307,0.1523341523341523,0.4281297496052062,0.285175123160283,0.1429546264449232,0.461318532126504,0.2901904755301853,0.1711280565963187,948,407,0.6707616707616708,0.5135135135135135,0.1572481572481573,0.4140268676655663,0.2652966801083239,0.1487301875572423,0.4442876498669899,0.2674081640151637,0.1768794858518261
QLP_vs_TESSCut,QLP,7,48,948,407,0.687960687960688,0.5331695331695332,0.1547911547911548,0.4404631908341954,0.2716141286204071,0.1688490622137883,0.4760077940344733,0.281221708011624,0.1947860860228493,948,407,0.687960687960688,0.5307125307125307,0.1572481572481573,0.4356475304249276,0.2741930887478833,0.1614544416770443,0.472283314341774,0.2852498448348828,0.1870334695068912
QLP_vs_TESSCut,QLP,8,49,948,407,0.6977886977886978,0.5085995085995086,0.1891891891891891,0.4566414374776246,0.2720022715741894,0.1846391659034352,0.4826444550767766,0.2696718658512448,0.2129725892255318,948,407,0.6855036855036855,0.4815724815724815,0.2039312039312039,0.4427589660466372,0.2560719241227231,0.186687041923914,0.4730441800783356,0.2488439563996024,0.2242002236787332
QLP_vs_TESSCut,QLP,9,50,948,407,0.6584766584766585,0.5036855036855037,0.1547911547911548,0.3980406437170136,0.2691515338204835,0.12888910989653,0.4286154527614599,0.2667221892682065,0.1618932634932534,948,407,0.6412776412776413,0.5208845208845209,0.1203931203931204,0.3793462593976293,0.2883904548858886,0.0909558045117406,0.4020706963033544,0.2944379947118969,0.1076327015914574
QLP_vs_TESSCut,QLP,10,51,948,407,0.6855036855036855,0.5257985257985258,0.1597051597051596,0.4418181529910982,0.2785223333025844,0.1632958196885138,0.4725527710174782,0.2824227758338726,0.1901299951836055,948,407,0.6388206388206388,0.4987714987714988,0.14004914004914,0.3972484960498659,0.2595114825137656,0.1377370135361003,0.4235940792672764,0.2649297535778444,0.158664325689432
QLP_vs_TESSCut,QLP,11,52,948,407,0.6781326781326781,0.542997542997543,0.1351351351351351,0.4030878542436761,0.292174229246147,0.1109136249975291,0.4274099538790588,0.2952465199939328,0.1321634338851259,948,407,0.6732186732186732,0.5184275184275184,0.1547911547911548,0.3994608099916318,0.2715342981895493,0.1279265118020825,0.42198319816135,0.2668879094764593,0.1550952886848907
QLP_vs_TESSCut,QLP,12,53,948,407,0.6732186732186732,0.5503685503685504,0.1228501228501228,0.4337258209404327,0.2934922790088314,0.1402335419316013,0.4619821248000093,0.3032055827373611,0.1587765420626482,948,407,0.6584766584766585,0.5184275184275184,0.14004914004914,0.4177760975706181,0.2640560997010769,0.1537199978695412,0.4434034836220195,0.2693897962611167,0.1740136873609027
QLP_vs_TESSCut,QLP,13,54,948,407,0.6658476658476659,0.5110565110565111,0.1547911547911548,0.4207757889835515,0.2840452524813255,0.136730536502226,0.4455536665926794,0.2936209937929924,0.1519326727996869,948,407,0.6511056511056511,0.5061425061425061,0.144963144963145,0.4076530416142288,0.2702147453003617,0.137438296313867,0.4267628654759408,0.2732949276086486,0.1534679378672921
QLP_vs_TESSCut,QLP,14,55,948,407,0.6732186732186732,0.5233415233415234,0.1498771498771498,0.4771837133566586,0.2835455693047017,0.1936381440519569,0.4827970955247511,0.2875076091018664,0.1952894864228846,948,407,0.6658476658476659,0.5135135135135135,0.1523341523341523,0.4653134272711898,0.2754992850883261,0.1898141421828637,0.4714453407409757,0.2801654069127965,0.1912799338281792
QLP_vs_TESSCut,QLP,15,56,948,407,0.6732186732186732,0.5135135135135135,0.1597051597051597,0.442477119531914,0.2761276400117725,0.1663494795201415,0.4658331795834795,0.2737262981221077,0.1921068814613717,948,407,0.6535626535626535,0.4987714987714988,0.1547911547911547,0.4147132267994139,0.2602840414912333,0.1544291853081806,0.4352224434912567,0.2584072326265036,0.176815210864753
QLP_vs_TESSCut,QLP,16,57,948,407,0.683046683046683,0.5307125307125307,0.1523341523341523,0.464716329142699,0.2757409521393539,0.188975377003345,0.4995778122930747,0.2749326662599311,0.2246451460331435,948,407,0.6609336609336609,0.5135135135135135,0.1474201474201474,0.4454579154778926,0.2675936015405193,0.1778643139373732,0.4667450558403969,0.2669583293604181,0.1997867264799788
QLP_vs_TESSCut,QLP,17,58,948,407,0.6511056511056511,0.547911547911548,0.1031941031941031,0.3824965242773462,0.3072582478404396,0.0752382764369066,0.4038504555569104,0.303241461852077,0.1006089937048334,948,407,0.6511056511056511,0.5282555282555282,0.1228501228501228,0.3800553987911294,0.2868006480877485,0.0932547507033808,0.4013863175762568,0.2839962997929457,0.1173900177833111
QLP_vs_TESSCut,QLP,18,59,948,407,0.6855036855036855,0.5528255528255528,0.1326781326781326,0.4584793081939201,0.2930744578861017,0.1654048503078183,0.4869569830001805,0.2972372837377599,0.1897196992624205,948,407,0.6683046683046683,0.5184275184275184,0.1498771498771498,0.4618473616903983,0.2716724897375582,0.1901748719528401,0.4826583102233938,0.2771333505563904,0.2055249596670034
QLP_vs_TESSCut,QLP,19,60,948,407,0.6732186732186732,0.5036855036855037,0.1695331695331695,0.4078622850597736,0.2641407071915063,0.1437215778682673,0.4417665260702352,0.2631648274360095,0.1786016986342256,948,407,0.6584766584766585,0.4889434889434889,0.1695331695331695,0.3957371126463592,0.2502472608779686,0.1454898517683905,0.4295125856179266,0.2475396953850541,0.1819728902328724
QLP_vs_TESSCut,QLP,20,61,948,407,0.6535626535626535,0.5208845208845209,0.1326781326781326,0.4333253921581547,0.2872635904599375,0.1460618016982172,0.4572368002159769,0.2929315530584967,0.1643052471574801,948,407,0.6535626535626535,0.515970515970516,0.1375921375921375,0.4377832604145389,0.281163758974832,0.156619501439707,0.4625647584577275,0.2862710084194581,0.1762937500382694
QLP_vs_TESSCut,QLP,21,62,948,407,0.6928746928746928,0.5307125307125307,0.1621621621621621,0.4625145096320895,0.2930529405272556,0.1694615691048339,0.4834176123754709,0.2947548987988446,0.1886627135766263,948,407,0.6855036855036855,0.5233415233415234,0.162162162162162,0.4376673755383801,0.2850621759012169,0.1526051996371631,0.4580290450323937,0.2901698660271388,0.1678591790052549
QLP_vs_TESSCut,QLP,22,63,948,407,0.6658476658476659,0.5454545454545454,0.1203931203931204,0.4345660206105411,0.287948343513412,0.1466176770971291,0.4432524235975614,0.2895747313074557,0.1536776922901057,948,407,0.6535626535626535,0.5257985257985258,0.1277641277641277,0.4261164935394388,0.2823354083342667,0.143781085205172,0.4411933404521258,0.2834396767796268,0.157753663672499
QLP_vs_TESSCut,QLP,23,64,948,407,0.6756756756756757,0.5061425061425061,0.1695331695331695,0.4509115672928458,0.2717786420411991,0.1791329252516467,0.4671023386698299,0.2750224197304348,0.192079918939395,948,407,0.683046683046683,0.4815724815724815,0.2014742014742014,0.4518393532520244,0.2604384379783923,0.1914009152736321,0.4674749108805561,0.2608572551410243,0.2066176557395318
QLP_vs_TESSCut,QLP,24,65,948,407,0.6560196560196561,0.4914004914004914,0.1646191646191646,0.42115899015157,0.2434382625449977,0.1777207276065723,0.4433639061996141,0.2436781689576254,0.1996857372419886,948,407,0.6461916461916462,0.5036855036855037,0.1425061425061424,0.4146986485314111,0.2544450607949466,0.1602535877364644,0.4372558896398862,0.2522957820299111,0.184960107609975
QLP_vs_TESSCut,QLP,25,66,948,407,0.6560196560196561,0.5036855036855037,0.1523341523341523,0.4541381347174726,0.2642522474143478,0.1898858873031247,0.476896186246266,0.2666507729048166,0.2102454133414494,948,407,0.6486486486486487,0.5012285012285013,0.1474201474201474,0.4484773603066982,0.2711009928047599,0.1773763675019382,0.4597695020619795,0.2820171435053903,0.1777523585565891
QLP_vs_TESSCut,QLP,26,67,948,407,0.6658476658476659,0.5061425061425061,0.1597051597051597,0.430154509050057,0.2627756761461099,0.1673788329039471,0.4643239787643318,0.2639587434887822,0.2003652352755496,948,407,0.6609336609336609,0.4963144963144963,0.1646191646191646,0.4272554790676937,0.2533947116852368,0.1738607673824568,0.4601241045217384,0.2539771434123581,0.2061469611093803
QLP_vs_TESSCut,QLP,27,68,948,407,0.6756756756756757,0.5257985257985258,0.1498771498771498,0.4358095111805157,0.2786207297480129,0.1571887814325028,0.4621836467643568,0.2788385698886368,0.1833450768757199,948,407,0.6511056511056511,0.515970515970516,0.1351351351351351,0.4138077955572247,0.2737642241066899,0.1400435714505348,0.4395439816441902,0.2738889915233167,0.1656549901208734
QLP_vs_TESSCut,QLP,28,69,948,407,0.6609336609336609,0.515970515970516,0.1449631449631448,0.4469470128003232,0.2711627170816668,0.1757842957186564,0.4746892052931321,0.2691413792725546,0.2055478260205775,948,407,0.6560196560196561,0.5184275184275184,0.1375921375921376,0.4383996383710995,0.2702872522792613,0.1681123860918381,0.4574384452101843,0.2715471663254096,0.1858912788847746
QLP_vs_TESSCut,QLP,29,70,948,407,0.6805896805896806,0.5110565110565111,0.1695331695331695,0.4655637355837128,0.2803008202266193,0.1852629153570935,0.4805833300670816,0.2703439396798425,0.2102393903872391,948,407,0.6756756756756757,0.5061425061425061,0.1695331695331695,0.4622403228853,0.2700940421830832,0.1921462807022168,0.483042192121932,0.261642760604316,0.2213994315176159
QLP_vs_TESSCut,QLP,30,71,948,407,0.6437346437346437,0.5528255528255528,0.0909090909090909,0.3967321823914289,0.3129974250550735,0.0837347573363554,0.4326006840760767,0.3204334626866061,0.1121672213894706,948,407,0.6412776412776413,0.5061425061425061,0.1351351351351352,0.3915688467629106,0.2832558022055739,0.1083130445573367,0.4264045895764845,0.2877484594279057,0.1386561301485788
QLP_vs_TESSCut,QLP,31,72,948,407,0.6461916461916462,0.5454545454545454,0.1007371007371007,0.4287120361035886,0.297353193272143,0.1313588428314456,0.4591399170310631,0.2986360042121554,0.1605039128189077,948,407,0.6240786240786241,0.5233415233415234,0.1007371007371007,0.4128110579594597,0.2757060233230324,0.1371050346364273,0.4318496310053961,0.2770339788578733,0.1548156521475228
QLP_vs_TESSCut,QLP,32,73,948,407,0.687960687960688,0.5233415233415234,0.1646191646191646,0.4833295926760538,0.2760698279819284,0.2072597646941254,0.4905747357285355,0.2737319943326298,0.2168427413959057,948,407,0.6732186732186732,0.4914004914004914,0.1818181818181818,0.4722621202786727,0.2498086087555265,0.2224535115231462,0.465495019596737,0.2487711818906686,0.2167238377060683
QLP_vs_TESSCut,QLP,33,74,948,407,0.7076167076167076,0.5307125307125307,0.1769041769041769,0.4685184018374657,0.2790794921930766,0.1894389096443891,0.5006852657037565,0.286954071560864,0.2137311941428924,948,407,0.7027027027027027,0.5208845208845209,0.1818181818181818,0.4479546291903598,0.2756224453713038,0.1723321838190559,0.4813708426317321,0.2822742093668802,0.1990966332648518
QLP_vs_TESSCut,QLP,34,75,948,407,0.683046683046683,0.5282555282555282,0.1547911547911548,0.4549964199507578,0.2877784696277847,0.1672179503229731,0.4753414347727971,0.2905775686317706,0.1847638661410265,948,407,0.6781326781326781,0.5208845208845209,0.1572481572481572,0.4501353568847861,0.2839144324304141,0.1662209244543719,0.4637909076537916,0.288920331214238,0.1748705764395535
QLP_vs_TESSCut,QLP,35,76,948,407,0.6461916461916462,0.515970515970516,0.1302211302211301,0.4016299656710616,0.273576738245688,0.1280532274253736,0.433938134297425,0.2788545146527988,0.1550836196446262,948,407,0.6412776412776413,0.5036855036855037,0.1375921375921376,0.3965478949639908,0.2584115508202266,0.1381363441437642,0.4278328411032971,0.2563764662639424,0.1714563748393546
QLP_vs_TESSCut,QLP,36,77,948,407,0.6511056511056511,0.4938574938574938,0.1572481572481572,0.4333019392665511,0.2639505994386131,0.169351339827938,0.4609465289523959,0.2610073430895703,0.1999391858628255,948,407,0.6584766584766585,0.4668304668304668,0.1916461916461916,0.4346366195110487,0.2453264571129868,0.1893101623980618,0.4597243363117841,0.2446517803646816,0.2150725559471025
QLP_vs_TESSCut,QLP,37,78,948,407,0.7051597051597052,0.5405405405405406,0.1646191646191646,0.4991574667088366,0.2825815367196645,0.216575929989172,0.5117203771078129,0.285139441648725,0.2265809354590878,948,407,0.6732186732186732,0.5135135135135135,0.1597051597051597,0.4727626614042139,0.2570203214466913,0.2157423399575226,0.4897421654440925,0.2530156055550925,0.236726559889
QLP_vs_TESSCut,QLP,38,79,948,407,0.6683046683046683,0.4987714987714988,0.1695331695331695,0.4412132990043949,0.2607681443155187,0.1804451546888762,0.4671258916756902,0.2547658218922072,0.2123600697834829,948,407,0.6584766584766585,0.4987714987714988,0.1597051597051597,0.4103109742236455,0.2595064720920885,0.1508045021315569,0.4379128838071472,0.2539732706702782,0.183939613136869
QLP_vs_TESSCut,QLP,39,80,948,407,0.6584766584766585,0.4987714987714988,0.1597051597051597,0.414030615186437,0.2670061193034937,0.1470244958829432,0.4397166777402962,0.2728306318038846,0.1668860459364116,948,407,0.6363636363636364,0.4938574938574938,0.1425061425061425,0.3917312324703876,0.2563818289988381,0.1353494034715495,0.4078078157737485,0.2623098268915629,0.1454979888821855
QLP_vs_TESSCut,QLP,40,81,948,407,0.6732186732186732,0.4938574938574938,0.1793611793611794,0.4272070701579833,0.25389716088917,0.1733099092688133,0.4558084918370173,0.2562271292183578,0.1995813626186595,948,407,0.6707616707616708,0.5061425061425061,0.1646191646191647,0.4251783504209303,0.2665298409733341,0.1586485094475962,0.45174931535252,0.2724593856098087,0.1792899297427113
QLP_vs_TESSCut,QLP,41,82,948,407,0.687960687960688,0.5282555282555282,0.1597051597051597,0.4719358663279896,0.2776524760543025,0.194283390273687,0.49656186153839,0.2749077623165087,0.2216540992218812,948,407,0.6756756756756757,0.5307125307125307,0.144963144963145,0.4629291803663949,0.2815870641070412,0.1813421162593536,0.4777519956474915,0.2857013262689312,0.1920506693785603
QLP_vs_TESSCut,QLP,42,83,948,407,0.6977886977886978,0.538083538083538,0.1597051597051597,0.4583224819954272,0.2883221690156621,0.170000312979765,0.4761377161209474,0.2912402213483033,0.1848974947726441,948,407,0.687960687960688,0.5233415233415234,0.1646191646191646,0.4465449367561239,0.2752379538481136,0.1713069829080102,0.4655361895354903,0.2797731872439102,0.1857630022915801
QLP_vs_TESSCut,QLP,43,84,948,407,0.6953316953316954,0.5184275184275184,0.1769041769041769,0.4382282544953778,0.2757821817325242,0.1624460727628536,0.4723823980810759,0.2786664221084172,0.1937159759726587,948,407,0.6781326781326781,0.4963144963144963,0.1818181818181817,0.4244812566302292,0.2592863704450462,0.1651948861851829,0.4552477774672221,0.2630996222879392,0.1921481551792828
QLP_vs_TESSCut,QLP,44,85,948,407,0.6633906633906634,0.5184275184275184,0.144963144963145,0.4530156561263867,0.2764367349841094,0.1765789211422773,0.4644129856521854,0.2818080064572734,0.1826049791949119,948,407,0.6584766584766585,0.4938574938574938,0.1646191646191646,0.4519179688272154,0.2603037743163313,0.191614194510884,0.4601976475756201,0.2655696109137292,0.1946280366618908
QLP_vs_TESSCut,QLP,45,86,948,407,0.6511056511056511,0.5307125307125307,0.1203931203931204,0.4054279133474339,0.2779353726985005,0.1274925406489333,0.4358647931112681,0.2795130882184335,0.1563517048928345,948,407,0.6412776412776413,0.5110565110565111,0.1302211302211302,0.4164618639647178,0.2655837292252817,0.150878134739436,0.4437235950917383,0.2668186779548191,0.1769049171369192
QLP_vs_TESSCut,QLP,46,87,948,407,0.7027027027027027,0.5110565110565111,0.1916461916461916,0.4751793044601263,0.2756917333258657,0.1994875711342606,0.5073133199236023,0.2761318905023352,0.231181429421267,948,407,0.6732186732186732,0.4938574938574938,0.1793611793611794,0.4478751076211121,0.2598128490822554,0.1880622585388566,0.473041251291295,0.2569237138803479,0.216117537410947
QLP_vs_TESSCut,QLP,47,88,948,407,0.7125307125307125,0.5085995085995086,0.2039312039312039,0.4607834569877948,0.2598514018748037,0.2009320551129911,0.4807715158785586,0.2581670006120202,0.2226045152665383,948,407,0.687960687960688,0.4815724815724815,0.2063882063882064,0.4376628661588707,0.2450393324965242,0.1926235336623464,0.448925417974249,0.2452735973781725,0.2036518205960764
QLP_vs_TESSCut,QLP,48,89,948,407,0.6707616707616708,0.5405405405405406,0.1302211302211302,0.4282712837221969,0.3018886269742434,0.1263826567479535,0.4623888246384087,0.3115551516884464,0.1508336729499623,948,407,0.6535626535626535,0.5356265356265356,0.1179361179361179,0.4141394374271086,0.2890436216920235,0.1250958157350851,0.4478784677155837,0.3027683833527549,0.1451100843628287
QLP_vs_TESSCut,QLP,49,90,948,407,0.6805896805896806,0.5085995085995086,0.1719901719901719,0.407058661467908,0.2630503433442931,0.1440083181236148,0.4396698432811524,0.2635455747467117,0.1761242685344407,948,407,0.6683046683046683,0.5061425061425061,0.1621621621621621,0.3971100162310207,0.2581024078027503,0.1390076084282704,0.4200268933830904,0.257587609612451,0.1624392837706395
QLP_vs_TESSCut,QLP,50,91,948,407,0.6855036855036855,0.5135135135135135,0.1719901719901719,0.4217673033883079,0.2782372197183841,0.1435300836699238,0.4386368855256941,0.2728353965697421,0.1658014889559519,948,407,0.683046683046683,0.4938574938574938,0.1891891891891892,0.4150773403199201,0.2659282609196992,0.1491490794002209,0.4321555897552758,0.2607546526534842,0.1714009371017915
QLP_vs_TESSCut,QLP,51,92,948,407,0.683046683046683,0.5110565110565111,0.1719901719901719,0.4051536030560003,0.2619723614158545,0.1431812416401457,0.430214261117777,0.2638128380293799,0.166401423088397,948,407,0.6732186732186732,0.4889434889434889,0.1842751842751843,0.3940865836556476,0.2463473614158545,0.147739222239793,0.4158214628299905,0.2468261308456963,0.1689953319842942
QLP_vs_TESSCut,QLP,52,93,948,407,0.683046683046683,0.4914004914004914,0.1916461916461916,0.452320113507328,0.2628890077662908,0.1894311057410371,0.4875571332870426,0.2657567265045056,0.221800406782537,948,407,0.6732186732186732,0.4889434889434889,0.1842751842751843,0.4415842349346915,0.2578028806767391,0.1837813542579524,0.4733236393628758,0.2593935955524672,0.2139300438104086
QLP_vs_TESSCut,QLP,53,94,948,407,0.6781326781326781,0.4963144963144963,0.1818181818181817,0.4138149542829908,0.2586750990004414,0.1551398552825493,0.4353262068036754,0.2590024980424824,0.176323708761193,948,407,0.6707616707616708,0.4938574938574938,0.1769041769041769,0.4075143970691915,0.2540624567593745,0.153451940309817,0.4323304967382246,0.2569327515499872,0.1753977451882374
QLP_vs_TESSCut,QLP,54,95,948,407,0.7002457002457002,0.5503685503685504,0.1498771498771498,0.4722366357640331,0.2988912966367304,0.1733453391273026,0.5065362418660595,0.3073016167552506,0.1992346251108089,948,407,0.7027027027027027,0.542997542997543,0.1597051597051597,0.4956212758153397,0.2904334646201084,0.2051878111952312,0.5211556887559525,0.3009002422447718,0.2202554465111806
QLP_vs_TESSCut,QLP,55,96,948,407,0.6977886977886978,0.538083538083538,0.1597051597051597,0.4929083246577539,0.2965444151231822,0.1963639095345717,0.5188404981542672,0.2921247928073904,0.2267157053468768,948,407,0.6904176904176904,0.5257985257985258,0.1646191646191646,0.4838273403199202,0.2866954292325296,0.1971319110873906,0.509280768722601,0.2821417921608675,0.2271389765617334
QLP_vs_TESSCut,QLP,56,97,948,407,0.7051597051597052,0.5528255528255528,0.1523341523341523,0.4491833287209999,0.3133662401356465,0.1358170885853534,0.4780681228096919,0.3195855133441435,0.1584826094655483,948,407,0.687960687960688,0.5405405405405406,0.1474201474201474,0.4342192033402079,0.3018753390614121,0.1323438642787958,0.4587012404934907,0.30585176667864,0.1528494738148507
QLP_vs_TESSCut,QLP,57,98,948,407,0.6953316953316954,0.5528255528255528,0.1425061425061425,0.473109739491018,0.2891581201227319,0.183951619368286,0.5033460315111896,0.2936099250891854,0.2097361064220042,948,407,0.687960687960688,0.5356265356265356,0.1523341523341523,0.4661277168839954,0.2694780417240462,0.1966496751599491,0.4964951756548902,0.2705863716756015,0.2259088039792886
QLP_vs_TESSCut,QLP,58,99,948,407,0.6928746928746928,0.538083538083538,0.1547911547911548,0.4865339220647439,0.2923546524716616,0.1941792695930823,0.4956615316958467,0.3022197076854641,0.1934418240103826,948,407,0.6732186732186732,0.5208845208845209,0.1523341523341523,0.4634483080972807,0.2835358573229578,0.1799124507743229,0.4706159289765627,0.293817652275389,0.1767982767011737
QLP_vs_TESSCut,QLP,59,100,948,407,0.6584766584766585,0.547911547911548,0.1105651105651105,0.4187351403247522,0.2958953733354418,0.1228397669893103,0.443536085092391,0.2991599802324057,0.1443761048599853,948,407,0.6437346437346437,0.5356265356265356,0.1081081081081081,0.4250728707492406,0.2887741090509355,0.1362987616983051,0.4358559957481696,0.2898456928427217,0.1460103029054478
QLP_vs_TESSCut,QLP,60,101,948,407,0.6904176904176904,0.5503685503685504,0.14004914004914,0.4966533746356805,0.3098742850883262,0.1867790895473543,0.497624311002518,0.3190195048704665,0.1786048061320514,948,407,0.6658476658476659,0.5184275184275184,0.1474201474201474,0.4815331643242601,0.2864386348261919,0.1950945294980682,0.4704057537348334,0.2927708647107189,0.1776348890241144
QLP_vs_TESSCut,QLP,61,102,948,407,0.6683046683046683,0.5601965601965602,0.1081081081081081,0.423945429781617,0.3017160282428547,0.1222294015387622,0.4569020945482934,0.30283890205212,0.1540631924961734,948,407,0.6461916461916462,0.542997542997543,0.1031941031941031,0.3824170027080986,0.291733813180731,0.0906831895273676,0.4056891633685021,0.2988343210332178,0.1068548423352843
QLP_vs_TESSCut,QLP,62,103,948,407,0.6535626535626535,0.5135135135135135,0.14004914004914,0.4472541036039894,0.2676551816820081,0.1795989219219813,0.4708924441287636,0.2605742473468602,0.2103181967819034,948,407,0.6437346437346437,0.5208845208845209,0.1228501228501228,0.4396588534288306,0.2675417059264091,0.1721171475024214,0.4621287707639311,0.2626925090314293,0.1994362617325018
QLP_vs_TESSCut,QLP,63,104,948,407,0.6781326781326781,0.5282555282555282,0.1498771498771498,0.5004722974471832,0.2814719685438864,0.2190003289032968,0.5065480539059822,0.2848542909004475,0.2216937630055347,948,407,0.6781326781326781,0.5110565110565111,0.167076167076167,0.4756230150493849,0.2652355529638635,0.2103874620855214,0.4754722295051884,0.2740558771016006,0.2014163524035878
QLP_vs_TESSCut,QLP,64,105,948,407,0.6511056511056511,0.5184275184275184,0.1326781326781326,0.4000445241170127,0.2711475897263569,0.1288969343906558,0.4308029636082395,0.2719741113100355,0.158828852298204,948,407,0.6412776412776413,0.5282555282555282,0.113022113022113,0.3914516989859455,0.2772610179859038,0.1141906810000417,0.4205002066278387,0.2835305918392745,0.1369696147885642
QLP_vs_TESSCut,QLP,65,106,948,407,0.6953316953316954,0.5233415233415234,0.1719901719901719,0.4445476385402184,0.2891764733659711,0.1553711651742473,0.4691412570388495,0.2919700155347255,0.177171241504124,948,407,0.683046683046683,0.5036855036855037,0.1793611793611793,0.4349848438176063,0.2750009883571527,0.1599838554604536,0.4568406885378619,0.2798093086853264,0.1770313798525356
QLP_vs_TESSCut,QLP,66,107,948,407,0.6633906633906634,0.5085995085995086,0.1547911547911548,0.4435586773914399,0.2795158793303771,0.1640427980610628,0.4711429442554249,0.2795614086148608,0.1915815356405641,948,407,0.6707616707616708,0.515970515970516,0.1547911547911548,0.4511870924399463,0.2776166892890637,0.1735704031508826,0.4747503509854554,0.2775732748792077,0.1971770761062477
QLP_vs_TESSCut,QLP,67,108,948,407,0.6855036855036855,0.5257985257985258,0.1597051597051596,0.4393985242729534,0.28938235365176,0.1500161706211934,0.4614321675963833,0.2853651868817961,0.1760669807145871,948,407,0.6732186732186732,0.5110565110565111,0.1621621621621621,0.429076053533816,0.2723578948322098,0.1567181587016062,0.4468951322561441,0.2700968523002421,0.1767982799559019
QLP_vs_TESSCut,QLP,68,109,948,407,0.6609336609336609,0.5184275184275184,0.1425061425061424,0.4116227026187072,0.268056111506454,0.1435665911122532,0.4413979347785199,0.2681974775202669,0.173200457258253,948,407,0.6683046683046683,0.5036855036855037,0.1646191646191646,0.3972097236223949,0.2523879738348916,0.1448217497875032,0.4186128882670699,0.2483666278663082,0.1702462604007616
QLP_vs_TESSCut,QLP,69,110,948,407,0.6486486486486487,0.4987714987714988,0.1498771498771499,0.4143250632548578,0.2631545120700372,0.1511705511848206,0.4411215593406001,0.2693207834663969,0.1718007758742032,948,407,0.6388206388206388,0.4938574938574938,0.1449631449631449,0.40241073350377,0.2559303900057325,0.1464803434980375,0.4316256480308422,0.2584504605696849,0.1731751874611573
QLP_vs_TESSCut,QLP,70,111,948,407,0.683046683046683,0.5307125307125307,0.1523341523341523,0.4815175839719219,0.2829040431494769,0.1986135408224449,0.4953809259011921,0.2795871437161477,0.2157937821850444,948,407,0.6855036855036855,0.5135135135135135,0.1719901719901719,0.4768456746196472,0.2728392041748206,0.2040064704448266,0.4835598172110626,0.2672390194337987,0.2163207977772639
QLP_vs_TESSCut,QLP,71,112,948,407,0.6855036855036855,0.5208845208845209,0.1646191646191646,0.4339050018559151,0.2813598792337377,0.1525451226221773,0.4643536737290227,0.2783720058297069,0.1859816678993157,948,407,0.6707616707616708,0.4963144963144963,0.1744471744471745,0.419431945844617,0.2626971566611977,0.1567347891834193,0.4460591006154776,0.2612705649000113,0.1847885357154662
QLP_vs_TESSCut,QLP,72,113,948,407,0.6928746928746928,0.515970515970516,0.1769041769041768,0.457030960013266,0.2748673267794272,0.1821636332338387,0.4871878130858975,0.2801787934402936,0.2070090196456039,948,407,0.6953316953316954,0.5012285012285013,0.1941031941031941,0.4606735365725092,0.2642086087006178,0.1964649278718914,0.4918175283151785,0.2678648029483825,0.223952725366796
QLP_vs_TESSCut,QLP,73,114,948,407,0.687960687960688,0.4987714987714988,0.1891891891891892,0.4233826633370012,0.2679308303737527,0.1554518329632485,0.4501813853910213,0.2590545485542659,0.1911268368367554,948,407,0.6633906633906634,0.484029484029484,0.1793611793611794,0.4003617318543118,0.2561859009204899,0.1441758309338218,0.4257226330616304,0.2495164512890563,0.176206181772574
QLP_vs_TESSCut,QLP,74,115,948,407,0.6560196560196561,0.5257985257985258,0.1302211302211302,0.4324992216687422,0.2739602002301774,0.1585390214385648,0.4598235946023952,0.2748357557368464,0.1849878388655487,948,407,0.6535626535626535,0.5085995085995086,0.1449631449631448,0.4300020275048814,0.2693283056154061,0.1606737218894753,0.4528189918953801,0.2692602991236572,0.183558692771723
QLP_vs_TESSCut,QLP,75,116,948,407,0.7076167076167076,0.5405405405405406,0.167076167076167,0.5020518431762724,0.2969779126885291,0.2050739304877432,0.5193178189121882,0.2983847844448811,0.2209330344673071,948,407,0.7100737100737101,0.5135135135135135,0.1965601965601966,0.498939225095047,0.2762708419814584,0.2226683831135886,0.5073640285268769,0.2809708308342771,0.2263931976925998
QLP_vs_TESSCut,QLP,76,117,948,407,0.6707616707616708,0.5257985257985258,0.144963144963145,0.4553248427963039,0.2754299971337642,0.1798948456625396,0.4900950932843971,0.2747753302158108,0.2153197630685863,948,407,0.6584766584766585,0.515970515970516,0.1425061425061424,0.4604790635755248,0.2683766824035089,0.1921023811720159,0.4867857577368203,0.2694762604171676,0.2173094973196526
QLP_vs_TESSCut,QLP,77,118,948,407,0.6560196560196561,0.515970515970516,0.14004914004914,0.4461702533049564,0.2716881661801753,0.1744820871247812,0.4767001517914349,0.2724875073852552,0.2042126444061796,948,407,0.6339066339066339,0.4987714987714988,0.1351351351351351,0.4069658039406897,0.2629120557060054,0.1440537482346843,0.4311956275148261,0.2661511916446126,0.1650444358702134
QLP_vs_TESSCut,QLP,78,119,948,407,0.6584766584766585,0.5110565110565111,0.1474201474201474,0.4590230350361629,0.2670190503095754,0.1920039847265874,0.4712710993418361,0.2662267555818045,0.2050443437600315,948,407,0.6683046683046683,0.515970515970516,0.1523341523341522,0.4636980673224966,0.2692414811849743,0.1944565861375222,0.4846714460386407,0.2677870670100637,0.216884379028577
QLP_vs_TESSCut,QLP,79,120,948,407,0.6928746928746928,0.5405405405405406,0.1523341523341522,0.4647472496216788,0.2872102603552375,0.1775369892664412,0.4817833332838252,0.2900559838450392,0.191727349438786,948,407,0.6781326781326781,0.5331695331695332,0.1449631449631448,0.4522297611909485,0.2794009690841882,0.1728287921067602,0.470876134386916,0.2812251780332421,0.1896509563536739
QLP_vs_TESSCut,QLP,80,121,948,407,0.714987714987715,0.5331695331695332,0.1818181818181817,0.4719033466322279,0.2787221049920821,0.1931812416401457,0.4998907951860348,0.2833201340060507,0.2165706611799841,948,407,0.6904176904176904,0.5184275184275184,0.1719901719901719,0.4542822907263547,0.2704870239687591,0.1837952667575955,0.4801774289543635,0.278952380886863,0.2012250480675004
QLP_vs_TESSCut,QLP,81,122,948,407,0.6732186732186732,0.5282555282555282,0.144963144963145,0.4514721854333726,0.2794721170720028,0.1720000683613697,0.4779702730044197,0.2839978882857026,0.193972384718717,948,407,0.6609336609336609,0.5233415233415234,0.1375921375921375,0.4200027770090556,0.2726875531241969,0.1473152238848586,0.4475307023545015,0.276956985538549,0.1705737168159524
QLP_vs_TESSCut,QLP,82,123,948,407,0.7051597051597052,0.5282555282555282,0.1769041769041769,0.4919406680964899,0.2803366069918581,0.2116040611046318,0.5149580875493818,0.282621939670951,0.2323361478784307,948,407,0.6855036855036855,0.5061425061425061,0.1793611793611793,0.4744358059283857,0.2638343782464787,0.210601427681907,0.4928992744476143,0.2667417693784165,0.2261575050691978
QLP_vs_TESSCut,QLP,83,124,948,407,0.6560196560196561,0.5184275184275184,0.1375921375921376,0.4143986684083716,0.2685558427282171,0.1458428256801545,0.4336114104953834,0.2617893134696947,0.1718220970256886,948,407,0.6511056511056511,0.5184275184275184,0.1326781326781326,0.4084692873505659,0.2711461826901324,0.1373231046604334,0.4349604558954077,0.2690489250734533,0.1659115308219544
QLP_vs_TESSCut,QLP,84,125,948,407,0.683046683046683,0.5503685503685504,0.1326781326781326,0.4769958705889071,0.3006154788260952,0.1763803917628119,0.4935572153899719,0.3019346053291387,0.1916226100608332,948,407,0.6633906633906634,0.5331695331695332,0.1302211302211302,0.4605006083887363,0.2856633784573282,0.1748372299314081,0.4745759199769487,0.285727985401188,0.1888479345757607
QLP_vs_TESSCut,QLP,85,126,948,407,0.6584766584766585,0.5307125307125307,0.1277641277641278,0.4043110423104715,0.2900334682440847,0.1142775740663868,0.4248099938872667,0.2956533923368756,0.129156601550391,948,407,0.6535626535626535,0.5208845208845209,0.1326781326781326,0.4007772399467605,0.2917281850358334,0.109049054910927,0.417371513398659,0.2995088545410312,0.1178626588576278
QLP_vs_TESSCut,QLP,86,127,948,407,0.6805896805896806,0.4938574938574938,0.1867321867321867,0.4307895216571016,0.2525785139940391,0.1782110076630625,0.4426675960909996,0.2545647577892435,0.1881028383017561,948,407,0.6756756756756757,0.4889434889434889,0.1867321867321867,0.42365864148113,0.246098844500671,0.177559796980459,0.4343746563137542,0.2473960284878006,0.1869786278259536
QLP_vs_TESSCut,QLP,87,128,948,407,0.6732186732186732,0.4889434889434889,0.1842751842751843,0.4781962028965453,0.2573822454815605,0.2208139574149847,0.4970173770264385,0.2618223908725283,0.2351949861539102,948,407,0.6855036855036855,0.4692874692874693,0.2162162162162161,0.4833236282151808,0.2473160475158191,0.2360075806993616,0.4929976987693388,0.2510119524497142,0.2419857463196246
QLP_vs_TESSCut,QLP,88,129,948,407,0.7002457002457002,0.5257985257985258,0.1744471744471744,0.4804393892721518,0.2822425713978225,0.1981968178743292,0.4985978274801319,0.2853144892010955,0.2132833382790364,948,407,0.6953316953316954,0.5110565110565111,0.1842751842751843,0.4765267509845134,0.2728942227229898,0.2036325282615236,0.5049554959003406,0.2768060376501992,0.2281494582501414
QLP_vs_TESSCut,QLP,89,130,948,407,0.6560196560196561,0.5233415233415234,0.1326781326781326,0.4446422188288627,0.2818007963413215,0.1628414224875412,0.4727397634167171,0.2805531291805201,0.1921866342361969,948,407,0.6560196560196561,0.5061425061425061,0.1498771498771499,0.4404545083911522,0.2647547446634204,0.1756997637277318,0.4641100696044032,0.2680170410813078,0.1960930285230953
QLP_vs_TESSCut,QLP,90,131,948,407,0.6928746928746928,0.5110565110565111,0.1818181818181817,0.4258292522419235,0.2791088889547793,0.1467203632871441,0.454144585072487,0.2860585229149522,0.1680860621575348,948,407,0.6732186732186732,0.4914004914004914,0.1818181818181818,0.4060826313252112,0.2587008443315521,0.1473817869936591,0.4299606317942863,0.2662797434229056,0.1636808883713806
QLP_vs_TESSCut,QLP,91,132,948,407,0.6560196560196561,0.538083538083538,0.117936117936118,0.4365501956398074,0.2951762130985875,0.1413739825412199,0.46315933941279,0.2898030915087565,0.1733562479040335,948,407,0.6388206388206388,0.5208845208845209,0.1179361179361179,0.4161918022363228,0.2821526240333318,0.1340391782029909,0.4409740684675929,0.2774461338127236,0.1635279346548693
QLP_vs_TESSCut,QLP,92,133,948,407,0.687960687960688,0.5331695331695332,0.1547911547911548,0.464722698555461,0.2857910961649546,0.1789316023905064,0.4787517282153688,0.2864963944658039,0.1922553337495649,948,407,0.6683046683046683,0.5110565110565111,0.1572481572481572,0.4497475982921188,0.2676812839198684,0.1820663143722504,0.4716935137614631,0.2710349342054139,0.2006585795560492
QLP_vs_TESSCut,QLP,93,134,948,407,0.6633906633906634,0.5307125307125307,0.1326781326781327,0.4497962474275259,0.2920176913184904,0.1577785561090355,0.4753341857619983,0.2937620069973607,0.1815721787646375,948,407,0.6437346437346437,0.542997542997543,0.1007371007371007,0.4090555066867851,0.2954430283482794,0.1136124783385056,0.4194472648039982,0.2955109377460261,0.123936327057972
QLP_vs_TESSCut,QLP,94,135,948,407,0.6855036855036855,0.5503685503685504,0.1351351351351351,0.4529922512799225,0.2916093144974423,0.1613829367824802,0.4752947124769842,0.2984739911794526,0.1768207212975315,948,407,0.6683046683046683,0.5356265356265356,0.1326781326781326,0.4376809517220476,0.2806423593952133,0.1570385923268342,0.4591386524486409,0.2904076058764891,0.1687310465721517
QLP_vs_TESSCut,QLP,95,136,948,407,0.6584766584766585,0.515970515970516,0.1425061425061424,0.4206049336043628,0.2838538063281214,0.1367511272762414,0.4553013560996669,0.2849970274222415,0.1703043286774254,948,407,0.6486486486486487,0.5036855036855037,0.144963144963145,0.4095218808546434,0.2749909194686591,0.1345309613859842,0.442536398832868,0.2769936642488814,0.1655427345839866
QLP_vs_TESSCut,QLP,96,137,948,407,0.683046683046683,0.5454545454545454,0.1375921375921376,0.4601919183682883,0.2931019671601864,0.1670899512081019,0.4827375074048959,0.2950691573786904,0.1876683500262055,948,407,0.6707616707616708,0.5233415233415234,0.1474201474201474,0.4450593947740067,0.2846450685919864,0.1604143261820202,0.4689299070735061,0.2887017000200739,0.1802282070534322
QLP_vs_TESSCut,QLP,97,138,948,407,0.6461916461916462,0.5356265356265356,0.1105651105651105,0.4069426118655571,0.2935020870808542,0.1134405247847028,0.4416007947231546,0.2943163124767665,0.147284482246388,948,407,0.6412776412776413,0.5233415233415234,0.1179361179361179,0.3980480632592504,0.2851081276452281,0.1129399356140223,0.4302617829713838,0.2842990489361653,0.1459627340352184
QLP_vs_TESSCut,QLP,98,139,948,407,0.6805896805896806,0.5503685503685504,0.1302211302211302,0.4511172553980773,0.3034998344501769,0.1476174209479003,0.4751213119561936,0.3004079411183236,0.17471337083787,948,407,0.6609336609336609,0.5331695331695332,0.1277641277641277,0.4360865874992587,0.2934680642585893,0.1426185232406694,0.4598532097042312,0.2899551714196187,0.1698980382846125
QLP_vs_TESSCut,QLP,99,140,948,407,0.6658476658476659,0.5257985257985258,0.14004914004914,0.4334869199167144,0.2788259648562159,0.1546609550604984,0.4569780963075047,0.2759699581720995,0.1810081381354052,948,407,0.6511056511056511,0.515970515970516,0.1351351351351351,0.4197468885967745,0.2731592259845684,0.1465876626122061,0.4383659607750505,0.2720051318601441,0.1663608289149064
QLP_vs_TESSCut,QLP,100,141,948,407,0.6732186732186732,0.5577395577395577,0.1154791154791154,0.45260728616893,0.2996863064214662,0.1529209797474637,0.4744671882853943,0.3085051554311381,0.1659620328542562,948,407,0.6584766584766585,0.5331695331695332,0.1253071253071253,0.4347180285679144,0.2825999105536777,0.1521181180142367,0.4519132111850911,0.2884956790856394,0.1634175320994517
