Comparison,OfficialProvenance,Iteration,SplitSeed,TrainCount,TestCount,OfficialTestAccuracy,TESSCutTestAccuracy,DeltaTestAccuracy,OfficialTestBalancedAccuracy,TESSCutTestBalancedAccuracy,DeltaTestBalancedAccuracy,OfficialTestMacroF1,TESSCutTestMacroF1,DeltaTestMacroF1
SPOC_vs_TESSCut,SPOC,1,42,354,152,0.7631578947368421,0.631578947368421,0.13157894736842113,0.5706796948799012,0.38684456238635806,0.18383513249354316,0.5729133383255247,0.36701061212644437,0.20590272619908034
SPOC_vs_TESSCut,SPOC,2,43,354,152,0.7302631578947368,0.6776315789473685,0.05263157894736836,0.6051427588579291,0.41590686957044026,0.18923588928748886,0.6211078543071793,0.39637789966416404,0.22472995464301526
SPOC_vs_TESSCut,SPOC,3,44,354,152,0.8026315789473685,0.6513157894736842,0.1513157894736843,0.6188881790532977,0.39946189001916554,0.2194262890341322,0.6394419625610098,0.3764315532135536,0.26301040934745623
SPOC_vs_TESSCut,SPOC,4,45,354,152,0.7894736842105263,0.6644736842105263,0.125,0.6689154804221883,0.42528680088019616,0.24362867954199213,0.6721482591364986,0.4171110504443838,0.25503720869211477
SPOC_vs_TESSCut,SPOC,5,46,354,152,0.743421052631579,0.5986842105263158,0.14473684210526316,0.5539748062967877,0.3785288384359592,0.17544596786082856,0.5350320802144285,0.37345788714209766,0.16157419307233084
SPOC_vs_TESSCut,SPOC,6,47,354,152,0.75,0.6052631578947368,0.14473684210526316,0.543594552830879,0.3680336462070208,0.1755609066238582,0.5572201743028643,0.3427919321675369,0.2144282421353274
SPOC_vs_TESSCut,SPOC,7,48,354,152,0.756578947368421,0.5723684210526315,0.1842105263157895,0.5820722831042748,0.3372745589463856,0.24479772415788925,0.5694717566617444,0.3130363420871962,0.2564354145745482
SPOC_vs_TESSCut,SPOC,8,49,354,152,0.7368421052631579,0.6447368421052632,0.09210526315789469,0.5596892558192867,0.39224122397497013,0.1674480318443166,0.5561714796324919,0.36941576941576937,0.18675571021672255
SPOC_vs_TESSCut,SPOC,9,50,354,152,0.7828947368421053,0.6118421052631579,0.17105263157894746,0.6705358166658475,0.37545333923042895,0.29508247743541854,0.6622946308967815,0.3521540367924621,0.31014059410431943
SPOC_vs_TESSCut,SPOC,10,51,354,152,0.8223684210526315,0.6052631578947368,0.2171052631578947,0.626351281253242,0.37759758874309957,0.24875369251014245,0.620406048671532,0.3498715417242455,0.27053450694728653
SPOC_vs_TESSCut,SPOC,11,52,354,152,0.7828947368421053,0.6710526315789473,0.11184210526315796,0.6447032614215277,0.42798281105814645,0.21672045036338122,0.6441418118003355,0.42866158781804065,0.21548022398229483
SPOC_vs_TESSCut,SPOC,12,53,354,152,0.7894736842105263,0.631578947368421,0.1578947368421053,0.6408510382710588,0.39492440250954186,0.24592663576151697,0.665446509896108,0.3850791602647382,0.2803673496313698
SPOC_vs_TESSCut,SPOC,13,54,354,152,0.7039473684210527,0.625,0.07894736842105265,0.47959550291851627,0.3833898471669369,0.09620565575157936,0.4727593553400005,0.3574864554111042,0.11527289992889633
SPOC_vs_TESSCut,SPOC,14,55,354,152,0.7894736842105263,0.6118421052631579,0.17763157894736847,0.6900573874774081,0.3985290022441725,0.2915283852332356,0.7250086426476822,0.39821077273782673,0.32679786990985543
SPOC_vs_TESSCut,SPOC,15,56,354,152,0.7171052631578947,0.6578947368421053,0.05921052631578938,0.5039846347895883,0.4159068695704402,0.08807776521914812,0.5017751305247448,0.4052692016591777,0.09650592886556708
SPOC_vs_TESSCut,SPOC,16,57,354,152,0.7828947368421053,0.631578947368421,0.1513157894736843,0.6450786552437738,0.3948965551132734,0.25018210013050046,0.6595414177144119,0.3877697796133315,0.2717716381010804
SPOC_vs_TESSCut,SPOC,17,58,354,152,0.7368421052631579,0.6052631578947368,0.13157894736842102,0.6450682807235955,0.3770835039668889,0.26798477675670657,0.6873725463737536,0.3662828291262585,0.3210897172474951
SPOC_vs_TESSCut,SPOC,18,59,354,152,0.7302631578947368,0.631578947368421,0.09868421052631582,0.6084541418906744,0.3919106043977045,0.2165435374929699,0.628130513435173,0.3784442552386358,0.24968625819653723
SPOC_vs_TESSCut,SPOC,19,60,354,152,0.7697368421052632,0.6710526315789473,0.09868421052631582,0.6486709693624039,0.42173734991072453,0.22693361945167934,0.6637418726892362,0.39513910592341966,0.26860276676581657
SPOC_vs_TESSCut,SPOC,20,61,354,152,0.7894736842105263,0.625,0.16447368421052633,0.6081622902572335,0.39676587984121525,0.2113964104160182,0.6133848523162669,0.39540904085750145,0.2179758114587655
SPOC_vs_TESSCut,SPOC,21,62,354,152,0.7697368421052632,0.6776315789473685,0.09210526315789469,0.560158020323139,0.4701519594192453,0.09000606090389368,0.5750612860957688,0.46964804033769547,0.10541324575807332
SPOC_vs_TESSCut,SPOC,22,63,354,152,0.743421052631579,0.6118421052631579,0.13157894736842113,0.5910598937430723,0.3827447158200512,0.20831517792302112,0.619059558021472,0.36577965349423647,0.2532799045272355
SPOC_vs_TESSCut,SPOC,23,64,354,152,0.7828947368421053,0.5921052631578947,0.19078947368421062,0.6509765699652181,0.3729063945266216,0.2780701754385965,0.6649803873747536,0.355536097004294,0.3094442903704596
SPOC_vs_TESSCut,SPOC,24,65,354,152,0.7894736842105263,0.7039473684210527,0.08552631578947367,0.61722252253728,0.45410121163475137,0.16312131090252868,0.633860066672248,0.4473924034899645,0.18646766318228353
SPOC_vs_TESSCut,SPOC,25,66,354,152,0.743421052631579,0.5855263157894737,0.1578947368421053,0.5844914574016742,0.35014988451520956,0.23434157288646462,0.5914785164785166,0.3243161255583616,0.267162390920155
SPOC_vs_TESSCut,SPOC,26,67,354,152,0.7697368421052632,0.6052631578947368,0.16447368421052633,0.5877414123544155,0.3866092245865207,0.20113218776789477,0.5987008339949518,0.3755285579731847,0.2231722760217671
SPOC_vs_TESSCut,SPOC,27,68,354,152,0.743421052631579,0.618421052631579,0.125,0.5885473487640671,0.3803151670024735,0.20823218176159364,0.606878388403812,0.3592324925658259,0.24764589583798613
SPOC_vs_TESSCut,SPOC,28,69,354,152,0.743421052631579,0.625,0.11842105263157898,0.6510977880430925,0.39914737824954544,0.25195040979354705,0.6619365662417673,0.3830103647434988,0.2789262014982685
SPOC_vs_TESSCut,SPOC,29,70,354,152,0.7368421052631579,0.625,0.11184210526315785,0.6242135840691052,0.41533490589218147,0.20887867817692374,0.6527632723035022,0.4107787469097847,0.24198452539371745
SPOC_vs_TESSCut,SPOC,30,71,354,152,0.7828947368421053,0.5921052631578947,0.19078947368421062,0.6213294674594984,0.3630972856979049,0.25823218176159346,0.6125505378425976,0.3421178517068928,0.2704326861357048
SPOC_vs_TESSCut,SPOC,31,72,354,152,0.7631578947368421,0.6842105263157895,0.07894736842105265,0.609044124472401,0.44635799738998905,0.16268612708241192,0.6433326902473959,0.44368893082989413,0.1996437594175018
SPOC_vs_TESSCut,SPOC,32,73,354,152,0.7763157894736842,0.6447368421052632,0.13157894736842102,0.5982811058146456,0.4276461851797249,0.17063492063492064,0.6059584394740334,0.4167679896315578,0.18919044984247557
SPOC_vs_TESSCut,SPOC,33,74,354,152,0.8026315789473685,0.6447368421052632,0.1578947368421053,0.6906539223876684,0.39176727221102864,0.2988866501766398,0.7132175641728125,0.37257126411654873,0.34064630005626373
SPOC_vs_TESSCut,SPOC,34,75,354,152,0.7697368421052632,0.5986842105263158,0.17105263157894735,0.5861164348780448,0.3768080331547824,0.20930840172326237,0.5973814879078038,0.36837093260243164,0.22901055530537212
SPOC_vs_TESSCut,SPOC,35,76,354,152,0.7368421052631579,0.631578947368421,0.10526315789473684,0.5621474710741996,0.389605549822268,0.17254192125193157,0.5683511114883664,0.37192464004058207,0.1964264714477843
SPOC_vs_TESSCut,SPOC,36,77,354,152,0.7763157894736842,0.6776315789473685,0.09868421052631571,0.611860806700848,0.4114755843858011,0.20038522231504685,0.6468023574666675,0.38741365769614355,0.2593886997705239
SPOC_vs_TESSCut,SPOC,37,78,354,152,0.8092105263157895,0.6578947368421053,0.15131578947368418,0.6672632015769271,0.4020852785558668,0.2651779230210603,0.695005345740091,0.3802309882958774,0.31477435744421356
SPOC_vs_TESSCut,SPOC,38,79,354,152,0.7763157894736842,0.6447368421052632,0.13157894736842102,0.6472605806455136,0.3995604479608607,0.2477001326846529,0.6724810957974512,0.38138504227982273,0.29109605351762846
SPOC_vs_TESSCut,SPOC,39,80,354,152,0.7960526315789473,0.5789473684210527,0.2171052631578947,0.7118556194407587,0.36824495880223435,0.34361066063852436,0.7337968998985949,0.3524544385655497,0.38134246133304517
SPOC_vs_TESSCut,SPOC,40,81,354,152,0.7763157894736842,0.618421052631579,0.1578947368421052,0.6037102560322375,0.3973506751628526,0.20635958086938488,0.6058024948185131,0.38438669842178613,0.22141579639672698
SPOC_vs_TESSCut,SPOC,41,82,354,152,0.8157894736842105,0.5921052631578947,0.22368421052631582,0.6832951114168864,0.3610360323466619,0.3222590790702245,0.6944224800442038,0.3494122969899183,0.3450101830542855
SPOC_vs_TESSCut,SPOC,42,83,354,152,0.7631578947368421,0.625,0.13815789473684215,0.5271495732796042,0.3908349304634134,0.13631464281619082,0.5258906525573193,0.38577565127952723,0.14011500127779203
SPOC_vs_TESSCut,SPOC,43,84,354,152,0.7368421052631579,0.6578947368421053,0.07894736842105254,0.535186004226252,0.39753222926597537,0.1376537749602766,0.5367632907613312,0.3673713287107503,0.16939196205058094
SPOC_vs_TESSCut,SPOC,44,85,354,152,0.7631578947368421,0.625,0.13815789473684215,0.5415182837267462,0.3768039379494488,0.16471434577729738,0.5446273292235406,0.34691183728479424,0.19771549193874638
SPOC_vs_TESSCut,SPOC,45,86,354,152,0.7763157894736842,0.6776315789473685,0.09868421052631571,0.5739976302411802,0.43412316193533945,0.13987446830584077,0.5844232531047947,0.4278188223320242,0.15660443077277053
SPOC_vs_TESSCut,SPOC,46,87,354,152,0.75,0.5460526315789473,0.20394736842105265,0.5875675026345821,0.32337461300309595,0.2641928896314862,0.5824014498101255,0.2965841588368308,0.2858172909732947
SPOC_vs_TESSCut,SPOC,47,88,354,152,0.75,0.6513157894736842,0.09868421052631582,0.5913621198966916,0.40515367940548536,0.18620844049120627,0.6156303155713458,0.3907180168674422,0.22491229870390367
SPOC_vs_TESSCut,SPOC,48,89,354,152,0.7697368421052632,0.6118421052631579,0.1578947368421053,0.5773363146428162,0.3723942208462332,0.204942093796583,0.5770289070521311,0.358704525371192,0.21832438168093904
SPOC_vs_TESSCut,SPOC,49,90,354,152,0.7828947368421053,0.6644736842105263,0.11842105263157898,0.616645371598932,0.4120702082002391,0.20457516339869286,0.6202227178254576,0.38871772824525014,0.23150498958020743
SPOC_vs_TESSCut,SPOC,50,91,354,152,0.8026315789473685,0.6710526315789473,0.13157894736842113,0.6884823715061074,0.41069421920815113,0.2777881522979562,0.7067172907308132,0.37942072796786025,0.327296562762953
SPOC_vs_TESSCut,SPOC,51,92,354,152,0.7368421052631579,0.5460526315789473,0.1907894736842105,0.6227073675474089,0.3378282307074877,0.28487913683992117,0.6480876336139495,0.32386498515530776,0.32422264845864174
SPOC_vs_TESSCut,SPOC,52,93,354,152,0.7368421052631579,0.5986842105263158,0.13815789473684204,0.5680057988107524,0.36840904002926705,0.19959675878148536,0.5722877945100167,0.3465320810221569,0.22575571348785978
SPOC_vs_TESSCut,SPOC,53,94,354,152,0.7763157894736842,0.6447368421052632,0.13157894736842102,0.6048443548959545,0.3995326005645923,0.20531175433136217,0.6155282409300917,0.3810897894256956,0.23443845150439613
SPOC_vs_TESSCut,SPOC,54,95,354,152,0.75,0.5855263157894737,0.16447368421052633,0.5934635062602038,0.35546873720248334,0.2379947690577205,0.6054840859848082,0.3302605323065681,0.2752235536782401
SPOC_vs_TESSCut,SPOC,55,96,354,152,0.7631578947368421,0.5921052631578947,0.17105263157894746,0.5692960615045238,0.3648180909790817,0.20447797052544214,0.5670194003527338,0.33980305555629003,0.22721634479644376
SPOC_vs_TESSCut,SPOC,56,97,354,152,0.75,0.6447368421052632,0.10526315789473684,0.6266100982303253,0.39920580317897136,0.22740429505135396,0.6343878140211079,0.37981065092111144,0.25457716309999645
SPOC_vs_TESSCut,SPOC,57,98,354,152,0.7171052631578947,0.625,0.09210526315789469,0.5723669194773426,0.40857262983165976,0.16379428964568288,0.5737200435729847,0.4016327732174727,0.17208727035551197
SPOC_vs_TESSCut,SPOC,58,99,354,152,0.7960526315789473,0.6513157894736842,0.14473684210526316,0.5715162088227104,0.4265822508340568,0.14493395798865355,0.5923247904596542,0.4284065598775629,0.16391823058209137
SPOC_vs_TESSCut,SPOC,59,100,354,152,0.7697368421052632,0.6644736842105263,0.10526315789473684,0.628202587077716,0.40749122260990167,0.22071136446781436,0.6586278850390768,0.3935665039230404,0.2650613811160364
SPOC_vs_TESSCut,SPOC,60,101,354,152,0.7828947368421053,0.631578947368421,0.1513157894736843,0.6568018630454131,0.4004701295722967,0.2563317334731164,0.6669179310806853,0.38545365512267665,0.28146427595800866
SPOC_vs_TESSCut,SPOC,61,102,354,152,0.7171052631578947,0.5657894736842105,0.15131578947368418,0.5512678755712811,0.34891012935388577,0.20235774621739533,0.5718810233619243,0.3305390843205969,0.24134193904132734
SPOC_vs_TESSCut,SPOC,62,103,354,152,0.7302631578947368,0.6118421052631579,0.11842105263157898,0.49797778760627054,0.3885050316422865,0.10947275596398404,0.47510326742782877,0.36256855934230425,0.11253470808552452
SPOC_vs_TESSCut,SPOC,63,104,354,152,0.7697368421052632,0.5855263157894737,0.1842105263157895,0.5523525589573061,0.3726931708355856,0.17965938812172044,0.5508414233701591,0.3670572803251019,0.1837841430450572
SPOC_vs_TESSCut,SPOC,64,105,354,152,0.7828947368421053,0.5789473684210527,0.20394736842105265,0.6066631720914486,0.36419834990526423,0.24246482218618437,0.5963666963666964,0.35025862823400444,0.24610806813269193
SPOC_vs_TESSCut,SPOC,65,106,354,152,0.75,0.6513157894736842,0.09868421052631582,0.5880239815224334,0.40703337865360567,0.18099060286882773,0.582863776281403,0.3943669738806809,0.18849680240072203
SPOC_vs_TESSCut,SPOC,66,107,354,152,0.756578947368421,0.6644736842105263,0.09210526315789469,0.6322311770712183,0.4093365221332197,0.22289465493799865,0.6418956442764481,0.39022789022789023,0.25166775404855785
SPOC_vs_TESSCut,SPOC,67,108,354,152,0.8026315789473685,0.6776315789473685,0.125,0.6237207943606292,0.41934656903697154,0.20437422532365768,0.6366444702453377,0.39620312752842873,0.24044134271690892
SPOC_vs_TESSCut,SPOC,68,109,354,152,0.7828947368421053,0.5986842105263158,0.1842105263157895,0.6176257637557947,0.39741292228392333,0.22021284147187137,0.6462342684564906,0.3875133892960718,0.25872087916041875
SPOC_vs_TESSCut,SPOC,69,110,354,152,0.756578947368421,0.6052631578947368,0.15131578947368418,0.602160630334005,0.3670475207626911,0.23511310957131393,0.6385259160013843,0.34896822545968886,0.28955769054169544
SPOC_vs_TESSCut,SPOC,70,111,354,152,0.7368421052631579,0.6907894736842105,0.046052631578947345,0.5345744535631016,0.4128261831048209,0.12174827045828074,0.5332942100965357,0.3787487208004603,0.15454548929607537
SPOC_vs_TESSCut,SPOC,71,112,354,152,0.7960526315789473,0.6776315789473685,0.11842105263157887,0.6954917249550892,0.4330027137560677,0.26248901119902146,0.70944981679633,0.42831030071267356,0.28113951608365645
SPOC_vs_TESSCut,SPOC,72,113,354,152,0.756578947368421,0.6381578947368421,0.11842105263157887,0.56639119585456,0.3921907164425224,0.1742004794120376,0.5721216414878386,0.37779303131860764,0.19432861016923098
SPOC_vs_TESSCut,SPOC,73,114,354,152,0.7302631578947368,0.5986842105263158,0.13157894736842102,0.5653226202761806,0.3785222861074254,0.18680033416875524,0.5650670450420564,0.34857009070810396,0.21649695433395244
SPOC_vs_TESSCut,SPOC,74,115,354,152,0.7894736842105263,0.618421052631579,0.17105263157894735,0.6927424771078022,0.37874916048290663,0.3139933166248956,0.6661755188799242,0.360267185248653,0.30590833363127123
SPOC_vs_TESSCut,SPOC,75,116,354,152,0.7960526315789473,0.6578947368421053,0.13815789473684204,0.6754189395056268,0.40533769063180825,0.27008124887381857,0.7123273213827935,0.3753942796043839,0.33693304177840966
SPOC_vs_TESSCut,SPOC,76,117,354,152,0.7763157894736842,0.618421052631579,0.1578947368421052,0.6890769953205454,0.41118973905351613,0.2778872562670293,0.6782954045263043,0.4087395696091348,0.2695558349171695
SPOC_vs_TESSCut,SPOC,77,118,354,152,0.8092105263157895,0.6447368421052632,0.16447368421052633,0.6660889697009408,0.4038587754790025,0.2622301942219383,0.68769008270663,0.39022460025170047,0.29746548245492954
SPOC_vs_TESSCut,SPOC,78,119,354,152,0.75,0.5723684210526315,0.17763157894736847,0.6094195182946474,0.3528797483905843,0.2565397699040631,0.6483081244340513,0.3326865695477708,0.31562155488628046
SPOC_vs_TESSCut,SPOC,79,120,354,152,0.756578947368421,0.5921052631578947,0.16447368421052633,0.5882101768582677,0.37491386418114997,0.21329631267711774,0.5802183860685077,0.35944120355810116,0.22077718251040657
SPOC_vs_TESSCut,SPOC,80,121,354,152,0.756578947368421,0.5723684210526315,0.1842105263157895,0.5953710529045926,0.36393052347644717,0.23144052942814541,0.6143346630801828,0.3551280408083714,0.2592066222718114
SPOC_vs_TESSCut,SPOC,81,122,354,152,0.7697368421052632,0.6381578947368421,0.13157894736842102,0.5994321315270748,0.3886530050616737,0.21077912646540103,0.6135559267979359,0.36039742897937715,0.25315849781855876
SPOC_vs_TESSCut,SPOC,82,123,354,152,0.7631578947368421,0.625,0.13815789473684215,0.6660332749084038,0.3962146652033133,0.26981860970509053,0.6876017916352772,0.3782276221762361,0.3093741694590411
SPOC_vs_TESSCut,SPOC,83,124,354,152,0.75,0.6447368421052632,0.10526315789473684,0.5436950218683965,0.4018149950038495,0.14188002686454698,0.5453342953342954,0.38441528899729677,0.16091900633699868
SPOC_vs_TESSCut,SPOC,84,125,354,152,0.7302631578947368,0.625,0.10526315789473684,0.5668820744672138,0.3762568185168804,0.19062525595033342,0.5527124061528627,0.36284153536295516,0.1898708707899075
SPOC_vs_TESSCut,SPOC,85,126,354,152,0.8223684210526315,0.6447368421052632,0.17763157894736836,0.6801256955023725,0.39558700673251757,0.2845386887698549,0.6905306358207955,0.36474086378552584,0.3257897720352697
SPOC_vs_TESSCut,SPOC,86,127,354,152,0.75,0.5723684210526315,0.17763157894736847,0.6277889713390229,0.3610308450865727,0.2667581262524502,0.6682568838433404,0.35122832008796917,0.3170285637553712
SPOC_vs_TESSCut,SPOC,87,128,354,152,0.7171052631578947,0.5921052631578947,0.125,0.5560349675932751,0.367528570882544,0.1885063967107311,0.5660917419859581,0.3535784634018444,0.21251327858411373
SPOC_vs_TESSCut,SPOC,88,129,354,152,0.8026315789473685,0.6710526315789473,0.13157894736842113,0.5902992776057792,0.41101719440212725,0.1792820832036519,0.5838507460183527,0.3987319126907228,0.18511883332762996
SPOC_vs_TESSCut,SPOC,89,130,354,152,0.7631578947368421,0.631578947368421,0.13157894736842113,0.627033542461819,0.3844259341163366,0.2426076083454824,0.6654157124115623,0.3594936944852267,0.30592201792633555
SPOC_vs_TESSCut,SPOC,90,131,354,152,0.7697368421052632,0.6513157894736842,0.11842105263157898,0.6443076645863024,0.4276027760031888,0.2167048885831136,0.6491594101938929,0.4219423625009778,0.22721704769291512
SPOC_vs_TESSCut,SPOC,91,132,354,152,0.7697368421052632,0.618421052631579,0.15131578947368418,0.5803746839866551,0.368624993857192,0.21174969012946315,0.5780066575917827,0.34275554974479705,0.23525110784698566
SPOC_vs_TESSCut,SPOC,92,133,354,152,0.743421052631579,0.6578947368421053,0.08552631578947367,0.5717548227868146,0.41632048530913335,0.1554343374776812,0.5699685487019676,0.39931956391035867,0.1706489847916089
SPOC_vs_TESSCut,SPOC,93,134,354,152,0.7697368421052632,0.6776315789473685,0.09210526315789469,0.5793970219666814,0.41621947024423805,0.16317755172244336,0.575108868266763,0.3991819252196113,0.17592694304715167
SPOC_vs_TESSCut,SPOC,94,135,354,152,0.756578947368421,0.5921052631578947,0.16447368421052633,0.5346126754795486,0.35956421554976775,0.17504845992978085,0.5283904277792223,0.3485295514776569,0.1798608763015654
SPOC_vs_TESSCut,SPOC,95,136,354,152,0.75,0.6513157894736842,0.09868421052631582,0.556927722355999,0.4062001408750635,0.15072758148093546,0.549287632620966,0.3987733683385857,0.15051426428238035
SPOC_vs_TESSCut,SPOC,96,137,354,152,0.8026315789473685,0.6513157894736842,0.1513157894736843,0.6157517977951413,0.3958237096007994,0.21992808819434195,0.6171277892476388,0.37652529652529654,0.24060249272234224
SPOC_vs_TESSCut,SPOC,97,138,354,152,0.7368421052631579,0.5789473684210527,0.1578947368421052,0.6021379701978257,0.35554081281635463,0.24659715738147103,0.6161182713143033,0.3454810365921477,0.2706372347221556
SPOC_vs_TESSCut,SPOC,98,139,354,152,0.743421052631579,0.6578947368421053,0.08552631578947367,0.5823095319999345,0.4132283322685799,0.1690811997313546,0.5913752196037053,0.400670391826561,0.19070482777714431
SPOC_vs_TESSCut,SPOC,99,140,354,152,0.7763157894736842,0.6381578947368421,0.13815789473684204,0.6668872617273031,0.38390666208003665,0.2829805996472664,0.6499789666456333,0.363164069046422,0.28681489759921125
SPOC_vs_TESSCut,SPOC,100,141,354,152,0.7697368421052632,0.6578947368421053,0.11184210526315785,0.6112331482300521,0.4145011220862614,0.19673202614379076,0.6084585408604439,0.4114854281793918,0.1969731126810521
QLP_vs_TESSCut,QLP,1,42,948,407,0.6805896805896806,0.5184275184275184,0.16216216216216217,0.41711035666515117,0.2645903547872726,0.15252000187787856,0.44028574911438395,0.26115779645191406,0.1791279526624699
QLP_vs_TESSCut,QLP,2,43,948,407,0.6707616707616708,0.5405405405405406,0.13022113022113024,0.421681529087351,0.2851981230548582,0.13648340603249282,0.45774211174983,0.2852895574926056,0.1724525542572244
QLP_vs_TESSCut,QLP,3,44,948,407,0.6904176904176904,0.5454545454545454,0.144963144963145,0.43464990742388004,0.2852380622928568,0.14941184513102324,0.47036294253694105,0.2907265999779176,0.17963634255902344
QLP_vs_TESSCut,QLP,4,45,948,407,0.6535626535626535,0.5307125307125307,0.12285012285012287,0.4320260456818676,0.2767816167216852,0.15524442896018237,0.4516577832147577,0.2767193881137709,0.1749383951009868
QLP_vs_TESSCut,QLP,5,46,948,407,0.6609336609336609,0.5528255528255528,0.10810810810810811,0.41321606475716066,0.3010922787891966,0.11212378596796407,0.44121533170443583,0.29794848403589086,0.14326684766854497
QLP_vs_TESSCut,QLP,6,47,948,407,0.683046683046683,0.5307125307125307,0.15233415233415237,0.4281297496052062,0.285175123160283,0.14295462644492324,0.461318532126504,0.2901904755301853,0.1711280565963187
QLP_vs_TESSCut,QLP,7,48,948,407,0.687960687960688,0.5331695331695332,0.1547911547911548,0.44046319083419544,0.2716141286204071,0.16884906221378831,0.4760077940344733,0.281221708011624,0.1947860860228493
QLP_vs_TESSCut,QLP,8,49,948,407,0.6977886977886978,0.5085995085995086,0.18918918918918914,0.4566414374776246,0.2720022715741894,0.1846391659034352,0.48264445507677667,0.2696718658512448,0.21297258922553186
QLP_vs_TESSCut,QLP,9,50,948,407,0.6584766584766585,0.5036855036855037,0.1547911547911548,0.39804064371701364,0.26915153382048357,0.12888910989653007,0.42861545276145996,0.26672218926820657,0.1618932634932534
QLP_vs_TESSCut,QLP,10,51,948,407,0.6855036855036855,0.5257985257985258,0.15970515970515964,0.4418181529910982,0.2785223333025844,0.1632958196885138,0.4725527710174782,0.28242277583387265,0.19012999518360557
QLP_vs_TESSCut,QLP,11,52,948,407,0.6781326781326781,0.542997542997543,0.1351351351351351,0.40308785424367616,0.292174229246147,0.11091362499752916,0.42740995387905883,0.29524651999393287,0.13216343388512597
QLP_vs_TESSCut,QLP,12,53,948,407,0.6732186732186732,0.5503685503685504,0.12285012285012287,0.43372582094043277,0.29349227900883146,0.1402335419316013,0.46198212480000933,0.3032055827373611,0.15877654206264824
QLP_vs_TESSCut,QLP,13,54,948,407,0.6658476658476659,0.5110565110565111,0.1547911547911548,0.4207757889835515,0.2840452524813255,0.136730536502226,0.4455536665926794,0.29362099379299245,0.15193267279968697
QLP_vs_TESSCut,QLP,14,55,948,407,0.6732186732186732,0.5233415233415234,0.14987714987714984,0.4771837133566586,0.2835455693047017,0.1936381440519569,0.4827970955247511,0.2875076091018664,0.19528948642288468
QLP_vs_TESSCut,QLP,15,56,948,407,0.6732186732186732,0.5135135135135135,0.15970515970515975,0.44247711953191404,0.2761276400117725,0.16634947952014156,0.4658331795834795,0.27372629812210775,0.19210688146137173
QLP_vs_TESSCut,QLP,16,57,948,407,0.683046683046683,0.5307125307125307,0.15233415233415237,0.464716329142699,0.27574095213935396,0.18897537700334505,0.4995778122930747,0.2749326662599311,0.22464514603314356
QLP_vs_TESSCut,QLP,17,58,948,407,0.6511056511056511,0.547911547911548,0.10319410319410316,0.3824965242773462,0.3072582478404396,0.07523827643690661,0.4038504555569104,0.303241461852077,0.1006089937048334
QLP_vs_TESSCut,QLP,18,59,948,407,0.6855036855036855,0.5528255528255528,0.13267813267813267,0.4584793081939201,0.2930744578861017,0.16540485030781837,0.4869569830001805,0.2972372837377599,0.18971969926242055
QLP_vs_TESSCut,QLP,19,60,948,407,0.6732186732186732,0.5036855036855037,0.16953316953316955,0.4078622850597736,0.2641407071915063,0.14372157786826734,0.4417665260702352,0.26316482743600955,0.17860169863422565
QLP_vs_TESSCut,QLP,20,61,948,407,0.6535626535626535,0.5208845208845209,0.13267813267813267,0.43332539215815474,0.2872635904599375,0.14606180169821725,0.4572368002159769,0.2929315530584967,0.16430524715748018
QLP_vs_TESSCut,QLP,21,62,948,407,0.6928746928746928,0.5307125307125307,0.16216216216216217,0.46251450963208957,0.2930529405272556,0.16946156910483395,0.48341761237547093,0.2947548987988446,0.18866271357662634
QLP_vs_TESSCut,QLP,22,63,948,407,0.6658476658476659,0.5454545454545454,0.12039312039312045,0.43456602061054117,0.28794834351341203,0.14661767709712914,0.44325242359756145,0.2895747313074557,0.15367769229010575
QLP_vs_TESSCut,QLP,23,64,948,407,0.6756756756756757,0.5061425061425061,0.16953316953316955,0.4509115672928458,0.2717786420411991,0.1791329252516467,0.4671023386698299,0.27502241973043484,0.19207991893939508
QLP_vs_TESSCut,QLP,24,65,948,407,0.6560196560196561,0.4914004914004914,0.16461916461916465,0.42115899015157005,0.2434382625449977,0.17772072760657234,0.4433639061996141,0.24367816895762542,0.19968573724198865
QLP_vs_TESSCut,QLP,25,66,948,407,0.6560196560196561,0.5036855036855037,0.15233415233415237,0.4541381347174726,0.26425224741434783,0.18988588730312478,0.476896186246266,0.2666507729048166,0.21024541334144942
QLP_vs_TESSCut,QLP,26,67,948,407,0.6658476658476659,0.5061425061425061,0.15970515970515975,0.43015450905005703,0.2627756761461099,0.16737883290394712,0.46432397876433185,0.26395874348878223,0.2003652352755496
QLP_vs_TESSCut,QLP,27,68,948,407,0.6756756756756757,0.5257985257985258,0.14987714987714984,0.4358095111805157,0.2786207297480129,0.1571887814325028,0.4621836467643568,0.27883856988863687,0.18334507687571994
QLP_vs_TESSCut,QLP,28,69,948,407,0.6609336609336609,0.515970515970516,0.14496314496314489,0.44694701280032323,0.27116271708166684,0.1757842957186564,0.47468920529313213,0.2691413792725546,0.20554782602057753
QLP_vs_TESSCut,QLP,29,70,948,407,0.6805896805896806,0.5110565110565111,0.16953316953316955,0.4655637355837128,0.2803008202266193,0.1852629153570935,0.48058333006708165,0.27034393967984255,0.2102393903872391
QLP_vs_TESSCut,QLP,30,71,948,407,0.6437346437346437,0.5528255528255528,0.09090909090909094,0.39673218239142893,0.3129974250550735,0.08373475733635544,0.43260068407607677,0.32043346268660616,0.1121672213894706
QLP_vs_TESSCut,QLP,31,72,948,407,0.6461916461916462,0.5454545454545454,0.10073710073710074,0.42871203610358866,0.29735319327214305,0.1313588428314456,0.45913991703106316,0.2986360042121554,0.16050391281890775
QLP_vs_TESSCut,QLP,32,73,948,407,0.687960687960688,0.5233415233415234,0.1646191646191646,0.48332959267605385,0.2760698279819284,0.20725976469412544,0.4905747357285355,0.2737319943326298,0.2168427413959057
QLP_vs_TESSCut,QLP,33,74,948,407,0.7076167076167076,0.5307125307125307,0.17690417690417692,0.46851840183746574,0.27907949219307665,0.1894389096443891,0.5006852657037565,0.28695407156086405,0.21373119414289243
QLP_vs_TESSCut,QLP,34,75,948,407,0.683046683046683,0.5282555282555282,0.1547911547911548,0.45499641995075785,0.28777846962778475,0.1672179503229731,0.47534143477279717,0.29057756863177064,0.18476386614102652
QLP_vs_TESSCut,QLP,35,76,948,407,0.6461916461916462,0.515970515970516,0.13022113022113013,0.40162996567106163,0.273576738245688,0.12805322742537362,0.433938134297425,0.2788545146527988,0.1550836196446262
QLP_vs_TESSCut,QLP,36,77,948,407,0.6511056511056511,0.49385749385749383,0.15724815724815727,0.43330193926655114,0.2639505994386131,0.16935133982793804,0.4609465289523959,0.26100734308957035,0.19993918586282555
QLP_vs_TESSCut,QLP,37,78,948,407,0.7051597051597052,0.5405405405405406,0.1646191646191646,0.4991574667088366,0.2825815367196645,0.21657592998917208,0.5117203771078129,0.28513944164872507,0.22658093545908786
QLP_vs_TESSCut,QLP,38,79,948,407,0.6683046683046683,0.4987714987714988,0.1695331695331695,0.44121329900439493,0.2607681443155187,0.18044515468887623,0.4671258916756902,0.25476582189220726,0.21236006978348293
QLP_vs_TESSCut,QLP,39,80,948,407,0.6584766584766585,0.4987714987714988,0.1597051597051597,0.414030615186437,0.26700611930349377,0.14702449588294325,0.43971667774029627,0.2728306318038846,0.16688604593641165
QLP_vs_TESSCut,QLP,40,81,948,407,0.6732186732186732,0.49385749385749383,0.1793611793611794,0.42720707015798337,0.25389716088917,0.17330990926881334,0.4558084918370173,0.25622712921835783,0.1995813626186595
QLP_vs_TESSCut,QLP,41,82,948,407,0.687960687960688,0.5282555282555282,0.15970515970515975,0.4719358663279896,0.27765247605430254,0.19428339027368707,0.49656186153839005,0.27490776231650876,0.22165409922188128
QLP_vs_TESSCut,QLP,42,83,948,407,0.6977886977886978,0.538083538083538,0.15970515970515975,0.4583224819954272,0.28832216901566216,0.17000031297976503,0.4761377161209474,0.2912402213483033,0.1848974947726441
QLP_vs_TESSCut,QLP,43,84,948,407,0.6953316953316954,0.5184275184275184,0.17690417690417692,0.43822825449537783,0.2757821817325242,0.1624460727628536,0.47238239808107596,0.2786664221084172,0.19371597597265877
QLP_vs_TESSCut,QLP,44,85,948,407,0.6633906633906634,0.5184275184275184,0.144963144963145,0.4530156561263867,0.2764367349841094,0.1765789211422773,0.4644129856521854,0.28180800645727344,0.18260497919491198
QLP_vs_TESSCut,QLP,45,86,948,407,0.6511056511056511,0.5307125307125307,0.12039312039312045,0.4054279133474339,0.27793537269850055,0.12749254064893334,0.4358647931112681,0.2795130882184335,0.15635170489283456
QLP_vs_TESSCut,QLP,46,87,948,407,0.7027027027027027,0.5110565110565111,0.19164619164619168,0.47517930446012635,0.2756917333258657,0.19948757113426063,0.5073133199236023,0.2761318905023352,0.23118142942126707
QLP_vs_TESSCut,QLP,47,88,948,407,0.7125307125307125,0.5085995085995086,0.2039312039312039,0.4607834569877948,0.2598514018748037,0.20093205511299111,0.4807715158785586,0.25816700061202025,0.22260451526653835
QLP_vs_TESSCut,QLP,48,89,948,407,0.6707616707616708,0.5405405405405406,0.13022113022113024,0.42827128372219697,0.3018886269742434,0.12638265674795357,0.4623888246384087,0.3115551516884464,0.1508336729499623
QLP_vs_TESSCut,QLP,49,90,948,407,0.6805896805896806,0.5085995085995086,0.17199017199017197,0.407058661467908,0.2630503433442931,0.14400831812361486,0.43966984328115244,0.2635455747467117,0.17612426853444074
QLP_vs_TESSCut,QLP,50,91,948,407,0.6855036855036855,0.5135135135135135,0.17199017199017197,0.4217673033883079,0.2782372197183841,0.1435300836699238,0.4386368855256941,0.2728353965697421,0.16580148895595198
QLP_vs_TESSCut,QLP,51,92,948,407,0.683046683046683,0.5110565110565111,0.17199017199017197,0.4051536030560003,0.26197236141585456,0.14318124164014573,0.430214261117777,0.26381283802937994,0.16640142308839706
QLP_vs_TESSCut,QLP,52,93,948,407,0.683046683046683,0.4914004914004914,0.19164619164619162,0.45232011350732804,0.26288900776629087,0.18943110574103716,0.48755713328704264,0.2657567265045056,0.22180040678253704
QLP_vs_TESSCut,QLP,53,94,948,407,0.6781326781326781,0.4963144963144963,0.18181818181818177,0.4138149542829908,0.25867509900044144,0.15513985528254937,0.43532620680367545,0.2590024980424824,0.17632370876119308
QLP_vs_TESSCut,QLP,54,95,948,407,0.7002457002457002,0.5503685503685504,0.14987714987714984,0.4722366357640331,0.2988912966367304,0.17334533912730266,0.5065362418660595,0.3073016167552506,0.19923462511080892
QLP_vs_TESSCut,QLP,55,96,948,407,0.6977886977886978,0.538083538083538,0.15970515970515975,0.4929083246577539,0.2965444151231822,0.19636390953457172,0.5188404981542672,0.29212479280739045,0.2267157053468768
QLP_vs_TESSCut,QLP,56,97,948,407,0.7051597051597052,0.5528255528255528,0.15233415233415237,0.4491833287209999,0.3133662401356465,0.1358170885853534,0.4780681228096919,0.31958551334414353,0.15848260946554837
QLP_vs_TESSCut,QLP,57,98,948,407,0.6953316953316954,0.5528255528255528,0.14250614250614257,0.473109739491018,0.28915812012273195,0.18395161936828602,0.5033460315111896,0.2936099250891854,0.20973610642200424
QLP_vs_TESSCut,QLP,58,99,948,407,0.6928746928746928,0.538083538083538,0.1547911547911548,0.48653392206474394,0.2923546524716616,0.19417926959308235,0.4956615316958467,0.3022197076854641,0.19344182401038262
QLP_vs_TESSCut,QLP,59,100,948,407,0.6584766584766585,0.547911547911548,0.11056511056511054,0.4187351403247522,0.29589537333544186,0.12283976698931032,0.44353608509239106,0.29915998023240575,0.1443761048599853
QLP_vs_TESSCut,QLP,60,101,948,407,0.6904176904176904,0.5503685503685504,0.14004914004914004,0.49665337463568054,0.3098742850883262,0.18677908954735434,0.497624311002518,0.31901950487046654,0.17860480613205149
QLP_vs_TESSCut,QLP,61,102,948,407,0.6683046683046683,0.5601965601965602,0.10810810810810811,0.423945429781617,0.30171602824285476,0.12222940153876222,0.4569020945482934,0.30283890205212,0.1540631924961734
QLP_vs_TESSCut,QLP,62,103,948,407,0.6535626535626535,0.5135135135135135,0.14004914004914004,0.44725410360398943,0.26765518168200814,0.1795989219219813,0.4708924441287636,0.2605742473468602,0.2103181967819034
QLP_vs_TESSCut,QLP,63,104,948,407,0.6781326781326781,0.5282555282555282,0.14987714987714984,0.5004722974471832,0.2814719685438864,0.21900032890329685,0.5065480539059822,0.2848542909004475,0.22169376300553473
QLP_vs_TESSCut,QLP,64,105,948,407,0.6511056511056511,0.5184275184275184,0.13267813267813267,0.40004452411701275,0.2711475897263569,0.12889693439065586,0.43080296360823955,0.2719741113100355,0.15882885229820404
QLP_vs_TESSCut,QLP,65,106,948,407,0.6953316953316954,0.5233415233415234,0.17199017199017197,0.44454763854021845,0.2891764733659711,0.15537116517424737,0.46914125703884957,0.2919700155347255,0.17717124150412406
QLP_vs_TESSCut,QLP,66,107,948,407,0.6633906633906634,0.5085995085995086,0.1547911547911548,0.44355867739143995,0.2795158793303771,0.16404279806106287,0.47114294425542497,0.27956140861486084,0.19158153564056413
QLP_vs_TESSCut,QLP,67,108,948,407,0.6855036855036855,0.5257985257985258,0.15970515970515964,0.43939852427295345,0.28938235365176,0.15001617062119343,0.4614321675963833,0.28536518688179613,0.17606698071458715
QLP_vs_TESSCut,QLP,68,109,948,407,0.6609336609336609,0.5184275184275184,0.14250614250614246,0.4116227026187072,0.268056111506454,0.14356659111225323,0.44139793477851996,0.26819747752026696,0.173200457258253
QLP_vs_TESSCut,QLP,69,110,948,407,0.6486486486486487,0.4987714987714988,0.1498771498771499,0.4143250632548578,0.2631545120700372,0.1511705511848206,0.44112155934060016,0.26932078346639693,0.17180077587420323
QLP_vs_TESSCut,QLP,70,111,948,407,0.683046683046683,0.5307125307125307,0.15233415233415237,0.4815175839719219,0.2829040431494769,0.19861354082244498,0.4953809259011921,0.2795871437161477,0.2157937821850444
QLP_vs_TESSCut,QLP,71,112,948,407,0.6855036855036855,0.5208845208845209,0.1646191646191646,0.4339050018559151,0.28135987923373773,0.15254512262217734,0.4643536737290227,0.27837200582970695,0.18598166789931575
QLP_vs_TESSCut,QLP,72,113,948,407,0.6928746928746928,0.515970515970516,0.1769041769041768,0.45703096001326604,0.27486732677942727,0.18216363323383877,0.48718781308589754,0.2801787934402936,0.20700901964560392
QLP_vs_TESSCut,QLP,73,114,948,407,0.687960687960688,0.4987714987714988,0.1891891891891892,0.42338266333700125,0.26793083037375276,0.1554518329632485,0.4501813853910213,0.2590545485542659,0.1911268368367554
QLP_vs_TESSCut,QLP,74,115,948,407,0.6560196560196561,0.5257985257985258,0.13022113022113024,0.4324992216687422,0.2739602002301774,0.1585390214385648,0.4598235946023952,0.27483575573684643,0.18498783886554876
QLP_vs_TESSCut,QLP,75,116,948,407,0.7076167076167076,0.5405405405405406,0.16707616707616701,0.5020518431762724,0.29697791268852913,0.20507393048774325,0.5193178189121882,0.2983847844448811,0.2209330344673071
QLP_vs_TESSCut,QLP,76,117,948,407,0.6707616707616708,0.5257985257985258,0.144963144963145,0.4553248427963039,0.27542999713376426,0.17989484566253966,0.49009509328439715,0.27477533021581085,0.2153197630685863
QLP_vs_TESSCut,QLP,77,118,948,407,0.6560196560196561,0.515970515970516,0.14004914004914004,0.44617025330495647,0.2716881661801753,0.1744820871247812,0.4767001517914349,0.27248750738525523,0.20421264440617964
QLP_vs_TESSCut,QLP,78,119,948,407,0.6584766584766585,0.5110565110565111,0.14742014742014742,0.4590230350361629,0.2670190503095754,0.19200398472658747,0.4712710993418361,0.26622675558180453,0.20504434376003156
QLP_vs_TESSCut,QLP,79,120,948,407,0.6928746928746928,0.5405405405405406,0.15233415233415226,0.4647472496216788,0.28721026035523756,0.17753698926644124,0.4817833332838252,0.2900559838450392,0.191727349438786
QLP_vs_TESSCut,QLP,80,121,948,407,0.714987714987715,0.5331695331695332,0.18181818181818177,0.4719033466322279,0.27872210499208216,0.19318124164014572,0.49989079518603485,0.2833201340060507,0.21657066117998414
QLP_vs_TESSCut,QLP,81,122,948,407,0.6732186732186732,0.5282555282555282,0.144963144963145,0.45147218543337264,0.27947211707200287,0.17200006836136977,0.4779702730044197,0.2839978882857026,0.19397238471871708
QLP_vs_TESSCut,QLP,82,123,948,407,0.7051597051597052,0.5282555282555282,0.17690417690417692,0.49194066809648995,0.28033660699185814,0.2116040611046318,0.5149580875493818,0.28262193967095106,0.2323361478784307
QLP_vs_TESSCut,QLP,83,124,948,407,0.6560196560196561,0.5184275184275184,0.13759213759213762,0.41439866840837164,0.26855584272821714,0.1458428256801545,0.4336114104953834,0.2617893134696947,0.17182209702568868
QLP_vs_TESSCut,QLP,84,125,948,407,0.683046683046683,0.5503685503685504,0.13267813267813267,0.47699587058890713,0.30061547882609524,0.1763803917628119,0.4935572153899719,0.3019346053291387,0.1916226100608332
QLP_vs_TESSCut,QLP,85,126,948,407,0.6584766584766585,0.5307125307125307,0.12776412776412782,0.40431104231047155,0.2900334682440847,0.11427757406638683,0.4248099938872667,0.29565339233687565,0.12915660155039105
QLP_vs_TESSCut,QLP,86,127,948,407,0.6805896805896806,0.49385749385749383,0.18673218673218678,0.4307895216571016,0.2525785139940391,0.17821100766306253,0.4426675960909996,0.2545647577892435,0.18810283830175611
QLP_vs_TESSCut,QLP,87,128,948,407,0.6732186732186732,0.48894348894348894,0.1842751842751843,0.4781962028965453,0.2573822454815605,0.22081395741498477,0.4970173770264385,0.2618223908725283,0.2351949861539102
QLP_vs_TESSCut,QLP,88,129,948,407,0.7002457002457002,0.5257985257985258,0.1744471744471744,0.4804393892721518,0.28224257139782255,0.19819681787432925,0.4985978274801319,0.2853144892010955,0.21328333827903645
QLP_vs_TESSCut,QLP,89,130,948,407,0.6560196560196561,0.5233415233415234,0.13267813267813267,0.4446422188288627,0.2818007963413215,0.1628414224875412,0.4727397634167171,0.2805531291805201,0.19218663423619697
QLP_vs_TESSCut,QLP,90,131,948,407,0.6928746928746928,0.5110565110565111,0.18181818181818177,0.4258292522419235,0.27910888895477937,0.1467203632871441,0.45414458507248706,0.2860585229149522,0.16808606215753485
QLP_vs_TESSCut,QLP,91,132,948,407,0.6560196560196561,0.538083538083538,0.11793611793611802,0.43655019563980746,0.29517621309858755,0.1413739825412199,0.46315933941279,0.2898030915087565,0.17335624790403353
QLP_vs_TESSCut,QLP,92,133,948,407,0.687960687960688,0.5331695331695332,0.1547911547911548,0.46472269855546106,0.2857910961649546,0.17893160239050648,0.4787517282153688,0.2864963944658039,0.19225533374956494
QLP_vs_TESSCut,QLP,93,134,948,407,0.6633906633906634,0.5307125307125307,0.13267813267813278,0.44979624742752594,0.2920176913184904,0.15777855610903552,0.4753341857619983,0.29376200699736077,0.18157217876463755
QLP_vs_TESSCut,QLP,94,135,948,407,0.6855036855036855,0.5503685503685504,0.1351351351351351,0.45299225127992254,0.2916093144974423,0.16138293678248022,0.47529471247698424,0.29847399117945267,0.17682072129753157
QLP_vs_TESSCut,QLP,95,136,948,407,0.6584766584766585,0.515970515970516,0.14250614250614246,0.4206049336043628,0.2838538063281214,0.1367511272762414,0.4553013560996669,0.2849970274222415,0.1703043286774254
QLP_vs_TESSCut,QLP,96,137,948,407,0.683046683046683,0.5454545454545454,0.13759213759213762,0.4601919183682883,0.2931019671601864,0.16708995120810194,0.48273750740489596,0.29506915737869044,0.18766835002620552
QLP_vs_TESSCut,QLP,97,138,948,407,0.6461916461916462,0.5356265356265356,0.11056511056511054,0.4069426118655571,0.29350208708085423,0.11344052478470285,0.4416007947231546,0.29431631247676654,0.14728448224638807
QLP_vs_TESSCut,QLP,98,139,948,407,0.6805896805896806,0.5503685503685504,0.13022113022113024,0.4511172553980773,0.3034998344501769,0.14761742094790037,0.47512131195619367,0.30040794111832364,0.17471337083787003
QLP_vs_TESSCut,QLP,99,140,948,407,0.6658476658476659,0.5257985257985258,0.14004914004914004,0.4334869199167144,0.27882596485621597,0.15466095506049843,0.45697809630750474,0.2759699581720995,0.18100813813540523
QLP_vs_TESSCut,QLP,100,141,948,407,0.6732186732186732,0.5577395577395577,0.11547911547911549,0.45260728616893,0.2996863064214662,0.15292097974746377,0.47446718828539436,0.3085051554311381,0.16596203285425626
