Comparison,OfficialProvenance,Iteration,SplitSeed,Provenance,Split,SampleCount,Accuracy,BalancedAccuracy,MacroF1
SPOC_vs_TESSCut,SPOC,1,42,SPOC,train,354,1.0,1.0,1.0
SPOC_vs_TESSCut,SPOC,1,42,SPOC,test,152,0.7631578947368421,0.5706796948799012,0.5729133383255247
SPOC_vs_TESSCut,SPOC,1,42,TESSCut,train,354,1.0,1.0,1.0
SPOC_vs_TESSCut,SPOC,1,42,TESSCut,test,152,0.631578947368421,0.38684456238635806,0.36701061212644437
SPOC_vs_TESSCut,SPOC,2,43,SPOC,train,354,1.0,1.0,1.0
SPOC_vs_TESSCut,SPOC,2,43,SPOC,test,152,0.7302631578947368,0.6051427588579291,0.6211078543071793
SPOC_vs_TESSCut,SPOC,2,43,TESSCut,train,354,1.0,1.0,1.0
SPOC_vs_TESSCut,SPOC,2,43,TESSCut,test,152,0.6776315789473685,0.41590686957044026,0.39637789966416404
SPOC_vs_TESSCut,SPOC,3,44,SPOC,train,354,1.0,1.0,1.0
SPOC_vs_TESSCut,SPOC,3,44,SPOC,test,152,0.8026315789473685,0.6188881790532977,0.6394419625610098
SPOC_vs_TESSCut,SPOC,3,44,TESSCut,train,354,1.0,1.0,1.0
SPOC_vs_TESSCut,SPOC,3,44,TESSCut,test,152,0.6513157894736842,0.39946189001916554,0.3764315532135536
SPOC_vs_TESSCut,SPOC,4,45,SPOC,train,354,1.0,1.0,1.0
SPOC_vs_TESSCut,SPOC,4,45,SPOC,test,152,0.7894736842105263,0.6689154804221883,0.6721482591364986
SPOC_vs_TESSCut,SPOC,4,45,TESSCut,train,354,1.0,1.0,1.0
SPOC_vs_TESSCut,SPOC,4,45,TESSCut,test,152,0.6644736842105263,0.42528680088019616,0.4171110504443838
SPOC_vs_TESSCut,SPOC,5,46,SPOC,train,354,1.0,1.0,1.0
SPOC_vs_TESSCut,SPOC,5,46,SPOC,test,152,0.743421052631579,0.5539748062967877,0.5350320802144285
SPOC_vs_TESSCut,SPOC,5,46,TESSCut,train,354,1.0,1.0,1.0
SPOC_vs_TESSCut,SPOC,5,46,TESSCut,test,152,0.5986842105263158,0.3785288384359592,0.37345788714209766
SPOC_vs_TESSCut,SPOC,6,47,SPOC,train,354,1.0,1.0,1.0
SPOC_vs_TESSCut,SPOC,6,47,SPOC,test,152,0.75,0.543594552830879,0.5572201743028643
SPOC_vs_TESSCut,SPOC,6,47,TESSCut,train,354,1.0,1.0,1.0
SPOC_vs_TESSCut,SPOC,6,47,TESSCut,test,152,0.6052631578947368,0.3680336462070208,0.3427919321675369
SPOC_vs_TESSCut,SPOC,7,48,SPOC,train,354,1.0,1.0,1.0
SPOC_vs_TESSCut,SPOC,7,48,SPOC,test,152,0.756578947368421,0.5820722831042748,0.5694717566617444
SPOC_vs_TESSCut,SPOC,7,48,TESSCut,train,354,1.0,1.0,1.0
SPOC_vs_TESSCut,SPOC,7,48,TESSCut,test,152,0.5723684210526315,0.3372745589463856,0.3130363420871962
SPOC_vs_TESSCut,SPOC,8,49,SPOC,train,354,1.0,1.0,1.0
SPOC_vs_TESSCut,SPOC,8,49,SPOC,test,152,0.7368421052631579,0.5596892558192867,0.5561714796324919
SPOC_vs_TESSCut,SPOC,8,49,TESSCut,train,354,1.0,1.0,1.0
SPOC_vs_TESSCut,SPOC,8,49,TESSCut,test,152,0.6447368421052632,0.39224122397497013,0.36941576941576937
SPOC_vs_TESSCut,SPOC,9,50,SPOC,train,354,1.0,1.0,1.0
SPOC_vs_TESSCut,SPOC,9,50,SPOC,test,152,0.7828947368421053,0.6705358166658475,0.6622946308967815
SPOC_vs_TESSCut,SPOC,9,50,TESSCut,train,354,1.0,1.0,1.0
SPOC_vs_TESSCut,SPOC,9,50,TESSCut,test,152,0.6118421052631579,0.37545333923042895,0.3521540367924621
SPOC_vs_TESSCut,SPOC,10,51,SPOC,train,354,1.0,1.0,1.0
SPOC_vs_TESSCut,SPOC,10,51,SPOC,test,152,0.8223684210526315,0.626351281253242,0.620406048671532
SPOC_vs_TESSCut,SPOC,10,51,TESSCut,train,354,1.0,1.0,1.0
SPOC_vs_TESSCut,SPOC,10,51,TESSCut,test,152,0.6052631578947368,0.37759758874309957,0.3498715417242455
SPOC_vs_TESSCut,SPOC,11,52,SPOC,train,354,1.0,1.0,1.0
SPOC_vs_TESSCut,SPOC,11,52,SPOC,test,152,0.7828947368421053,0.6447032614215277,0.6441418118003355
SPOC_vs_TESSCut,SPOC,11,52,TESSCut,train,354,1.0,1.0,1.0
SPOC_vs_TESSCut,SPOC,11,52,TESSCut,test,152,0.6710526315789473,0.42798281105814645,0.42866158781804065
SPOC_vs_TESSCut,SPOC,12,53,SPOC,train,354,1.0,1.0,1.0
SPOC_vs_TESSCut,SPOC,12,53,SPOC,test,152,0.7894736842105263,0.6408510382710588,0.665446509896108
SPOC_vs_TESSCut,SPOC,12,53,TESSCut,train,354,1.0,1.0,1.0
SPOC_vs_TESSCut,SPOC,12,53,TESSCut,test,152,0.631578947368421,0.39492440250954186,0.3850791602647382
SPOC_vs_TESSCut,SPOC,13,54,SPOC,train,354,1.0,1.0,1.0
SPOC_vs_TESSCut,SPOC,13,54,SPOC,test,152,0.7039473684210527,0.47959550291851627,0.4727593553400005
SPOC_vs_TESSCut,SPOC,13,54,TESSCut,train,354,1.0,1.0,1.0
SPOC_vs_TESSCut,SPOC,13,54,TESSCut,test,152,0.625,0.3833898471669369,0.3574864554111042
SPOC_vs_TESSCut,SPOC,14,55,SPOC,train,354,1.0,1.0,1.0
SPOC_vs_TESSCut,SPOC,14,55,SPOC,test,152,0.7894736842105263,0.6900573874774081,0.7250086426476822
SPOC_vs_TESSCut,SPOC,14,55,TESSCut,train,354,1.0,1.0,1.0
SPOC_vs_TESSCut,SPOC,14,55,TESSCut,test,152,0.6118421052631579,0.3985290022441725,0.39821077273782673
SPOC_vs_TESSCut,SPOC,15,56,SPOC,train,354,1.0,1.0,1.0
SPOC_vs_TESSCut,SPOC,15,56,SPOC,test,152,0.7171052631578947,0.5039846347895883,0.5017751305247448
SPOC_vs_TESSCut,SPOC,15,56,TESSCut,train,354,1.0,1.0,1.0
SPOC_vs_TESSCut,SPOC,15,56,TESSCut,test,152,0.6578947368421053,0.4159068695704402,0.4052692016591777
SPOC_vs_TESSCut,SPOC,16,57,SPOC,train,354,1.0,1.0,1.0
SPOC_vs_TESSCut,SPOC,16,57,SPOC,test,152,0.7828947368421053,0.6450786552437738,0.6595414177144119
SPOC_vs_TESSCut,SPOC,16,57,TESSCut,train,354,1.0,1.0,1.0
SPOC_vs_TESSCut,SPOC,16,57,TESSCut,test,152,0.631578947368421,0.3948965551132734,0.3877697796133315
SPOC_vs_TESSCut,SPOC,17,58,SPOC,train,354,1.0,1.0,1.0
SPOC_vs_TESSCut,SPOC,17,58,SPOC,test,152,0.7368421052631579,0.6450682807235955,0.6873725463737536
SPOC_vs_TESSCut,SPOC,17,58,TESSCut,train,354,1.0,1.0,1.0
SPOC_vs_TESSCut,SPOC,17,58,TESSCut,test,152,0.6052631578947368,0.3770835039668889,0.3662828291262585
SPOC_vs_TESSCut,SPOC,18,59,SPOC,train,354,1.0,1.0,1.0
SPOC_vs_TESSCut,SPOC,18,59,SPOC,test,152,0.7302631578947368,0.6084541418906744,0.628130513435173
SPOC_vs_TESSCut,SPOC,18,59,TESSCut,train,354,1.0,1.0,1.0
SPOC_vs_TESSCut,SPOC,18,59,TESSCut,test,152,0.631578947368421,0.3919106043977045,0.3784442552386358
SPOC_vs_TESSCut,SPOC,19,60,SPOC,train,354,1.0,1.0,1.0
SPOC_vs_TESSCut,SPOC,19,60,SPOC,test,152,0.7697368421052632,0.6486709693624039,0.6637418726892362
SPOC_vs_TESSCut,SPOC,19,60,TESSCut,train,354,1.0,1.0,1.0
SPOC_vs_TESSCut,SPOC,19,60,TESSCut,test,152,0.6710526315789473,0.42173734991072453,0.39513910592341966
SPOC_vs_TESSCut,SPOC,20,61,SPOC,train,354,1.0,1.0,1.0
SPOC_vs_TESSCut,SPOC,20,61,SPOC,test,152,0.7894736842105263,0.6081622902572335,0.6133848523162669
SPOC_vs_TESSCut,SPOC,20,61,TESSCut,train,354,1.0,1.0,1.0
SPOC_vs_TESSCut,SPOC,20,61,TESSCut,test,152,0.625,0.39676587984121525,0.39540904085750145
SPOC_vs_TESSCut,SPOC,21,62,SPOC,train,354,1.0,1.0,1.0
SPOC_vs_TESSCut,SPOC,21,62,SPOC,test,152,0.7697368421052632,0.560158020323139,0.5750612860957688
SPOC_vs_TESSCut,SPOC,21,62,TESSCut,train,354,1.0,1.0,1.0
SPOC_vs_TESSCut,SPOC,21,62,TESSCut,test,152,0.6776315789473685,0.4701519594192453,0.46964804033769547
SPOC_vs_TESSCut,SPOC,22,63,SPOC,train,354,1.0,1.0,1.0
SPOC_vs_TESSCut,SPOC,22,63,SPOC,test,152,0.743421052631579,0.5910598937430723,0.619059558021472
SPOC_vs_TESSCut,SPOC,22,63,TESSCut,train,354,1.0,1.0,1.0
SPOC_vs_TESSCut,SPOC,22,63,TESSCut,test,152,0.6118421052631579,0.3827447158200512,0.36577965349423647
SPOC_vs_TESSCut,SPOC,23,64,SPOC,train,354,1.0,1.0,1.0
SPOC_vs_TESSCut,SPOC,23,64,SPOC,test,152,0.7828947368421053,0.6509765699652181,0.6649803873747536
SPOC_vs_TESSCut,SPOC,23,64,TESSCut,train,354,1.0,1.0,1.0
SPOC_vs_TESSCut,SPOC,23,64,TESSCut,test,152,0.5921052631578947,0.3729063945266216,0.355536097004294
SPOC_vs_TESSCut,SPOC,24,65,SPOC,train,354,1.0,1.0,1.0
SPOC_vs_TESSCut,SPOC,24,65,SPOC,test,152,0.7894736842105263,0.61722252253728,0.633860066672248
SPOC_vs_TESSCut,SPOC,24,65,TESSCut,train,354,1.0,1.0,1.0
SPOC_vs_TESSCut,SPOC,24,65,TESSCut,test,152,0.7039473684210527,0.45410121163475137,0.4473924034899645
SPOC_vs_TESSCut,SPOC,25,66,SPOC,train,354,1.0,1.0,1.0
SPOC_vs_TESSCut,SPOC,25,66,SPOC,test,152,0.743421052631579,0.5844914574016742,0.5914785164785166
SPOC_vs_TESSCut,SPOC,25,66,TESSCut,train,354,1.0,1.0,1.0
SPOC_vs_TESSCut,SPOC,25,66,TESSCut,test,152,0.5855263157894737,0.35014988451520956,0.3243161255583616
SPOC_vs_TESSCut,SPOC,26,67,SPOC,train,354,1.0,1.0,1.0
SPOC_vs_TESSCut,SPOC,26,67,SPOC,test,152,0.7697368421052632,0.5877414123544155,0.5987008339949518
SPOC_vs_TESSCut,SPOC,26,67,TESSCut,train,354,1.0,1.0,1.0
SPOC_vs_TESSCut,SPOC,26,67,TESSCut,test,152,0.6052631578947368,0.3866092245865207,0.3755285579731847
SPOC_vs_TESSCut,SPOC,27,68,SPOC,train,354,1.0,1.0,1.0
SPOC_vs_TESSCut,SPOC,27,68,SPOC,test,152,0.743421052631579,0.5885473487640671,0.606878388403812
SPOC_vs_TESSCut,SPOC,27,68,TESSCut,train,354,1.0,1.0,1.0
SPOC_vs_TESSCut,SPOC,27,68,TESSCut,test,152,0.618421052631579,0.3803151670024735,0.3592324925658259
SPOC_vs_TESSCut,SPOC,28,69,SPOC,train,354,1.0,1.0,1.0
SPOC_vs_TESSCut,SPOC,28,69,SPOC,test,152,0.743421052631579,0.6510977880430925,0.6619365662417673
SPOC_vs_TESSCut,SPOC,28,69,TESSCut,train,354,1.0,1.0,1.0
SPOC_vs_TESSCut,SPOC,28,69,TESSCut,test,152,0.625,0.39914737824954544,0.3830103647434988
SPOC_vs_TESSCut,SPOC,29,70,SPOC,train,354,1.0,1.0,1.0
SPOC_vs_TESSCut,SPOC,29,70,SPOC,test,152,0.7368421052631579,0.6242135840691052,0.6527632723035022
SPOC_vs_TESSCut,SPOC,29,70,TESSCut,train,354,1.0,1.0,1.0
SPOC_vs_TESSCut,SPOC,29,70,TESSCut,test,152,0.625,0.41533490589218147,0.4107787469097847
SPOC_vs_TESSCut,SPOC,30,71,SPOC,train,354,1.0,1.0,1.0
SPOC_vs_TESSCut,SPOC,30,71,SPOC,test,152,0.7828947368421053,0.6213294674594984,0.6125505378425976
SPOC_vs_TESSCut,SPOC,30,71,TESSCut,train,354,1.0,1.0,1.0
SPOC_vs_TESSCut,SPOC,30,71,TESSCut,test,152,0.5921052631578947,0.3630972856979049,0.3421178517068928
SPOC_vs_TESSCut,SPOC,31,72,SPOC,train,354,1.0,1.0,1.0
SPOC_vs_TESSCut,SPOC,31,72,SPOC,test,152,0.7631578947368421,0.609044124472401,0.6433326902473959
SPOC_vs_TESSCut,SPOC,31,72,TESSCut,train,354,1.0,1.0,1.0
SPOC_vs_TESSCut,SPOC,31,72,TESSCut,test,152,0.6842105263157895,0.44635799738998905,0.44368893082989413
SPOC_vs_TESSCut,SPOC,32,73,SPOC,train,354,1.0,1.0,1.0
SPOC_vs_TESSCut,SPOC,32,73,SPOC,test,152,0.7763157894736842,0.5982811058146456,0.6059584394740334
SPOC_vs_TESSCut,SPOC,32,73,TESSCut,train,354,1.0,1.0,1.0
SPOC_vs_TESSCut,SPOC,32,73,TESSCut,test,152,0.6447368421052632,0.4276461851797249,0.4167679896315578
SPOC_vs_TESSCut,SPOC,33,74,SPOC,train,354,1.0,1.0,1.0
SPOC_vs_TESSCut,SPOC,33,74,SPOC,test,152,0.8026315789473685,0.6906539223876684,0.7132175641728125
SPOC_vs_TESSCut,SPOC,33,74,TESSCut,train,354,1.0,1.0,1.0
SPOC_vs_TESSCut,SPOC,33,74,TESSCut,test,152,0.6447368421052632,0.39176727221102864,0.37257126411654873
SPOC_vs_TESSCut,SPOC,34,75,SPOC,train,354,1.0,1.0,1.0
SPOC_vs_TESSCut,SPOC,34,75,SPOC,test,152,0.7697368421052632,0.5861164348780448,0.5973814879078038
SPOC_vs_TESSCut,SPOC,34,75,TESSCut,train,354,1.0,1.0,1.0
SPOC_vs_TESSCut,SPOC,34,75,TESSCut,test,152,0.5986842105263158,0.3768080331547824,0.36837093260243164
SPOC_vs_TESSCut,SPOC,35,76,SPOC,train,354,1.0,1.0,1.0
SPOC_vs_TESSCut,SPOC,35,76,SPOC,test,152,0.7368421052631579,0.5621474710741996,0.5683511114883664
SPOC_vs_TESSCut,SPOC,35,76,TESSCut,train,354,1.0,1.0,1.0
SPOC_vs_TESSCut,SPOC,35,76,TESSCut,test,152,0.631578947368421,0.389605549822268,0.37192464004058207
SPOC_vs_TESSCut,SPOC,36,77,SPOC,train,354,1.0,1.0,1.0
SPOC_vs_TESSCut,SPOC,36,77,SPOC,test,152,0.7763157894736842,0.611860806700848,0.6468023574666675
SPOC_vs_TESSCut,SPOC,36,77,TESSCut,train,354,1.0,1.0,1.0
SPOC_vs_TESSCut,SPOC,36,77,TESSCut,test,152,0.6776315789473685,0.4114755843858011,0.38741365769614355
SPOC_vs_TESSCut,SPOC,37,78,SPOC,train,354,1.0,1.0,1.0
SPOC_vs_TESSCut,SPOC,37,78,SPOC,test,152,0.8092105263157895,0.6672632015769271,0.695005345740091
SPOC_vs_TESSCut,SPOC,37,78,TESSCut,train,354,1.0,1.0,1.0
SPOC_vs_TESSCut,SPOC,37,78,TESSCut,test,152,0.6578947368421053,0.4020852785558668,0.3802309882958774
SPOC_vs_TESSCut,SPOC,38,79,SPOC,train,354,1.0,1.0,1.0
SPOC_vs_TESSCut,SPOC,38,79,SPOC,test,152,0.7763157894736842,0.6472605806455136,0.6724810957974512
SPOC_vs_TESSCut,SPOC,38,79,TESSCut,train,354,1.0,1.0,1.0
SPOC_vs_TESSCut,SPOC,38,79,TESSCut,test,152,0.6447368421052632,0.3995604479608607,0.38138504227982273
SPOC_vs_TESSCut,SPOC,39,80,SPOC,train,354,1.0,1.0,1.0
SPOC_vs_TESSCut,SPOC,39,80,SPOC,test,152,0.7960526315789473,0.7118556194407587,0.7337968998985949
SPOC_vs_TESSCut,SPOC,39,80,TESSCut,train,354,1.0,1.0,1.0
SPOC_vs_TESSCut,SPOC,39,80,TESSCut,test,152,0.5789473684210527,0.36824495880223435,0.3524544385655497
SPOC_vs_TESSCut,SPOC,40,81,SPOC,train,354,1.0,1.0,1.0
SPOC_vs_TESSCut,SPOC,40,81,SPOC,test,152,0.7763157894736842,0.6037102560322375,0.6058024948185131
SPOC_vs_TESSCut,SPOC,40,81,TESSCut,train,354,1.0,1.0,1.0
SPOC_vs_TESSCut,SPOC,40,81,TESSCut,test,152,0.618421052631579,0.3973506751628526,0.38438669842178613
SPOC_vs_TESSCut,SPOC,41,82,SPOC,train,354,1.0,1.0,1.0
SPOC_vs_TESSCut,SPOC,41,82,SPOC,test,152,0.8157894736842105,0.6832951114168864,0.6944224800442038
SPOC_vs_TESSCut,SPOC,41,82,TESSCut,train,354,1.0,1.0,1.0
SPOC_vs_TESSCut,SPOC,41,82,TESSCut,test,152,0.5921052631578947,0.3610360323466619,0.3494122969899183
SPOC_vs_TESSCut,SPOC,42,83,SPOC,train,354,1.0,1.0,1.0
SPOC_vs_TESSCut,SPOC,42,83,SPOC,test,152,0.7631578947368421,0.5271495732796042,0.5258906525573193
SPOC_vs_TESSCut,SPOC,42,83,TESSCut,train,354,1.0,1.0,1.0
SPOC_vs_TESSCut,SPOC,42,83,TESSCut,test,152,0.625,0.3908349304634134,0.38577565127952723
SPOC_vs_TESSCut,SPOC,43,84,SPOC,train,354,1.0,1.0,1.0
SPOC_vs_TESSCut,SPOC,43,84,SPOC,test,152,0.7368421052631579,0.535186004226252,0.5367632907613312
SPOC_vs_TESSCut,SPOC,43,84,TESSCut,train,354,1.0,1.0,1.0
SPOC_vs_TESSCut,SPOC,43,84,TESSCut,test,152,0.6578947368421053,0.39753222926597537,0.3673713287107503
SPOC_vs_TESSCut,SPOC,44,85,SPOC,train,354,1.0,1.0,1.0
SPOC_vs_TESSCut,SPOC,44,85,SPOC,test,152,0.7631578947368421,0.5415182837267462,0.5446273292235406
SPOC_vs_TESSCut,SPOC,44,85,TESSCut,train,354,1.0,1.0,1.0
SPOC_vs_TESSCut,SPOC,44,85,TESSCut,test,152,0.625,0.3768039379494488,0.34691183728479424
SPOC_vs_TESSCut,SPOC,45,86,SPOC,train,354,1.0,1.0,1.0
SPOC_vs_TESSCut,SPOC,45,86,SPOC,test,152,0.7763157894736842,0.5739976302411802,0.5844232531047947
SPOC_vs_TESSCut,SPOC,45,86,TESSCut,train,354,1.0,1.0,1.0
SPOC_vs_TESSCut,SPOC,45,86,TESSCut,test,152,0.6776315789473685,0.43412316193533945,0.4278188223320242
SPOC_vs_TESSCut,SPOC,46,87,SPOC,train,354,1.0,1.0,1.0
SPOC_vs_TESSCut,SPOC,46,87,SPOC,test,152,0.75,0.5875675026345821,0.5824014498101255
SPOC_vs_TESSCut,SPOC,46,87,TESSCut,train,354,1.0,1.0,1.0
SPOC_vs_TESSCut,SPOC,46,87,TESSCut,test,152,0.5460526315789473,0.32337461300309595,0.2965841588368308
SPOC_vs_TESSCut,SPOC,47,88,SPOC,train,354,1.0,1.0,1.0
SPOC_vs_TESSCut,SPOC,47,88,SPOC,test,152,0.75,0.5913621198966916,0.6156303155713458
SPOC_vs_TESSCut,SPOC,47,88,TESSCut,train,354,1.0,1.0,1.0
SPOC_vs_TESSCut,SPOC,47,88,TESSCut,test,152,0.6513157894736842,0.40515367940548536,0.3907180168674422
SPOC_vs_TESSCut,SPOC,48,89,SPOC,train,354,1.0,1.0,1.0
SPOC_vs_TESSCut,SPOC,48,89,SPOC,test,152,0.7697368421052632,0.5773363146428162,0.5770289070521311
SPOC_vs_TESSCut,SPOC,48,89,TESSCut,train,354,1.0,1.0,1.0
SPOC_vs_TESSCut,SPOC,48,89,TESSCut,test,152,0.6118421052631579,0.3723942208462332,0.358704525371192
SPOC_vs_TESSCut,SPOC,49,90,SPOC,train,354,1.0,1.0,1.0
SPOC_vs_TESSCut,SPOC,49,90,SPOC,test,152,0.7828947368421053,0.616645371598932,0.6202227178254576
SPOC_vs_TESSCut,SPOC,49,90,TESSCut,train,354,1.0,1.0,1.0
SPOC_vs_TESSCut,SPOC,49,90,TESSCut,test,152,0.6644736842105263,0.4120702082002391,0.38871772824525014
SPOC_vs_TESSCut,SPOC,50,91,SPOC,train,354,1.0,1.0,1.0
SPOC_vs_TESSCut,SPOC,50,91,SPOC,test,152,0.8026315789473685,0.6884823715061074,0.7067172907308132
SPOC_vs_TESSCut,SPOC,50,91,TESSCut,train,354,1.0,1.0,1.0
SPOC_vs_TESSCut,SPOC,50,91,TESSCut,test,152,0.6710526315789473,0.41069421920815113,0.37942072796786025
SPOC_vs_TESSCut,SPOC,51,92,SPOC,train,354,1.0,1.0,1.0
SPOC_vs_TESSCut,SPOC,51,92,SPOC,test,152,0.7368421052631579,0.6227073675474089,0.6480876336139495
SPOC_vs_TESSCut,SPOC,51,92,TESSCut,train,354,1.0,1.0,1.0
SPOC_vs_TESSCut,SPOC,51,92,TESSCut,test,152,0.5460526315789473,0.3378282307074877,0.32386498515530776
SPOC_vs_TESSCut,SPOC,52,93,SPOC,train,354,1.0,1.0,1.0
SPOC_vs_TESSCut,SPOC,52,93,SPOC,test,152,0.7368421052631579,0.5680057988107524,0.5722877945100167
SPOC_vs_TESSCut,SPOC,52,93,TESSCut,train,354,1.0,1.0,1.0
SPOC_vs_TESSCut,SPOC,52,93,TESSCut,test,152,0.5986842105263158,0.36840904002926705,0.3465320810221569
SPOC_vs_TESSCut,SPOC,53,94,SPOC,train,354,1.0,1.0,1.0
SPOC_vs_TESSCut,SPOC,53,94,SPOC,test,152,0.7763157894736842,0.6048443548959545,0.6155282409300917
SPOC_vs_TESSCut,SPOC,53,94,TESSCut,train,354,1.0,1.0,1.0
SPOC_vs_TESSCut,SPOC,53,94,TESSCut,test,152,0.6447368421052632,0.3995326005645923,0.3810897894256956
SPOC_vs_TESSCut,SPOC,54,95,SPOC,train,354,1.0,1.0,1.0
SPOC_vs_TESSCut,SPOC,54,95,SPOC,test,152,0.75,0.5934635062602038,0.6054840859848082
SPOC_vs_TESSCut,SPOC,54,95,TESSCut,train,354,1.0,1.0,1.0
SPOC_vs_TESSCut,SPOC,54,95,TESSCut,test,152,0.5855263157894737,0.35546873720248334,0.3302605323065681
SPOC_vs_TESSCut,SPOC,55,96,SPOC,train,354,1.0,1.0,1.0
SPOC_vs_TESSCut,SPOC,55,96,SPOC,test,152,0.7631578947368421,0.5692960615045238,0.5670194003527338
SPOC_vs_TESSCut,SPOC,55,96,TESSCut,train,354,1.0,1.0,1.0
SPOC_vs_TESSCut,SPOC,55,96,TESSCut,test,152,0.5921052631578947,0.3648180909790817,0.33980305555629003
SPOC_vs_TESSCut,SPOC,56,97,SPOC,train,354,1.0,1.0,1.0
SPOC_vs_TESSCut,SPOC,56,97,SPOC,test,152,0.75,0.6266100982303253,0.6343878140211079
SPOC_vs_TESSCut,SPOC,56,97,TESSCut,train,354,1.0,1.0,1.0
SPOC_vs_TESSCut,SPOC,56,97,TESSCut,test,152,0.6447368421052632,0.39920580317897136,0.37981065092111144
SPOC_vs_TESSCut,SPOC,57,98,SPOC,train,354,1.0,1.0,1.0
SPOC_vs_TESSCut,SPOC,57,98,SPOC,test,152,0.7171052631578947,0.5723669194773426,0.5737200435729847
SPOC_vs_TESSCut,SPOC,57,98,TESSCut,train,354,1.0,1.0,1.0
SPOC_vs_TESSCut,SPOC,57,98,TESSCut,test,152,0.625,0.40857262983165976,0.4016327732174727
SPOC_vs_TESSCut,SPOC,58,99,SPOC,train,354,1.0,1.0,1.0
SPOC_vs_TESSCut,SPOC,58,99,SPOC,test,152,0.7960526315789473,0.5715162088227104,0.5923247904596542
SPOC_vs_TESSCut,SPOC,58,99,TESSCut,train,354,1.0,1.0,1.0
SPOC_vs_TESSCut,SPOC,58,99,TESSCut,test,152,0.6513157894736842,0.4265822508340568,0.4284065598775629
SPOC_vs_TESSCut,SPOC,59,100,SPOC,train,354,1.0,1.0,1.0
SPOC_vs_TESSCut,SPOC,59,100,SPOC,test,152,0.7697368421052632,0.628202587077716,0.6586278850390768
SPOC_vs_TESSCut,SPOC,59,100,TESSCut,train,354,1.0,1.0,1.0
SPOC_vs_TESSCut,SPOC,59,100,TESSCut,test,152,0.6644736842105263,0.40749122260990167,0.3935665039230404
SPOC_vs_TESSCut,SPOC,60,101,SPOC,train,354,1.0,1.0,1.0
SPOC_vs_TESSCut,SPOC,60,101,SPOC,test,152,0.7828947368421053,0.6568018630454131,0.6669179310806853
SPOC_vs_TESSCut,SPOC,60,101,TESSCut,train,354,1.0,1.0,1.0
SPOC_vs_TESSCut,SPOC,60,101,TESSCut,test,152,0.631578947368421,0.4004701295722967,0.38545365512267665
SPOC_vs_TESSCut,SPOC,61,102,SPOC,train,354,1.0,1.0,1.0
SPOC_vs_TESSCut,SPOC,61,102,SPOC,test,152,0.7171052631578947,0.5512678755712811,0.5718810233619243
SPOC_vs_TESSCut,SPOC,61,102,TESSCut,train,354,1.0,1.0,1.0
SPOC_vs_TESSCut,SPOC,61,102,TESSCut,test,152,0.5657894736842105,0.34891012935388577,0.3305390843205969
SPOC_vs_TESSCut,SPOC,62,103,SPOC,train,354,1.0,1.0,1.0
SPOC_vs_TESSCut,SPOC,62,103,SPOC,test,152,0.7302631578947368,0.49797778760627054,0.47510326742782877
SPOC_vs_TESSCut,SPOC,62,103,TESSCut,train,354,1.0,1.0,1.0
SPOC_vs_TESSCut,SPOC,62,103,TESSCut,test,152,0.6118421052631579,0.3885050316422865,0.36256855934230425
SPOC_vs_TESSCut,SPOC,63,104,SPOC,train,354,1.0,1.0,1.0
SPOC_vs_TESSCut,SPOC,63,104,SPOC,test,152,0.7697368421052632,0.5523525589573061,0.5508414233701591
SPOC_vs_TESSCut,SPOC,63,104,TESSCut,train,354,1.0,1.0,1.0
SPOC_vs_TESSCut,SPOC,63,104,TESSCut,test,152,0.5855263157894737,0.3726931708355856,0.3670572803251019
SPOC_vs_TESSCut,SPOC,64,105,SPOC,train,354,1.0,1.0,1.0
SPOC_vs_TESSCut,SPOC,64,105,SPOC,test,152,0.7828947368421053,0.6066631720914486,0.5963666963666964
SPOC_vs_TESSCut,SPOC,64,105,TESSCut,train,354,1.0,1.0,1.0
SPOC_vs_TESSCut,SPOC,64,105,TESSCut,test,152,0.5789473684210527,0.36419834990526423,0.35025862823400444
SPOC_vs_TESSCut,SPOC,65,106,SPOC,train,354,1.0,1.0,1.0
SPOC_vs_TESSCut,SPOC,65,106,SPOC,test,152,0.75,0.5880239815224334,0.582863776281403
SPOC_vs_TESSCut,SPOC,65,106,TESSCut,train,354,1.0,1.0,1.0
SPOC_vs_TESSCut,SPOC,65,106,TESSCut,test,152,0.6513157894736842,0.40703337865360567,0.3943669738806809
SPOC_vs_TESSCut,SPOC,66,107,SPOC,train,354,1.0,1.0,1.0
SPOC_vs_TESSCut,SPOC,66,107,SPOC,test,152,0.756578947368421,0.6322311770712183,0.6418956442764481
SPOC_vs_TESSCut,SPOC,66,107,TESSCut,train,354,1.0,1.0,1.0
SPOC_vs_TESSCut,SPOC,66,107,TESSCut,test,152,0.6644736842105263,0.4093365221332197,0.39022789022789023
SPOC_vs_TESSCut,SPOC,67,108,SPOC,train,354,1.0,1.0,1.0
SPOC_vs_TESSCut,SPOC,67,108,SPOC,test,152,0.8026315789473685,0.6237207943606292,0.6366444702453377
SPOC_vs_TESSCut,SPOC,67,108,TESSCut,train,354,1.0,1.0,1.0
SPOC_vs_TESSCut,SPOC,67,108,TESSCut,test,152,0.6776315789473685,0.41934656903697154,0.39620312752842873
SPOC_vs_TESSCut,SPOC,68,109,SPOC,train,354,1.0,1.0,1.0
SPOC_vs_TESSCut,SPOC,68,109,SPOC,test,152,0.7828947368421053,0.6176257637557947,0.6462342684564906
SPOC_vs_TESSCut,SPOC,68,109,TESSCut,train,354,1.0,1.0,1.0
SPOC_vs_TESSCut,SPOC,68,109,TESSCut,test,152,0.5986842105263158,0.39741292228392333,0.3875133892960718
SPOC_vs_TESSCut,SPOC,69,110,SPOC,train,354,1.0,1.0,1.0
SPOC_vs_TESSCut,SPOC,69,110,SPOC,test,152,0.756578947368421,0.602160630334005,0.6385259160013843
SPOC_vs_TESSCut,SPOC,69,110,TESSCut,train,354,1.0,1.0,1.0
SPOC_vs_TESSCut,SPOC,69,110,TESSCut,test,152,0.6052631578947368,0.3670475207626911,0.34896822545968886
SPOC_vs_TESSCut,SPOC,70,111,SPOC,train,354,1.0,1.0,1.0
SPOC_vs_TESSCut,SPOC,70,111,SPOC,test,152,0.7368421052631579,0.5345744535631016,0.5332942100965357
SPOC_vs_TESSCut,SPOC,70,111,TESSCut,train,354,1.0,1.0,1.0
SPOC_vs_TESSCut,SPOC,70,111,TESSCut,test,152,0.6907894736842105,0.4128261831048209,0.3787487208004603
SPOC_vs_TESSCut,SPOC,71,112,SPOC,train,354,1.0,1.0,1.0
SPOC_vs_TESSCut,SPOC,71,112,SPOC,test,152,0.7960526315789473,0.6954917249550892,0.70944981679633
SPOC_vs_TESSCut,SPOC,71,112,TESSCut,train,354,1.0,1.0,1.0
SPOC_vs_TESSCut,SPOC,71,112,TESSCut,test,152,0.6776315789473685,0.4330027137560677,0.42831030071267356
SPOC_vs_TESSCut,SPOC,72,113,SPOC,train,354,1.0,1.0,1.0
SPOC_vs_TESSCut,SPOC,72,113,SPOC,test,152,0.756578947368421,0.56639119585456,0.5721216414878386
SPOC_vs_TESSCut,SPOC,72,113,TESSCut,train,354,1.0,1.0,1.0
SPOC_vs_TESSCut,SPOC,72,113,TESSCut,test,152,0.6381578947368421,0.3921907164425224,0.37779303131860764
SPOC_vs_TESSCut,SPOC,73,114,SPOC,train,354,1.0,1.0,1.0
SPOC_vs_TESSCut,SPOC,73,114,SPOC,test,152,0.7302631578947368,0.5653226202761806,0.5650670450420564
SPOC_vs_TESSCut,SPOC,73,114,TESSCut,train,354,1.0,1.0,1.0
SPOC_vs_TESSCut,SPOC,73,114,TESSCut,test,152,0.5986842105263158,0.3785222861074254,0.34857009070810396
SPOC_vs_TESSCut,SPOC,74,115,SPOC,train,354,1.0,1.0,1.0
SPOC_vs_TESSCut,SPOC,74,115,SPOC,test,152,0.7894736842105263,0.6927424771078022,0.6661755188799242
SPOC_vs_TESSCut,SPOC,74,115,TESSCut,train,354,1.0,1.0,1.0
SPOC_vs_TESSCut,SPOC,74,115,TESSCut,test,152,0.618421052631579,0.37874916048290663,0.360267185248653
SPOC_vs_TESSCut,SPOC,75,116,SPOC,train,354,1.0,1.0,1.0
SPOC_vs_TESSCut,SPOC,75,116,SPOC,test,152,0.7960526315789473,0.6754189395056268,0.7123273213827935
SPOC_vs_TESSCut,SPOC,75,116,TESSCut,train,354,1.0,1.0,1.0
SPOC_vs_TESSCut,SPOC,75,116,TESSCut,test,152,0.6578947368421053,0.40533769063180825,0.3753942796043839
SPOC_vs_TESSCut,SPOC,76,117,SPOC,train,354,1.0,1.0,1.0
SPOC_vs_TESSCut,SPOC,76,117,SPOC,test,152,0.7763157894736842,0.6890769953205454,0.6782954045263043
SPOC_vs_TESSCut,SPOC,76,117,TESSCut,train,354,1.0,1.0,1.0
SPOC_vs_TESSCut,SPOC,76,117,TESSCut,test,152,0.618421052631579,0.41118973905351613,0.4087395696091348
SPOC_vs_TESSCut,SPOC,77,118,SPOC,train,354,1.0,1.0,1.0
SPOC_vs_TESSCut,SPOC,77,118,SPOC,test,152,0.8092105263157895,0.6660889697009408,0.68769008270663
SPOC_vs_TESSCut,SPOC,77,118,TESSCut,train,354,1.0,1.0,1.0
SPOC_vs_TESSCut,SPOC,77,118,TESSCut,test,152,0.6447368421052632,0.4038587754790025,0.39022460025170047
SPOC_vs_TESSCut,SPOC,78,119,SPOC,train,354,1.0,1.0,1.0
SPOC_vs_TESSCut,SPOC,78,119,SPOC,test,152,0.75,0.6094195182946474,0.6483081244340513
SPOC_vs_TESSCut,SPOC,78,119,TESSCut,train,354,1.0,1.0,1.0
SPOC_vs_TESSCut,SPOC,78,119,TESSCut,test,152,0.5723684210526315,0.3528797483905843,0.3326865695477708
SPOC_vs_TESSCut,SPOC,79,120,SPOC,train,354,1.0,1.0,1.0
SPOC_vs_TESSCut,SPOC,79,120,SPOC,test,152,0.756578947368421,0.5882101768582677,0.5802183860685077
SPOC_vs_TESSCut,SPOC,79,120,TESSCut,train,354,1.0,1.0,1.0
SPOC_vs_TESSCut,SPOC,79,120,TESSCut,test,152,0.5921052631578947,0.37491386418114997,0.35944120355810116
SPOC_vs_TESSCut,SPOC,80,121,SPOC,train,354,1.0,1.0,1.0
SPOC_vs_TESSCut,SPOC,80,121,SPOC,test,152,0.756578947368421,0.5953710529045926,0.6143346630801828
SPOC_vs_TESSCut,SPOC,80,121,TESSCut,train,354,1.0,1.0,1.0
SPOC_vs_TESSCut,SPOC,80,121,TESSCut,test,152,0.5723684210526315,0.36393052347644717,0.3551280408083714
SPOC_vs_TESSCut,SPOC,81,122,SPOC,train,354,1.0,1.0,1.0
SPOC_vs_TESSCut,SPOC,81,122,SPOC,test,152,0.7697368421052632,0.5994321315270748,0.6135559267979359
SPOC_vs_TESSCut,SPOC,81,122,TESSCut,train,354,1.0,1.0,1.0
SPOC_vs_TESSCut,SPOC,81,122,TESSCut,test,152,0.6381578947368421,0.3886530050616737,0.36039742897937715
SPOC_vs_TESSCut,SPOC,82,123,SPOC,train,354,1.0,1.0,1.0
SPOC_vs_TESSCut,SPOC,82,123,SPOC,test,152,0.7631578947368421,0.6660332749084038,0.6876017916352772
SPOC_vs_TESSCut,SPOC,82,123,TESSCut,train,354,1.0,1.0,1.0
SPOC_vs_TESSCut,SPOC,82,123,TESSCut,test,152,0.625,0.3962146652033133,0.3782276221762361
SPOC_vs_TESSCut,SPOC,83,124,SPOC,train,354,1.0,1.0,1.0
SPOC_vs_TESSCut,SPOC,83,124,SPOC,test,152,0.75,0.5436950218683965,0.5453342953342954
SPOC_vs_TESSCut,SPOC,83,124,TESSCut,train,354,1.0,1.0,1.0
SPOC_vs_TESSCut,SPOC,83,124,TESSCut,test,152,0.6447368421052632,0.4018149950038495,0.38441528899729677
SPOC_vs_TESSCut,SPOC,84,125,SPOC,train,354,1.0,1.0,1.0
SPOC_vs_TESSCut,SPOC,84,125,SPOC,test,152,0.7302631578947368,0.5668820744672138,0.5527124061528627
SPOC_vs_TESSCut,SPOC,84,125,TESSCut,train,354,1.0,1.0,1.0
SPOC_vs_TESSCut,SPOC,84,125,TESSCut,test,152,0.625,0.3762568185168804,0.36284153536295516
SPOC_vs_TESSCut,SPOC,85,126,SPOC,train,354,1.0,1.0,1.0
SPOC_vs_TESSCut,SPOC,85,126,SPOC,test,152,0.8223684210526315,0.6801256955023725,0.6905306358207955
SPOC_vs_TESSCut,SPOC,85,126,TESSCut,train,354,1.0,1.0,1.0
SPOC_vs_TESSCut,SPOC,85,126,TESSCut,test,152,0.6447368421052632,0.39558700673251757,0.36474086378552584
SPOC_vs_TESSCut,SPOC,86,127,SPOC,train,354,1.0,1.0,1.0
SPOC_vs_TESSCut,SPOC,86,127,SPOC,test,152,0.75,0.6277889713390229,0.6682568838433404
SPOC_vs_TESSCut,SPOC,86,127,TESSCut,train,354,1.0,1.0,1.0
SPOC_vs_TESSCut,SPOC,86,127,TESSCut,test,152,0.5723684210526315,0.3610308450865727,0.35122832008796917
SPOC_vs_TESSCut,SPOC,87,128,SPOC,train,354,1.0,1.0,1.0
SPOC_vs_TESSCut,SPOC,87,128,SPOC,test,152,0.7171052631578947,0.5560349675932751,0.5660917419859581
SPOC_vs_TESSCut,SPOC,87,128,TESSCut,train,354,1.0,1.0,1.0
SPOC_vs_TESSCut,SPOC,87,128,TESSCut,test,152,0.5921052631578947,0.367528570882544,0.3535784634018444
SPOC_vs_TESSCut,SPOC,88,129,SPOC,train,354,1.0,1.0,1.0
SPOC_vs_TESSCut,SPOC,88,129,SPOC,test,152,0.8026315789473685,0.5902992776057792,0.5838507460183527
SPOC_vs_TESSCut,SPOC,88,129,TESSCut,train,354,1.0,1.0,1.0
SPOC_vs_TESSCut,SPOC,88,129,TESSCut,test,152,0.6710526315789473,0.41101719440212725,0.3987319126907228
SPOC_vs_TESSCut,SPOC,89,130,SPOC,train,354,1.0,1.0,1.0
SPOC_vs_TESSCut,SPOC,89,130,SPOC,test,152,0.7631578947368421,0.627033542461819,0.6654157124115623
SPOC_vs_TESSCut,SPOC,89,130,TESSCut,train,354,1.0,1.0,1.0
SPOC_vs_TESSCut,SPOC,89,130,TESSCut,test,152,0.631578947368421,0.3844259341163366,0.3594936944852267
SPOC_vs_TESSCut,SPOC,90,131,SPOC,train,354,1.0,1.0,1.0
SPOC_vs_TESSCut,SPOC,90,131,SPOC,test,152,0.7697368421052632,0.6443076645863024,0.6491594101938929
SPOC_vs_TESSCut,SPOC,90,131,TESSCut,train,354,1.0,1.0,1.0
SPOC_vs_TESSCut,SPOC,90,131,TESSCut,test,152,0.6513157894736842,0.4276027760031888,0.4219423625009778
SPOC_vs_TESSCut,SPOC,91,132,SPOC,train,354,1.0,1.0,1.0
SPOC_vs_TESSCut,SPOC,91,132,SPOC,test,152,0.7697368421052632,0.5803746839866551,0.5780066575917827
SPOC_vs_TESSCut,SPOC,91,132,TESSCut,train,354,1.0,1.0,1.0
SPOC_vs_TESSCut,SPOC,91,132,TESSCut,test,152,0.618421052631579,0.368624993857192,0.34275554974479705
SPOC_vs_TESSCut,SPOC,92,133,SPOC,train,354,1.0,1.0,1.0
SPOC_vs_TESSCut,SPOC,92,133,SPOC,test,152,0.743421052631579,0.5717548227868146,0.5699685487019676
SPOC_vs_TESSCut,SPOC,92,133,TESSCut,train,354,1.0,1.0,1.0
SPOC_vs_TESSCut,SPOC,92,133,TESSCut,test,152,0.6578947368421053,0.41632048530913335,0.39931956391035867
SPOC_vs_TESSCut,SPOC,93,134,SPOC,train,354,1.0,1.0,1.0
SPOC_vs_TESSCut,SPOC,93,134,SPOC,test,152,0.7697368421052632,0.5793970219666814,0.575108868266763
SPOC_vs_TESSCut,SPOC,93,134,TESSCut,train,354,1.0,1.0,1.0
SPOC_vs_TESSCut,SPOC,93,134,TESSCut,test,152,0.6776315789473685,0.41621947024423805,0.3991819252196113
SPOC_vs_TESSCut,SPOC,94,135,SPOC,train,354,1.0,1.0,1.0
SPOC_vs_TESSCut,SPOC,94,135,SPOC,test,152,0.756578947368421,0.5346126754795486,0.5283904277792223
SPOC_vs_TESSCut,SPOC,94,135,TESSCut,train,354,1.0,1.0,1.0
SPOC_vs_TESSCut,SPOC,94,135,TESSCut,test,152,0.5921052631578947,0.35956421554976775,0.3485295514776569
SPOC_vs_TESSCut,SPOC,95,136,SPOC,train,354,1.0,1.0,1.0
SPOC_vs_TESSCut,SPOC,95,136,SPOC,test,152,0.75,0.556927722355999,0.549287632620966
SPOC_vs_TESSCut,SPOC,95,136,TESSCut,train,354,1.0,1.0,1.0
SPOC_vs_TESSCut,SPOC,95,136,TESSCut,test,152,0.6513157894736842,0.4062001408750635,0.3987733683385857
SPOC_vs_TESSCut,SPOC,96,137,SPOC,train,354,1.0,1.0,1.0
SPOC_vs_TESSCut,SPOC,96,137,SPOC,test,152,0.8026315789473685,0.6157517977951413,0.6171277892476388
SPOC_vs_TESSCut,SPOC,96,137,TESSCut,train,354,1.0,1.0,1.0
SPOC_vs_TESSCut,SPOC,96,137,TESSCut,test,152,0.6513157894736842,0.3958237096007994,0.37652529652529654
SPOC_vs_TESSCut,SPOC,97,138,SPOC,train,354,1.0,1.0,1.0
SPOC_vs_TESSCut,SPOC,97,138,SPOC,test,152,0.7368421052631579,0.6021379701978257,0.6161182713143033
SPOC_vs_TESSCut,SPOC,97,138,TESSCut,train,354,1.0,1.0,1.0
SPOC_vs_TESSCut,SPOC,97,138,TESSCut,test,152,0.5789473684210527,0.35554081281635463,0.3454810365921477
SPOC_vs_TESSCut,SPOC,98,139,SPOC,train,354,1.0,1.0,1.0
SPOC_vs_TESSCut,SPOC,98,139,SPOC,test,152,0.743421052631579,0.5823095319999345,0.5913752196037053
SPOC_vs_TESSCut,SPOC,98,139,TESSCut,train,354,1.0,1.0,1.0
SPOC_vs_TESSCut,SPOC,98,139,TESSCut,test,152,0.6578947368421053,0.4132283322685799,0.400670391826561
SPOC_vs_TESSCut,SPOC,99,140,SPOC,train,354,1.0,1.0,1.0
SPOC_vs_TESSCut,SPOC,99,140,SPOC,test,152,0.7763157894736842,0.6668872617273031,0.6499789666456333
SPOC_vs_TESSCut,SPOC,99,140,TESSCut,train,354,1.0,1.0,1.0
SPOC_vs_TESSCut,SPOC,99,140,TESSCut,test,152,0.6381578947368421,0.38390666208003665,0.363164069046422
SPOC_vs_TESSCut,SPOC,100,141,SPOC,train,354,1.0,1.0,1.0
SPOC_vs_TESSCut,SPOC,100,141,SPOC,test,152,0.7697368421052632,0.6112331482300521,0.6084585408604439
SPOC_vs_TESSCut,SPOC,100,141,TESSCut,train,354,1.0,1.0,1.0
SPOC_vs_TESSCut,SPOC,100,141,TESSCut,test,152,0.6578947368421053,0.4145011220862614,0.4114854281793918
QLP_vs_TESSCut,QLP,1,42,QLP,train,948,1.0,1.0,1.0
QLP_vs_TESSCut,QLP,1,42,QLP,test,407,0.6805896805896806,0.41711035666515117,0.44028574911438395
QLP_vs_TESSCut,QLP,1,42,TESSCut,train,948,1.0,1.0,1.0
QLP_vs_TESSCut,QLP,1,42,TESSCut,test,407,0.5184275184275184,0.2645903547872726,0.26115779645191406
QLP_vs_TESSCut,QLP,2,43,QLP,train,948,1.0,1.0,1.0
QLP_vs_TESSCut,QLP,2,43,QLP,test,407,0.6707616707616708,0.421681529087351,0.45774211174983
QLP_vs_TESSCut,QLP,2,43,TESSCut,train,948,1.0,1.0,1.0
QLP_vs_TESSCut,QLP,2,43,TESSCut,test,407,0.5405405405405406,0.2851981230548582,0.2852895574926056
QLP_vs_TESSCut,QLP,3,44,QLP,train,948,1.0,1.0,1.0
QLP_vs_TESSCut,QLP,3,44,QLP,test,407,0.6904176904176904,0.43464990742388004,0.47036294253694105
QLP_vs_TESSCut,QLP,3,44,TESSCut,train,948,1.0,1.0,1.0
QLP_vs_TESSCut,QLP,3,44,TESSCut,test,407,0.5454545454545454,0.2852380622928568,0.2907265999779176
QLP_vs_TESSCut,QLP,4,45,QLP,train,948,1.0,1.0,1.0
QLP_vs_TESSCut,QLP,4,45,QLP,test,407,0.6535626535626535,0.4320260456818676,0.4516577832147577
QLP_vs_TESSCut,QLP,4,45,TESSCut,train,948,1.0,1.0,1.0
QLP_vs_TESSCut,QLP,4,45,TESSCut,test,407,0.5307125307125307,0.2767816167216852,0.2767193881137709
QLP_vs_TESSCut,QLP,5,46,QLP,train,948,1.0,1.0,1.0
QLP_vs_TESSCut,QLP,5,46,QLP,test,407,0.6609336609336609,0.41321606475716066,0.44121533170443583
QLP_vs_TESSCut,QLP,5,46,TESSCut,train,948,1.0,1.0,1.0
QLP_vs_TESSCut,QLP,5,46,TESSCut,test,407,0.5528255528255528,0.3010922787891966,0.29794848403589086
QLP_vs_TESSCut,QLP,6,47,QLP,train,948,1.0,1.0,1.0
QLP_vs_TESSCut,QLP,6,47,QLP,test,407,0.683046683046683,0.4281297496052062,0.461318532126504
QLP_vs_TESSCut,QLP,6,47,TESSCut,train,948,1.0,1.0,1.0
QLP_vs_TESSCut,QLP,6,47,TESSCut,test,407,0.5307125307125307,0.285175123160283,0.2901904755301853
QLP_vs_TESSCut,QLP,7,48,QLP,train,948,1.0,1.0,1.0
QLP_vs_TESSCut,QLP,7,48,QLP,test,407,0.687960687960688,0.44046319083419544,0.4760077940344733
QLP_vs_TESSCut,QLP,7,48,TESSCut,train,948,1.0,1.0,1.0
QLP_vs_TESSCut,QLP,7,48,TESSCut,test,407,0.5331695331695332,0.2716141286204071,0.281221708011624
QLP_vs_TESSCut,QLP,8,49,QLP,train,948,1.0,1.0,1.0
QLP_vs_TESSCut,QLP,8,49,QLP,test,407,0.6977886977886978,0.4566414374776246,0.48264445507677667
QLP_vs_TESSCut,QLP,8,49,TESSCut,train,948,1.0,1.0,1.0
QLP_vs_TESSCut,QLP,8,49,TESSCut,test,407,0.5085995085995086,0.2720022715741894,0.2696718658512448
QLP_vs_TESSCut,QLP,9,50,QLP,train,948,1.0,1.0,1.0
QLP_vs_TESSCut,QLP,9,50,QLP,test,407,0.6584766584766585,0.39804064371701364,0.42861545276145996
QLP_vs_TESSCut,QLP,9,50,TESSCut,train,948,1.0,1.0,1.0
QLP_vs_TESSCut,QLP,9,50,TESSCut,test,407,0.5036855036855037,0.26915153382048357,0.26672218926820657
QLP_vs_TESSCut,QLP,10,51,QLP,train,948,1.0,1.0,1.0
QLP_vs_TESSCut,QLP,10,51,QLP,test,407,0.6855036855036855,0.4418181529910982,0.4725527710174782
QLP_vs_TESSCut,QLP,10,51,TESSCut,train,948,1.0,1.0,1.0
QLP_vs_TESSCut,QLP,10,51,TESSCut,test,407,0.5257985257985258,0.2785223333025844,0.28242277583387265
QLP_vs_TESSCut,QLP,11,52,QLP,train,948,1.0,1.0,1.0
QLP_vs_TESSCut,QLP,11,52,QLP,test,407,0.6781326781326781,0.40308785424367616,0.42740995387905883
QLP_vs_TESSCut,QLP,11,52,TESSCut,train,948,1.0,1.0,1.0
QLP_vs_TESSCut,QLP,11,52,TESSCut,test,407,0.542997542997543,0.292174229246147,0.29524651999393287
QLP_vs_TESSCut,QLP,12,53,QLP,train,948,1.0,1.0,1.0
QLP_vs_TESSCut,QLP,12,53,QLP,test,407,0.6732186732186732,0.43372582094043277,0.46198212480000933
QLP_vs_TESSCut,QLP,12,53,TESSCut,train,948,1.0,1.0,1.0
QLP_vs_TESSCut,QLP,12,53,TESSCut,test,407,0.5503685503685504,0.29349227900883146,0.3032055827373611
QLP_vs_TESSCut,QLP,13,54,QLP,train,948,1.0,1.0,1.0
QLP_vs_TESSCut,QLP,13,54,QLP,test,407,0.6658476658476659,0.4207757889835515,0.4455536665926794
QLP_vs_TESSCut,QLP,13,54,TESSCut,train,948,1.0,1.0,1.0
QLP_vs_TESSCut,QLP,13,54,TESSCut,test,407,0.5110565110565111,0.2840452524813255,0.29362099379299245
QLP_vs_TESSCut,QLP,14,55,QLP,train,948,1.0,1.0,1.0
QLP_vs_TESSCut,QLP,14,55,QLP,test,407,0.6732186732186732,0.4771837133566586,0.4827970955247511
QLP_vs_TESSCut,QLP,14,55,TESSCut,train,948,1.0,1.0,1.0
QLP_vs_TESSCut,QLP,14,55,TESSCut,test,407,0.5233415233415234,0.2835455693047017,0.2875076091018664
QLP_vs_TESSCut,QLP,15,56,QLP,train,948,1.0,1.0,1.0
QLP_vs_TESSCut,QLP,15,56,QLP,test,407,0.6732186732186732,0.44247711953191404,0.4658331795834795
QLP_vs_TESSCut,QLP,15,56,TESSCut,train,948,1.0,1.0,1.0
QLP_vs_TESSCut,QLP,15,56,TESSCut,test,407,0.5135135135135135,0.2761276400117725,0.27372629812210775
QLP_vs_TESSCut,QLP,16,57,QLP,train,948,1.0,1.0,1.0
QLP_vs_TESSCut,QLP,16,57,QLP,test,407,0.683046683046683,0.464716329142699,0.4995778122930747
QLP_vs_TESSCut,QLP,16,57,TESSCut,train,948,1.0,1.0,1.0
QLP_vs_TESSCut,QLP,16,57,TESSCut,test,407,0.5307125307125307,0.27574095213935396,0.2749326662599311
QLP_vs_TESSCut,QLP,17,58,QLP,train,948,1.0,1.0,1.0
QLP_vs_TESSCut,QLP,17,58,QLP,test,407,0.6511056511056511,0.3824965242773462,0.4038504555569104
QLP_vs_TESSCut,QLP,17,58,TESSCut,train,948,1.0,1.0,1.0
QLP_vs_TESSCut,QLP,17,58,TESSCut,test,407,0.547911547911548,0.3072582478404396,0.303241461852077
QLP_vs_TESSCut,QLP,18,59,QLP,train,948,1.0,1.0,1.0
QLP_vs_TESSCut,QLP,18,59,QLP,test,407,0.6855036855036855,0.4584793081939201,0.4869569830001805
QLP_vs_TESSCut,QLP,18,59,TESSCut,train,948,1.0,1.0,1.0
QLP_vs_TESSCut,QLP,18,59,TESSCut,test,407,0.5528255528255528,0.2930744578861017,0.2972372837377599
QLP_vs_TESSCut,QLP,19,60,QLP,train,948,1.0,1.0,1.0
QLP_vs_TESSCut,QLP,19,60,QLP,test,407,0.6732186732186732,0.4078622850597736,0.4417665260702352
QLP_vs_TESSCut,QLP,19,60,TESSCut,train,948,1.0,1.0,1.0
QLP_vs_TESSCut,QLP,19,60,TESSCut,test,407,0.5036855036855037,0.2641407071915063,0.26316482743600955
QLP_vs_TESSCut,QLP,20,61,QLP,train,948,1.0,1.0,1.0
QLP_vs_TESSCut,QLP,20,61,QLP,test,407,0.6535626535626535,0.43332539215815474,0.4572368002159769
QLP_vs_TESSCut,QLP,20,61,TESSCut,train,948,1.0,1.0,1.0
QLP_vs_TESSCut,QLP,20,61,TESSCut,test,407,0.5208845208845209,0.2872635904599375,0.2929315530584967
QLP_vs_TESSCut,QLP,21,62,QLP,train,948,1.0,1.0,1.0
QLP_vs_TESSCut,QLP,21,62,QLP,test,407,0.6928746928746928,0.46251450963208957,0.48341761237547093
QLP_vs_TESSCut,QLP,21,62,TESSCut,train,948,1.0,1.0,1.0
QLP_vs_TESSCut,QLP,21,62,TESSCut,test,407,0.5307125307125307,0.2930529405272556,0.2947548987988446
QLP_vs_TESSCut,QLP,22,63,QLP,train,948,1.0,1.0,1.0
QLP_vs_TESSCut,QLP,22,63,QLP,test,407,0.6658476658476659,0.43456602061054117,0.44325242359756145
QLP_vs_TESSCut,QLP,22,63,TESSCut,train,948,1.0,1.0,1.0
QLP_vs_TESSCut,QLP,22,63,TESSCut,test,407,0.5454545454545454,0.28794834351341203,0.2895747313074557
QLP_vs_TESSCut,QLP,23,64,QLP,train,948,1.0,1.0,1.0
QLP_vs_TESSCut,QLP,23,64,QLP,test,407,0.6756756756756757,0.4509115672928458,0.4671023386698299
QLP_vs_TESSCut,QLP,23,64,TESSCut,train,948,1.0,1.0,1.0
QLP_vs_TESSCut,QLP,23,64,TESSCut,test,407,0.5061425061425061,0.2717786420411991,0.27502241973043484
QLP_vs_TESSCut,QLP,24,65,QLP,train,948,1.0,1.0,1.0
QLP_vs_TESSCut,QLP,24,65,QLP,test,407,0.6560196560196561,0.42115899015157005,0.4433639061996141
QLP_vs_TESSCut,QLP,24,65,TESSCut,train,948,1.0,1.0,1.0
QLP_vs_TESSCut,QLP,24,65,TESSCut,test,407,0.4914004914004914,0.2434382625449977,0.24367816895762542
QLP_vs_TESSCut,QLP,25,66,QLP,train,948,1.0,1.0,1.0
QLP_vs_TESSCut,QLP,25,66,QLP,test,407,0.6560196560196561,0.4541381347174726,0.476896186246266
QLP_vs_TESSCut,QLP,25,66,TESSCut,train,948,1.0,1.0,1.0
QLP_vs_TESSCut,QLP,25,66,TESSCut,test,407,0.5036855036855037,0.26425224741434783,0.2666507729048166
QLP_vs_TESSCut,QLP,26,67,QLP,train,948,1.0,1.0,1.0
QLP_vs_TESSCut,QLP,26,67,QLP,test,407,0.6658476658476659,0.43015450905005703,0.46432397876433185
QLP_vs_TESSCut,QLP,26,67,TESSCut,train,948,1.0,1.0,1.0
QLP_vs_TESSCut,QLP,26,67,TESSCut,test,407,0.5061425061425061,0.2627756761461099,0.26395874348878223
QLP_vs_TESSCut,QLP,27,68,QLP,train,948,1.0,1.0,1.0
QLP_vs_TESSCut,QLP,27,68,QLP,test,407,0.6756756756756757,0.4358095111805157,0.4621836467643568
QLP_vs_TESSCut,QLP,27,68,TESSCut,train,948,1.0,1.0,1.0
QLP_vs_TESSCut,QLP,27,68,TESSCut,test,407,0.5257985257985258,0.2786207297480129,0.27883856988863687
QLP_vs_TESSCut,QLP,28,69,QLP,train,948,1.0,1.0,1.0
QLP_vs_TESSCut,QLP,28,69,QLP,test,407,0.6609336609336609,0.44694701280032323,0.47468920529313213
QLP_vs_TESSCut,QLP,28,69,TESSCut,train,948,1.0,1.0,1.0
QLP_vs_TESSCut,QLP,28,69,TESSCut,test,407,0.515970515970516,0.27116271708166684,0.2691413792725546
QLP_vs_TESSCut,QLP,29,70,QLP,train,948,1.0,1.0,1.0
QLP_vs_TESSCut,QLP,29,70,QLP,test,407,0.6805896805896806,0.4655637355837128,0.48058333006708165
QLP_vs_TESSCut,QLP,29,70,TESSCut,train,948,1.0,1.0,1.0
QLP_vs_TESSCut,QLP,29,70,TESSCut,test,407,0.5110565110565111,0.2803008202266193,0.27034393967984255
QLP_vs_TESSCut,QLP,30,71,QLP,train,948,1.0,1.0,1.0
QLP_vs_TESSCut,QLP,30,71,QLP,test,407,0.6437346437346437,0.39673218239142893,0.43260068407607677
QLP_vs_TESSCut,QLP,30,71,TESSCut,train,948,1.0,1.0,1.0
QLP_vs_TESSCut,QLP,30,71,TESSCut,test,407,0.5528255528255528,0.3129974250550735,0.32043346268660616
QLP_vs_TESSCut,QLP,31,72,QLP,train,948,1.0,1.0,1.0
QLP_vs_TESSCut,QLP,31,72,QLP,test,407,0.6461916461916462,0.42871203610358866,0.45913991703106316
QLP_vs_TESSCut,QLP,31,72,TESSCut,train,948,1.0,1.0,1.0
QLP_vs_TESSCut,QLP,31,72,TESSCut,test,407,0.5454545454545454,0.29735319327214305,0.2986360042121554
QLP_vs_TESSCut,QLP,32,73,QLP,train,948,1.0,1.0,1.0
QLP_vs_TESSCut,QLP,32,73,QLP,test,407,0.687960687960688,0.48332959267605385,0.4905747357285355
QLP_vs_TESSCut,QLP,32,73,TESSCut,train,948,1.0,1.0,1.0
QLP_vs_TESSCut,QLP,32,73,TESSCut,test,407,0.5233415233415234,0.2760698279819284,0.2737319943326298
QLP_vs_TESSCut,QLP,33,74,QLP,train,948,1.0,1.0,1.0
QLP_vs_TESSCut,QLP,33,74,QLP,test,407,0.7076167076167076,0.46851840183746574,0.5006852657037565
QLP_vs_TESSCut,QLP,33,74,TESSCut,train,948,1.0,1.0,1.0
QLP_vs_TESSCut,QLP,33,74,TESSCut,test,407,0.5307125307125307,0.27907949219307665,0.28695407156086405
QLP_vs_TESSCut,QLP,34,75,QLP,train,948,1.0,1.0,1.0
QLP_vs_TESSCut,QLP,34,75,QLP,test,407,0.683046683046683,0.45499641995075785,0.47534143477279717
QLP_vs_TESSCut,QLP,34,75,TESSCut,train,948,1.0,1.0,1.0
QLP_vs_TESSCut,QLP,34,75,TESSCut,test,407,0.5282555282555282,0.28777846962778475,0.29057756863177064
QLP_vs_TESSCut,QLP,35,76,QLP,train,948,1.0,1.0,1.0
QLP_vs_TESSCut,QLP,35,76,QLP,test,407,0.6461916461916462,0.40162996567106163,0.433938134297425
QLP_vs_TESSCut,QLP,35,76,TESSCut,train,948,1.0,1.0,1.0
QLP_vs_TESSCut,QLP,35,76,TESSCut,test,407,0.515970515970516,0.273576738245688,0.2788545146527988
QLP_vs_TESSCut,QLP,36,77,QLP,train,948,1.0,1.0,1.0
QLP_vs_TESSCut,QLP,36,77,QLP,test,407,0.6511056511056511,0.43330193926655114,0.4609465289523959
QLP_vs_TESSCut,QLP,36,77,TESSCut,train,948,1.0,1.0,1.0
QLP_vs_TESSCut,QLP,36,77,TESSCut,test,407,0.49385749385749383,0.2639505994386131,0.26100734308957035
QLP_vs_TESSCut,QLP,37,78,QLP,train,948,1.0,1.0,1.0
QLP_vs_TESSCut,QLP,37,78,QLP,test,407,0.7051597051597052,0.4991574667088366,0.5117203771078129
QLP_vs_TESSCut,QLP,37,78,TESSCut,train,948,1.0,1.0,1.0
QLP_vs_TESSCut,QLP,37,78,TESSCut,test,407,0.5405405405405406,0.2825815367196645,0.28513944164872507
QLP_vs_TESSCut,QLP,38,79,QLP,train,948,1.0,1.0,1.0
QLP_vs_TESSCut,QLP,38,79,QLP,test,407,0.6683046683046683,0.44121329900439493,0.4671258916756902
QLP_vs_TESSCut,QLP,38,79,TESSCut,train,948,1.0,1.0,1.0
QLP_vs_TESSCut,QLP,38,79,TESSCut,test,407,0.4987714987714988,0.2607681443155187,0.25476582189220726
QLP_vs_TESSCut,QLP,39,80,QLP,train,948,1.0,1.0,1.0
QLP_vs_TESSCut,QLP,39,80,QLP,test,407,0.6584766584766585,0.414030615186437,0.43971667774029627
QLP_vs_TESSCut,QLP,39,80,TESSCut,train,948,1.0,1.0,1.0
QLP_vs_TESSCut,QLP,39,80,TESSCut,test,407,0.4987714987714988,0.26700611930349377,0.2728306318038846
QLP_vs_TESSCut,QLP,40,81,QLP,train,948,1.0,1.0,1.0
QLP_vs_TESSCut,QLP,40,81,QLP,test,407,0.6732186732186732,0.42720707015798337,0.4558084918370173
QLP_vs_TESSCut,QLP,40,81,TESSCut,train,948,1.0,1.0,1.0
QLP_vs_TESSCut,QLP,40,81,TESSCut,test,407,0.49385749385749383,0.25389716088917,0.25622712921835783
QLP_vs_TESSCut,QLP,41,82,QLP,train,948,1.0,1.0,1.0
QLP_vs_TESSCut,QLP,41,82,QLP,test,407,0.687960687960688,0.4719358663279896,0.49656186153839005
QLP_vs_TESSCut,QLP,41,82,TESSCut,train,948,1.0,1.0,1.0
QLP_vs_TESSCut,QLP,41,82,TESSCut,test,407,0.5282555282555282,0.27765247605430254,0.27490776231650876
QLP_vs_TESSCut,QLP,42,83,QLP,train,948,1.0,1.0,1.0
QLP_vs_TESSCut,QLP,42,83,QLP,test,407,0.6977886977886978,0.4583224819954272,0.4761377161209474
QLP_vs_TESSCut,QLP,42,83,TESSCut,train,948,1.0,1.0,1.0
QLP_vs_TESSCut,QLP,42,83,TESSCut,test,407,0.538083538083538,0.28832216901566216,0.2912402213483033
QLP_vs_TESSCut,QLP,43,84,QLP,train,948,1.0,1.0,1.0
QLP_vs_TESSCut,QLP,43,84,QLP,test,407,0.6953316953316954,0.43822825449537783,0.47238239808107596
QLP_vs_TESSCut,QLP,43,84,TESSCut,train,948,1.0,1.0,1.0
QLP_vs_TESSCut,QLP,43,84,TESSCut,test,407,0.5184275184275184,0.2757821817325242,0.2786664221084172
QLP_vs_TESSCut,QLP,44,85,QLP,train,948,1.0,1.0,1.0
QLP_vs_TESSCut,QLP,44,85,QLP,test,407,0.6633906633906634,0.4530156561263867,0.4644129856521854
QLP_vs_TESSCut,QLP,44,85,TESSCut,train,948,1.0,1.0,1.0
QLP_vs_TESSCut,QLP,44,85,TESSCut,test,407,0.5184275184275184,0.2764367349841094,0.28180800645727344
QLP_vs_TESSCut,QLP,45,86,QLP,train,948,1.0,1.0,1.0
QLP_vs_TESSCut,QLP,45,86,QLP,test,407,0.6511056511056511,0.4054279133474339,0.4358647931112681
QLP_vs_TESSCut,QLP,45,86,TESSCut,train,948,1.0,1.0,1.0
QLP_vs_TESSCut,QLP,45,86,TESSCut,test,407,0.5307125307125307,0.27793537269850055,0.2795130882184335
QLP_vs_TESSCut,QLP,46,87,QLP,train,948,1.0,1.0,1.0
QLP_vs_TESSCut,QLP,46,87,QLP,test,407,0.7027027027027027,0.47517930446012635,0.5073133199236023
QLP_vs_TESSCut,QLP,46,87,TESSCut,train,948,1.0,1.0,1.0
QLP_vs_TESSCut,QLP,46,87,TESSCut,test,407,0.5110565110565111,0.2756917333258657,0.2761318905023352
QLP_vs_TESSCut,QLP,47,88,QLP,train,948,1.0,1.0,1.0
QLP_vs_TESSCut,QLP,47,88,QLP,test,407,0.7125307125307125,0.4607834569877948,0.4807715158785586
QLP_vs_TESSCut,QLP,47,88,TESSCut,train,948,1.0,1.0,1.0
QLP_vs_TESSCut,QLP,47,88,TESSCut,test,407,0.5085995085995086,0.2598514018748037,0.25816700061202025
QLP_vs_TESSCut,QLP,48,89,QLP,train,948,1.0,1.0,1.0
QLP_vs_TESSCut,QLP,48,89,QLP,test,407,0.6707616707616708,0.42827128372219697,0.4623888246384087
QLP_vs_TESSCut,QLP,48,89,TESSCut,train,948,1.0,1.0,1.0
QLP_vs_TESSCut,QLP,48,89,TESSCut,test,407,0.5405405405405406,0.3018886269742434,0.3115551516884464
QLP_vs_TESSCut,QLP,49,90,QLP,train,948,1.0,1.0,1.0
QLP_vs_TESSCut,QLP,49,90,QLP,test,407,0.6805896805896806,0.407058661467908,0.43966984328115244
QLP_vs_TESSCut,QLP,49,90,TESSCut,train,948,1.0,1.0,1.0
QLP_vs_TESSCut,QLP,49,90,TESSCut,test,407,0.5085995085995086,0.2630503433442931,0.2635455747467117
QLP_vs_TESSCut,QLP,50,91,QLP,train,948,1.0,1.0,1.0
QLP_vs_TESSCut,QLP,50,91,QLP,test,407,0.6855036855036855,0.4217673033883079,0.4386368855256941
QLP_vs_TESSCut,QLP,50,91,TESSCut,train,948,1.0,1.0,1.0
QLP_vs_TESSCut,QLP,50,91,TESSCut,test,407,0.5135135135135135,0.2782372197183841,0.2728353965697421
QLP_vs_TESSCut,QLP,51,92,QLP,train,948,1.0,1.0,1.0
QLP_vs_TESSCut,QLP,51,92,QLP,test,407,0.683046683046683,0.4051536030560003,0.430214261117777
QLP_vs_TESSCut,QLP,51,92,TESSCut,train,948,1.0,1.0,1.0
QLP_vs_TESSCut,QLP,51,92,TESSCut,test,407,0.5110565110565111,0.26197236141585456,0.26381283802937994
QLP_vs_TESSCut,QLP,52,93,QLP,train,948,1.0,1.0,1.0
QLP_vs_TESSCut,QLP,52,93,QLP,test,407,0.683046683046683,0.45232011350732804,0.48755713328704264
QLP_vs_TESSCut,QLP,52,93,TESSCut,train,948,1.0,1.0,1.0
QLP_vs_TESSCut,QLP,52,93,TESSCut,test,407,0.4914004914004914,0.26288900776629087,0.2657567265045056
QLP_vs_TESSCut,QLP,53,94,QLP,train,948,1.0,1.0,1.0
QLP_vs_TESSCut,QLP,53,94,QLP,test,407,0.6781326781326781,0.4138149542829908,0.43532620680367545
QLP_vs_TESSCut,QLP,53,94,TESSCut,train,948,1.0,1.0,1.0
QLP_vs_TESSCut,QLP,53,94,TESSCut,test,407,0.4963144963144963,0.25867509900044144,0.2590024980424824
QLP_vs_TESSCut,QLP,54,95,QLP,train,948,1.0,1.0,1.0
QLP_vs_TESSCut,QLP,54,95,QLP,test,407,0.7002457002457002,0.4722366357640331,0.5065362418660595
QLP_vs_TESSCut,QLP,54,95,TESSCut,train,948,1.0,1.0,1.0
QLP_vs_TESSCut,QLP,54,95,TESSCut,test,407,0.5503685503685504,0.2988912966367304,0.3073016167552506
QLP_vs_TESSCut,QLP,55,96,QLP,train,948,1.0,1.0,1.0
QLP_vs_TESSCut,QLP,55,96,QLP,test,407,0.6977886977886978,0.4929083246577539,0.5188404981542672
QLP_vs_TESSCut,QLP,55,96,TESSCut,train,948,1.0,1.0,1.0
QLP_vs_TESSCut,QLP,55,96,TESSCut,test,407,0.538083538083538,0.2965444151231822,0.29212479280739045
QLP_vs_TESSCut,QLP,56,97,QLP,train,948,1.0,1.0,1.0
QLP_vs_TESSCut,QLP,56,97,QLP,test,407,0.7051597051597052,0.4491833287209999,0.4780681228096919
QLP_vs_TESSCut,QLP,56,97,TESSCut,train,948,1.0,1.0,1.0
QLP_vs_TESSCut,QLP,56,97,TESSCut,test,407,0.5528255528255528,0.3133662401356465,0.31958551334414353
QLP_vs_TESSCut,QLP,57,98,QLP,train,948,1.0,1.0,1.0
QLP_vs_TESSCut,QLP,57,98,QLP,test,407,0.6953316953316954,0.473109739491018,0.5033460315111896
QLP_vs_TESSCut,QLP,57,98,TESSCut,train,948,1.0,1.0,1.0
QLP_vs_TESSCut,QLP,57,98,TESSCut,test,407,0.5528255528255528,0.28915812012273195,0.2936099250891854
QLP_vs_TESSCut,QLP,58,99,QLP,train,948,1.0,1.0,1.0
QLP_vs_TESSCut,QLP,58,99,QLP,test,407,0.6928746928746928,0.48653392206474394,0.4956615316958467
QLP_vs_TESSCut,QLP,58,99,TESSCut,train,948,1.0,1.0,1.0
QLP_vs_TESSCut,QLP,58,99,TESSCut,test,407,0.538083538083538,0.2923546524716616,0.3022197076854641
QLP_vs_TESSCut,QLP,59,100,QLP,train,948,1.0,1.0,1.0
QLP_vs_TESSCut,QLP,59,100,QLP,test,407,0.6584766584766585,0.4187351403247522,0.44353608509239106
QLP_vs_TESSCut,QLP,59,100,TESSCut,train,948,1.0,1.0,1.0
QLP_vs_TESSCut,QLP,59,100,TESSCut,test,407,0.547911547911548,0.29589537333544186,0.29915998023240575
QLP_vs_TESSCut,QLP,60,101,QLP,train,948,1.0,1.0,1.0
QLP_vs_TESSCut,QLP,60,101,QLP,test,407,0.6904176904176904,0.49665337463568054,0.497624311002518
QLP_vs_TESSCut,QLP,60,101,TESSCut,train,948,1.0,1.0,1.0
QLP_vs_TESSCut,QLP,60,101,TESSCut,test,407,0.5503685503685504,0.3098742850883262,0.31901950487046654
QLP_vs_TESSCut,QLP,61,102,QLP,train,948,1.0,1.0,1.0
QLP_vs_TESSCut,QLP,61,102,QLP,test,407,0.6683046683046683,0.423945429781617,0.4569020945482934
QLP_vs_TESSCut,QLP,61,102,TESSCut,train,948,1.0,1.0,1.0
QLP_vs_TESSCut,QLP,61,102,TESSCut,test,407,0.5601965601965602,0.30171602824285476,0.30283890205212
QLP_vs_TESSCut,QLP,62,103,QLP,train,948,1.0,1.0,1.0
QLP_vs_TESSCut,QLP,62,103,QLP,test,407,0.6535626535626535,0.44725410360398943,0.4708924441287636
QLP_vs_TESSCut,QLP,62,103,TESSCut,train,948,1.0,1.0,1.0
QLP_vs_TESSCut,QLP,62,103,TESSCut,test,407,0.5135135135135135,0.26765518168200814,0.2605742473468602
QLP_vs_TESSCut,QLP,63,104,QLP,train,948,1.0,1.0,1.0
QLP_vs_TESSCut,QLP,63,104,QLP,test,407,0.6781326781326781,0.5004722974471832,0.5065480539059822
QLP_vs_TESSCut,QLP,63,104,TESSCut,train,948,1.0,1.0,1.0
QLP_vs_TESSCut,QLP,63,104,TESSCut,test,407,0.5282555282555282,0.2814719685438864,0.2848542909004475
QLP_vs_TESSCut,QLP,64,105,QLP,train,948,1.0,1.0,1.0
QLP_vs_TESSCut,QLP,64,105,QLP,test,407,0.6511056511056511,0.40004452411701275,0.43080296360823955
QLP_vs_TESSCut,QLP,64,105,TESSCut,train,948,1.0,1.0,1.0
QLP_vs_TESSCut,QLP,64,105,TESSCut,test,407,0.5184275184275184,0.2711475897263569,0.2719741113100355
QLP_vs_TESSCut,QLP,65,106,QLP,train,948,1.0,1.0,1.0
QLP_vs_TESSCut,QLP,65,106,QLP,test,407,0.6953316953316954,0.44454763854021845,0.46914125703884957
QLP_vs_TESSCut,QLP,65,106,TESSCut,train,948,1.0,1.0,1.0
QLP_vs_TESSCut,QLP,65,106,TESSCut,test,407,0.5233415233415234,0.2891764733659711,0.2919700155347255
QLP_vs_TESSCut,QLP,66,107,QLP,train,948,1.0,1.0,1.0
QLP_vs_TESSCut,QLP,66,107,QLP,test,407,0.6633906633906634,0.44355867739143995,0.47114294425542497
QLP_vs_TESSCut,QLP,66,107,TESSCut,train,948,1.0,1.0,1.0
QLP_vs_TESSCut,QLP,66,107,TESSCut,test,407,0.5085995085995086,0.2795158793303771,0.27956140861486084
QLP_vs_TESSCut,QLP,67,108,QLP,train,948,1.0,1.0,1.0
QLP_vs_TESSCut,QLP,67,108,QLP,test,407,0.6855036855036855,0.43939852427295345,0.4614321675963833
QLP_vs_TESSCut,QLP,67,108,TESSCut,train,948,1.0,1.0,1.0
QLP_vs_TESSCut,QLP,67,108,TESSCut,test,407,0.5257985257985258,0.28938235365176,0.28536518688179613
QLP_vs_TESSCut,QLP,68,109,QLP,train,948,1.0,1.0,1.0
QLP_vs_TESSCut,QLP,68,109,QLP,test,407,0.6609336609336609,0.4116227026187072,0.44139793477851996
QLP_vs_TESSCut,QLP,68,109,TESSCut,train,948,1.0,1.0,1.0
QLP_vs_TESSCut,QLP,68,109,TESSCut,test,407,0.5184275184275184,0.268056111506454,0.26819747752026696
QLP_vs_TESSCut,QLP,69,110,QLP,train,948,1.0,1.0,1.0
QLP_vs_TESSCut,QLP,69,110,QLP,test,407,0.6486486486486487,0.4143250632548578,0.44112155934060016
QLP_vs_TESSCut,QLP,69,110,TESSCut,train,948,1.0,1.0,1.0
QLP_vs_TESSCut,QLP,69,110,TESSCut,test,407,0.4987714987714988,0.2631545120700372,0.26932078346639693
QLP_vs_TESSCut,QLP,70,111,QLP,train,948,1.0,1.0,1.0
QLP_vs_TESSCut,QLP,70,111,QLP,test,407,0.683046683046683,0.4815175839719219,0.4953809259011921
QLP_vs_TESSCut,QLP,70,111,TESSCut,train,948,1.0,1.0,1.0
QLP_vs_TESSCut,QLP,70,111,TESSCut,test,407,0.5307125307125307,0.2829040431494769,0.2795871437161477
QLP_vs_TESSCut,QLP,71,112,QLP,train,948,1.0,1.0,1.0
QLP_vs_TESSCut,QLP,71,112,QLP,test,407,0.6855036855036855,0.4339050018559151,0.4643536737290227
QLP_vs_TESSCut,QLP,71,112,TESSCut,train,948,1.0,1.0,1.0
QLP_vs_TESSCut,QLP,71,112,TESSCut,test,407,0.5208845208845209,0.28135987923373773,0.27837200582970695
QLP_vs_TESSCut,QLP,72,113,QLP,train,948,1.0,1.0,1.0
QLP_vs_TESSCut,QLP,72,113,QLP,test,407,0.6928746928746928,0.45703096001326604,0.48718781308589754
QLP_vs_TESSCut,QLP,72,113,TESSCut,train,948,1.0,1.0,1.0
QLP_vs_TESSCut,QLP,72,113,TESSCut,test,407,0.515970515970516,0.27486732677942727,0.2801787934402936
QLP_vs_TESSCut,QLP,73,114,QLP,train,948,1.0,1.0,1.0
QLP_vs_TESSCut,QLP,73,114,QLP,test,407,0.687960687960688,0.42338266333700125,0.4501813853910213
QLP_vs_TESSCut,QLP,73,114,TESSCut,train,948,1.0,1.0,1.0
QLP_vs_TESSCut,QLP,73,114,TESSCut,test,407,0.4987714987714988,0.26793083037375276,0.2590545485542659
QLP_vs_TESSCut,QLP,74,115,QLP,train,948,1.0,1.0,1.0
QLP_vs_TESSCut,QLP,74,115,QLP,test,407,0.6560196560196561,0.4324992216687422,0.4598235946023952
QLP_vs_TESSCut,QLP,74,115,TESSCut,train,948,1.0,1.0,1.0
QLP_vs_TESSCut,QLP,74,115,TESSCut,test,407,0.5257985257985258,0.2739602002301774,0.27483575573684643
QLP_vs_TESSCut,QLP,75,116,QLP,train,948,1.0,1.0,1.0
QLP_vs_TESSCut,QLP,75,116,QLP,test,407,0.7076167076167076,0.5020518431762724,0.5193178189121882
QLP_vs_TESSCut,QLP,75,116,TESSCut,train,948,1.0,1.0,1.0
QLP_vs_TESSCut,QLP,75,116,TESSCut,test,407,0.5405405405405406,0.29697791268852913,0.2983847844448811
QLP_vs_TESSCut,QLP,76,117,QLP,train,948,1.0,1.0,1.0
QLP_vs_TESSCut,QLP,76,117,QLP,test,407,0.6707616707616708,0.4553248427963039,0.49009509328439715
QLP_vs_TESSCut,QLP,76,117,TESSCut,train,948,1.0,1.0,1.0
QLP_vs_TESSCut,QLP,76,117,TESSCut,test,407,0.5257985257985258,0.27542999713376426,0.27477533021581085
QLP_vs_TESSCut,QLP,77,118,QLP,train,948,1.0,1.0,1.0
QLP_vs_TESSCut,QLP,77,118,QLP,test,407,0.6560196560196561,0.44617025330495647,0.4767001517914349
QLP_vs_TESSCut,QLP,77,118,TESSCut,train,948,1.0,1.0,1.0
QLP_vs_TESSCut,QLP,77,118,TESSCut,test,407,0.515970515970516,0.2716881661801753,0.27248750738525523
QLP_vs_TESSCut,QLP,78,119,QLP,train,948,1.0,1.0,1.0
QLP_vs_TESSCut,QLP,78,119,QLP,test,407,0.6584766584766585,0.4590230350361629,0.4712710993418361
QLP_vs_TESSCut,QLP,78,119,TESSCut,train,948,1.0,1.0,1.0
QLP_vs_TESSCut,QLP,78,119,TESSCut,test,407,0.5110565110565111,0.2670190503095754,0.26622675558180453
QLP_vs_TESSCut,QLP,79,120,QLP,train,948,1.0,1.0,1.0
QLP_vs_TESSCut,QLP,79,120,QLP,test,407,0.6928746928746928,0.4647472496216788,0.4817833332838252
QLP_vs_TESSCut,QLP,79,120,TESSCut,train,948,1.0,1.0,1.0
QLP_vs_TESSCut,QLP,79,120,TESSCut,test,407,0.5405405405405406,0.28721026035523756,0.2900559838450392
QLP_vs_TESSCut,QLP,80,121,QLP,train,948,1.0,1.0,1.0
QLP_vs_TESSCut,QLP,80,121,QLP,test,407,0.714987714987715,0.4719033466322279,0.49989079518603485
QLP_vs_TESSCut,QLP,80,121,TESSCut,train,948,1.0,1.0,1.0
QLP_vs_TESSCut,QLP,80,121,TESSCut,test,407,0.5331695331695332,0.27872210499208216,0.2833201340060507
QLP_vs_TESSCut,QLP,81,122,QLP,train,948,1.0,1.0,1.0
QLP_vs_TESSCut,QLP,81,122,QLP,test,407,0.6732186732186732,0.45147218543337264,0.4779702730044197
QLP_vs_TESSCut,QLP,81,122,TESSCut,train,948,1.0,1.0,1.0
QLP_vs_TESSCut,QLP,81,122,TESSCut,test,407,0.5282555282555282,0.27947211707200287,0.2839978882857026
QLP_vs_TESSCut,QLP,82,123,QLP,train,948,1.0,1.0,1.0
QLP_vs_TESSCut,QLP,82,123,QLP,test,407,0.7051597051597052,0.49194066809648995,0.5149580875493818
QLP_vs_TESSCut,QLP,82,123,TESSCut,train,948,1.0,1.0,1.0
QLP_vs_TESSCut,QLP,82,123,TESSCut,test,407,0.5282555282555282,0.28033660699185814,0.28262193967095106
QLP_vs_TESSCut,QLP,83,124,QLP,train,948,1.0,1.0,1.0
QLP_vs_TESSCut,QLP,83,124,QLP,test,407,0.6560196560196561,0.41439866840837164,0.4336114104953834
QLP_vs_TESSCut,QLP,83,124,TESSCut,train,948,1.0,1.0,1.0
QLP_vs_TESSCut,QLP,83,124,TESSCut,test,407,0.5184275184275184,0.26855584272821714,0.2617893134696947
QLP_vs_TESSCut,QLP,84,125,QLP,train,948,1.0,1.0,1.0
QLP_vs_TESSCut,QLP,84,125,QLP,test,407,0.683046683046683,0.47699587058890713,0.4935572153899719
QLP_vs_TESSCut,QLP,84,125,TESSCut,train,948,1.0,1.0,1.0
QLP_vs_TESSCut,QLP,84,125,TESSCut,test,407,0.5503685503685504,0.30061547882609524,0.3019346053291387
QLP_vs_TESSCut,QLP,85,126,QLP,train,948,1.0,1.0,1.0
QLP_vs_TESSCut,QLP,85,126,QLP,test,407,0.6584766584766585,0.40431104231047155,0.4248099938872667
QLP_vs_TESSCut,QLP,85,126,TESSCut,train,948,1.0,1.0,1.0
QLP_vs_TESSCut,QLP,85,126,TESSCut,test,407,0.5307125307125307,0.2900334682440847,0.29565339233687565
QLP_vs_TESSCut,QLP,86,127,QLP,train,948,1.0,1.0,1.0
QLP_vs_TESSCut,QLP,86,127,QLP,test,407,0.6805896805896806,0.4307895216571016,0.4426675960909996
QLP_vs_TESSCut,QLP,86,127,TESSCut,train,948,1.0,1.0,1.0
QLP_vs_TESSCut,QLP,86,127,TESSCut,test,407,0.49385749385749383,0.2525785139940391,0.2545647577892435
QLP_vs_TESSCut,QLP,87,128,QLP,train,948,1.0,1.0,1.0
QLP_vs_TESSCut,QLP,87,128,QLP,test,407,0.6732186732186732,0.4781962028965453,0.4970173770264385
QLP_vs_TESSCut,QLP,87,128,TESSCut,train,948,1.0,1.0,1.0
QLP_vs_TESSCut,QLP,87,128,TESSCut,test,407,0.48894348894348894,0.2573822454815605,0.2618223908725283
QLP_vs_TESSCut,QLP,88,129,QLP,train,948,1.0,1.0,1.0
QLP_vs_TESSCut,QLP,88,129,QLP,test,407,0.7002457002457002,0.4804393892721518,0.4985978274801319
QLP_vs_TESSCut,QLP,88,129,TESSCut,train,948,1.0,1.0,1.0
QLP_vs_TESSCut,QLP,88,129,TESSCut,test,407,0.5257985257985258,0.28224257139782255,0.2853144892010955
QLP_vs_TESSCut,QLP,89,130,QLP,train,948,1.0,1.0,1.0
QLP_vs_TESSCut,QLP,89,130,QLP,test,407,0.6560196560196561,0.4446422188288627,0.4727397634167171
QLP_vs_TESSCut,QLP,89,130,TESSCut,train,948,1.0,1.0,1.0
QLP_vs_TESSCut,QLP,89,130,TESSCut,test,407,0.5233415233415234,0.2818007963413215,0.2805531291805201
QLP_vs_TESSCut,QLP,90,131,QLP,train,948,1.0,1.0,1.0
QLP_vs_TESSCut,QLP,90,131,QLP,test,407,0.6928746928746928,0.4258292522419235,0.45414458507248706
QLP_vs_TESSCut,QLP,90,131,TESSCut,train,948,1.0,1.0,1.0
QLP_vs_TESSCut,QLP,90,131,TESSCut,test,407,0.5110565110565111,0.27910888895477937,0.2860585229149522
QLP_vs_TESSCut,QLP,91,132,QLP,train,948,1.0,1.0,1.0
QLP_vs_TESSCut,QLP,91,132,QLP,test,407,0.6560196560196561,0.43655019563980746,0.46315933941279
QLP_vs_TESSCut,QLP,91,132,TESSCut,train,948,1.0,1.0,1.0
QLP_vs_TESSCut,QLP,91,132,TESSCut,test,407,0.538083538083538,0.29517621309858755,0.2898030915087565
QLP_vs_TESSCut,QLP,92,133,QLP,train,948,1.0,1.0,1.0
QLP_vs_TESSCut,QLP,92,133,QLP,test,407,0.687960687960688,0.46472269855546106,0.4787517282153688
QLP_vs_TESSCut,QLP,92,133,TESSCut,train,948,1.0,1.0,1.0
QLP_vs_TESSCut,QLP,92,133,TESSCut,test,407,0.5331695331695332,0.2857910961649546,0.2864963944658039
QLP_vs_TESSCut,QLP,93,134,QLP,train,948,1.0,1.0,1.0
QLP_vs_TESSCut,QLP,93,134,QLP,test,407,0.6633906633906634,0.44979624742752594,0.4753341857619983
QLP_vs_TESSCut,QLP,93,134,TESSCut,train,948,1.0,1.0,1.0
QLP_vs_TESSCut,QLP,93,134,TESSCut,test,407,0.5307125307125307,0.2920176913184904,0.29376200699736077
QLP_vs_TESSCut,QLP,94,135,QLP,train,948,1.0,1.0,1.0
QLP_vs_TESSCut,QLP,94,135,QLP,test,407,0.6855036855036855,0.45299225127992254,0.47529471247698424
QLP_vs_TESSCut,QLP,94,135,TESSCut,train,948,1.0,1.0,1.0
QLP_vs_TESSCut,QLP,94,135,TESSCut,test,407,0.5503685503685504,0.2916093144974423,0.29847399117945267
QLP_vs_TESSCut,QLP,95,136,QLP,train,948,1.0,1.0,1.0
QLP_vs_TESSCut,QLP,95,136,QLP,test,407,0.6584766584766585,0.4206049336043628,0.4553013560996669
QLP_vs_TESSCut,QLP,95,136,TESSCut,train,948,1.0,1.0,1.0
QLP_vs_TESSCut,QLP,95,136,TESSCut,test,407,0.515970515970516,0.2838538063281214,0.2849970274222415
QLP_vs_TESSCut,QLP,96,137,QLP,train,948,1.0,1.0,1.0
QLP_vs_TESSCut,QLP,96,137,QLP,test,407,0.683046683046683,0.4601919183682883,0.48273750740489596
QLP_vs_TESSCut,QLP,96,137,TESSCut,train,948,1.0,1.0,1.0
QLP_vs_TESSCut,QLP,96,137,TESSCut,test,407,0.5454545454545454,0.2931019671601864,0.29506915737869044
QLP_vs_TESSCut,QLP,97,138,QLP,train,948,1.0,1.0,1.0
QLP_vs_TESSCut,QLP,97,138,QLP,test,407,0.6461916461916462,0.4069426118655571,0.4416007947231546
QLP_vs_TESSCut,QLP,97,138,TESSCut,train,948,1.0,1.0,1.0
QLP_vs_TESSCut,QLP,97,138,TESSCut,test,407,0.5356265356265356,0.29350208708085423,0.29431631247676654
QLP_vs_TESSCut,QLP,98,139,QLP,train,948,1.0,1.0,1.0
QLP_vs_TESSCut,QLP,98,139,QLP,test,407,0.6805896805896806,0.4511172553980773,0.47512131195619367
QLP_vs_TESSCut,QLP,98,139,TESSCut,train,948,1.0,1.0,1.0
QLP_vs_TESSCut,QLP,98,139,TESSCut,test,407,0.5503685503685504,0.3034998344501769,0.30040794111832364
QLP_vs_TESSCut,QLP,99,140,QLP,train,948,1.0,1.0,1.0
QLP_vs_TESSCut,QLP,99,140,QLP,test,407,0.6658476658476659,0.4334869199167144,0.45697809630750474
QLP_vs_TESSCut,QLP,99,140,TESSCut,train,948,1.0,1.0,1.0
QLP_vs_TESSCut,QLP,99,140,TESSCut,test,407,0.5257985257985258,0.27882596485621597,0.2759699581720995
QLP_vs_TESSCut,QLP,100,141,QLP,train,948,1.0,1.0,1.0
QLP_vs_TESSCut,QLP,100,141,QLP,test,407,0.6732186732186732,0.45260728616893,0.47446718828539436
QLP_vs_TESSCut,QLP,100,141,TESSCut,train,948,1.0,1.0,1.0
QLP_vs_TESSCut,QLP,100,141,TESSCut,test,407,0.5577395577395577,0.2996863064214662,0.3085051554311381
