AnalysisVariant,Comparison,OfficialProvenance,ActualFamily,WrongPrediction,PredictionAppearances,Direction,DirectionTotal,WithinDirectionRate,RankWithinFamily
Full features,QLP_vs_TESSCut,QLP,CEPHEID,LONG_PERIOD,2321,Official correct; TESSCut wrong,3006,0.7721224218230206,1.0
Full features,QLP_vs_TESSCut,QLP,CEPHEID,DSCT_SXPHE,394,Official correct; TESSCut wrong,3006,0.13107119095143047,2.0
Full features,QLP_vs_TESSCut,QLP,CEPHEID,YSO,118,Official correct; TESSCut wrong,3006,0.039254823685961414,3.0
Full features,QLP_vs_TESSCut,QLP,DSCT_SXPHE,LONG_PERIOD,1294,Official correct; TESSCut wrong,2208,0.5860507246376812,1.0
Full features,QLP_vs_TESSCut,QLP,DSCT_SXPHE,CEPHEID,419,Official correct; TESSCut wrong,2208,0.1897644927536232,2.0
Full features,QLP_vs_TESSCut,QLP,DSCT_SXPHE,ELLIPSOIDAL_ROT,333,Official correct; TESSCut wrong,2208,0.15081521739130435,3.0
Full features,QLP_vs_TESSCut,QLP,ECLIPSING,LONG_PERIOD,660,Official correct; TESSCut wrong,1542,0.4280155642023346,1.0
Full features,QLP_vs_TESSCut,QLP,ECLIPSING,DSCT_SXPHE,484,Official correct; TESSCut wrong,1542,0.3138780804150454,2.0
Full features,QLP_vs_TESSCut,QLP,ECLIPSING,ELLIPSOIDAL_ROT,284,Official correct; TESSCut wrong,1542,0.18417639429312582,3.0
Full features,QLP_vs_TESSCut,QLP,ELLIPSOIDAL_ROT,LONG_PERIOD,436,Official correct; TESSCut wrong,722,0.6038781163434903,1.0
Full features,QLP_vs_TESSCut,QLP,ELLIPSOIDAL_ROT,DSCT_SXPHE,239,Official correct; TESSCut wrong,722,0.33102493074792244,2.0
Full features,QLP_vs_TESSCut,QLP,ELLIPSOIDAL_ROT,ECLIPSING,24,Official correct; TESSCut wrong,722,0.0332409972299169,3.0
Full features,QLP_vs_TESSCut,QLP,LONG_PERIOD,CEPHEID,680,Official correct; TESSCut wrong,1918,0.3545359749739312,1.0
Full features,QLP_vs_TESSCut,QLP,LONG_PERIOD,DSCT_SXPHE,470,Official correct; TESSCut wrong,1918,0.24504692387904067,2.0
Full features,QLP_vs_TESSCut,QLP,LONG_PERIOD,ELLIPSOIDAL_ROT,383,Official correct; TESSCut wrong,1918,0.1996871741397289,3.0
Full features,QLP_vs_TESSCut,QLP,RRLYR,LONG_PERIOD,156,Official correct; TESSCut wrong,261,0.5977011494252874,1.0
Full features,QLP_vs_TESSCut,QLP,RRLYR,CEPHEID,101,Official correct; TESSCut wrong,261,0.38697318007662834,2.0
Full features,QLP_vs_TESSCut,QLP,RRLYR,DSCT_SXPHE,3,Official correct; TESSCut wrong,261,0.011494252873563218,3.0
Full features,QLP_vs_TESSCut,QLP,YSO,LONG_PERIOD,320,Official correct; TESSCut wrong,356,0.898876404494382,1.0
Full features,QLP_vs_TESSCut,QLP,YSO,CEPHEID,36,Official correct; TESSCut wrong,356,0.10112359550561797,2.0
Full features,QLP_vs_TESSCut,QLP,CEPHEID,LONG_PERIOD,234,TESSCut correct; official wrong,302,0.7748344370860927,1.0
Full features,QLP_vs_TESSCut,QLP,CEPHEID,YSO,38,TESSCut correct; official wrong,302,0.12582781456953643,2.0
Full features,QLP_vs_TESSCut,QLP,CEPHEID,DSCT_SXPHE,15,TESSCut correct; official wrong,302,0.04966887417218543,3.0
Full features,QLP_vs_TESSCut,QLP,DSCT_SXPHE,LONG_PERIOD,500,TESSCut correct; official wrong,950,0.5263157894736842,1.0
Full features,QLP_vs_TESSCut,QLP,DSCT_SXPHE,ELLIPSOIDAL_ROT,241,TESSCut correct; official wrong,950,0.2536842105263158,2.0
Full features,QLP_vs_TESSCut,QLP,DSCT_SXPHE,ECLIPSING,100,TESSCut correct; official wrong,950,0.10526315789473684,3.0
Full features,QLP_vs_TESSCut,QLP,ECLIPSING,LONG_PERIOD,40,TESSCut correct; official wrong,67,0.5970149253731343,1.0
Full features,QLP_vs_TESSCut,QLP,ECLIPSING,DSCT_SXPHE,14,TESSCut correct; official wrong,67,0.208955223880597,2.0
Full features,QLP_vs_TESSCut,QLP,ECLIPSING,ELLIPSOIDAL_ROT,13,TESSCut correct; official wrong,67,0.19402985074626866,3.0
Full features,QLP_vs_TESSCut,QLP,ELLIPSOIDAL_ROT,LONG_PERIOD,587,TESSCut correct; official wrong,945,0.6211640211640211,1.0
Full features,QLP_vs_TESSCut,QLP,ELLIPSOIDAL_ROT,DSCT_SXPHE,228,TESSCut correct; official wrong,945,0.24126984126984127,2.0
Full features,QLP_vs_TESSCut,QLP,ELLIPSOIDAL_ROT,CEPHEID,58,TESSCut correct; official wrong,945,0.061375661375661375,3.0
Full features,QLP_vs_TESSCut,QLP,LONG_PERIOD,ELLIPSOIDAL_ROT,402,TESSCut correct; official wrong,791,0.5082174462705437,1.0
Full features,QLP_vs_TESSCut,QLP,LONG_PERIOD,DSCT_SXPHE,163,TESSCut correct; official wrong,791,0.20606826801517067,2.0
Full features,QLP_vs_TESSCut,QLP,LONG_PERIOD,CEPHEID,130,TESSCut correct; official wrong,791,0.16434892541087232,3.0
Full features,QLP_vs_TESSCut,QLP,YSO,LONG_PERIOD,630,TESSCut correct; official wrong,823,0.7654921020656136,1.0
Full features,QLP_vs_TESSCut,QLP,YSO,CEPHEID,127,TESSCut correct; official wrong,823,0.1543134872417983,2.0
Full features,QLP_vs_TESSCut,QLP,YSO,ELLIPSOIDAL_ROT,36,TESSCut correct; official wrong,823,0.04374240583232078,3.0
Full features,SPOC_vs_TESSCut,SPOC,CEPHEID,DSCT_SXPHE,47,Official correct; TESSCut wrong,194,0.2422680412371134,1.0
Full features,SPOC_vs_TESSCut,SPOC,CEPHEID,YSO,46,Official correct; TESSCut wrong,194,0.23711340206185566,2.0
Full features,SPOC_vs_TESSCut,SPOC,CEPHEID,LONG_PERIOD,45,Official correct; TESSCut wrong,194,0.23195876288659795,3.0
Full features,SPOC_vs_TESSCut,SPOC,CV,YSO,301,Official correct; TESSCut wrong,605,0.4975206611570248,1.0
Full features,SPOC_vs_TESSCut,SPOC,CV,CEPHEID,111,Official correct; TESSCut wrong,605,0.1834710743801653,2.0
Full features,SPOC_vs_TESSCut,SPOC,CV,LONG_PERIOD,98,Official correct; TESSCut wrong,605,0.16198347107438016,3.0
Full features,SPOC_vs_TESSCut,SPOC,DSCT_SXPHE,CV,268,Official correct; TESSCut wrong,876,0.3059360730593607,1.0
Full features,SPOC_vs_TESSCut,SPOC,DSCT_SXPHE,YSO,239,Official correct; TESSCut wrong,876,0.2728310502283105,2.0
Full features,SPOC_vs_TESSCut,SPOC,DSCT_SXPHE,CEPHEID,124,Official correct; TESSCut wrong,876,0.1415525114155251,3.0
Full features,SPOC_vs_TESSCut,SPOC,ECLIPSING,CV,153,Official correct; TESSCut wrong,227,0.6740088105726872,1.0
Full features,SPOC_vs_TESSCut,SPOC,ECLIPSING,YSO,34,Official correct; TESSCut wrong,227,0.14977973568281938,2.0
Full features,SPOC_vs_TESSCut,SPOC,ECLIPSING,CEPHEID,18,Official correct; TESSCut wrong,227,0.07929515418502203,3.0
Full features,SPOC_vs_TESSCut,SPOC,ELLIPSOIDAL_ROT,CEPHEID,44,Official correct; TESSCut wrong,111,0.3963963963963964,1.0
Full features,SPOC_vs_TESSCut,SPOC,ELLIPSOIDAL_ROT,CV,42,Official correct; TESSCut wrong,111,0.3783783783783784,2.0
Full features,SPOC_vs_TESSCut,SPOC,ELLIPSOIDAL_ROT,YSO,15,Official correct; TESSCut wrong,111,0.13513513513513514,3.0
Full features,SPOC_vs_TESSCut,SPOC,LONG_PERIOD,YSO,94,Official correct; TESSCut wrong,260,0.36153846153846153,1.0
Full features,SPOC_vs_TESSCut,SPOC,LONG_PERIOD,CV,72,Official correct; TESSCut wrong,260,0.27692307692307694,2.0
Full features,SPOC_vs_TESSCut,SPOC,LONG_PERIOD,DSCT_SXPHE,51,Official correct; TESSCut wrong,260,0.19615384615384615,3.0
Full features,SPOC_vs_TESSCut,SPOC,RRLYR,CV,30,Official correct; TESSCut wrong,70,0.42857142857142855,1.0
Full features,SPOC_vs_TESSCut,SPOC,RRLYR,DSCT_SXPHE,24,Official correct; TESSCut wrong,70,0.34285714285714286,2.0
Full features,SPOC_vs_TESSCut,SPOC,RRLYR,YSO,12,Official correct; TESSCut wrong,70,0.17142857142857143,3.0
Full features,SPOC_vs_TESSCut,SPOC,XRAY,CV,40,Official correct; TESSCut wrong,99,0.40404040404040403,1.0
Full features,SPOC_vs_TESSCut,SPOC,XRAY,YSO,25,Official correct; TESSCut wrong,99,0.25252525252525254,2.0
Full features,SPOC_vs_TESSCut,SPOC,XRAY,DSCT_SXPHE,21,Official correct; TESSCut wrong,99,0.21212121212121213,3.0
Full features,SPOC_vs_TESSCut,SPOC,YSO,CV,538,Official correct; TESSCut wrong,790,0.6810126582278481,1.0
Full features,SPOC_vs_TESSCut,SPOC,YSO,CEPHEID,79,Official correct; TESSCut wrong,790,0.1,2.0
Full features,SPOC_vs_TESSCut,SPOC,YSO,LONG_PERIOD,78,Official correct; TESSCut wrong,790,0.09873417721518987,3.0
Full features,SPOC_vs_TESSCut,SPOC,CEPHEID,YSO,88,TESSCut correct; official wrong,181,0.4861878453038674,1.0
Full features,SPOC_vs_TESSCut,SPOC,CEPHEID,CV,76,TESSCut correct; official wrong,181,0.4198895027624309,2.0
Full features,SPOC_vs_TESSCut,SPOC,CEPHEID,LONG_PERIOD,15,TESSCut correct; official wrong,181,0.08287292817679558,3.0
Full features,SPOC_vs_TESSCut,SPOC,CV,YSO,108,TESSCut correct; official wrong,305,0.3540983606557377,1.0
Full features,SPOC_vs_TESSCut,SPOC,CV,DSCT_SXPHE,85,TESSCut correct; official wrong,305,0.2786885245901639,2.0
Full features,SPOC_vs_TESSCut,SPOC,CV,LONG_PERIOD,71,TESSCut correct; official wrong,305,0.23278688524590163,3.0
Full features,SPOC_vs_TESSCut,SPOC,DSCT_SXPHE,LONG_PERIOD,20,TESSCut correct; official wrong,46,0.43478260869565216,1.0
Full features,SPOC_vs_TESSCut,SPOC,DSCT_SXPHE,CV,15,TESSCut correct; official wrong,46,0.32608695652173914,2.0
Full features,SPOC_vs_TESSCut,SPOC,DSCT_SXPHE,ECLIPSING,4,TESSCut correct; official wrong,46,0.08695652173913043,3.0
Full features,SPOC_vs_TESSCut,SPOC,ELLIPSOIDAL_ROT,CV,26,TESSCut correct; official wrong,47,0.5531914893617021,1.0
Full features,SPOC_vs_TESSCut,SPOC,ELLIPSOIDAL_ROT,YSO,16,TESSCut correct; official wrong,47,0.3404255319148936,2.0
Full features,SPOC_vs_TESSCut,SPOC,ELLIPSOIDAL_ROT,LONG_PERIOD,4,TESSCut correct; official wrong,47,0.0851063829787234,3.0
Full features,SPOC_vs_TESSCut,SPOC,LONG_PERIOD,YSO,123,TESSCut correct; official wrong,172,0.7151162790697675,1.0
Full features,SPOC_vs_TESSCut,SPOC,LONG_PERIOD,CEPHEID,33,TESSCut correct; official wrong,172,0.19186046511627908,2.0
Full features,SPOC_vs_TESSCut,SPOC,LONG_PERIOD,ELLIPSOIDAL_ROT,14,TESSCut correct; official wrong,172,0.08139534883720931,3.0
Full features,SPOC_vs_TESSCut,SPOC,XRAY,CV,17,TESSCut correct; official wrong,33,0.5151515151515151,1.0
Full features,SPOC_vs_TESSCut,SPOC,XRAY,CEPHEID,9,TESSCut correct; official wrong,33,0.2727272727272727,2.0
Full features,SPOC_vs_TESSCut,SPOC,XRAY,ELLIPSOIDAL_ROT,4,TESSCut correct; official wrong,33,0.12121212121212122,3.0
Full features,SPOC_vs_TESSCut,SPOC,YSO,CV,121,TESSCut correct; official wrong,372,0.32526881720430106,1.0
Full features,SPOC_vs_TESSCut,SPOC,YSO,LONG_PERIOD,100,TESSCut correct; official wrong,372,0.26881720430107525,2.0
Full features,SPOC_vs_TESSCut,SPOC,YSO,CEPHEID,82,TESSCut correct; official wrong,372,0.22043010752688172,3.0
Metadata ablation,QLP_vs_TESSCut,QLP,CEPHEID,LONG_PERIOD,2566,Official correct; TESSCut wrong,3248,0.7900246305418719,1.0
Metadata ablation,QLP_vs_TESSCut,QLP,CEPHEID,DSCT_SXPHE,401,Official correct; TESSCut wrong,3248,0.12346059113300492,2.0
Metadata ablation,QLP_vs_TESSCut,QLP,CEPHEID,ELLIPSOIDAL_ROT,116,Official correct; TESSCut wrong,3248,0.03571428571428571,3.0
Metadata ablation,QLP_vs_TESSCut,QLP,DSCT_SXPHE,LONG_PERIOD,1315,Official correct; TESSCut wrong,2185,0.6018306636155606,1.0
Metadata ablation,QLP_vs_TESSCut,QLP,DSCT_SXPHE,CEPHEID,414,Official correct; TESSCut wrong,2185,0.18947368421052632,2.0
Metadata ablation,QLP_vs_TESSCut,QLP,DSCT_SXPHE,ELLIPSOIDAL_ROT,288,Official correct; TESSCut wrong,2185,0.13180778032036614,3.0
Metadata ablation,QLP_vs_TESSCut,QLP,ECLIPSING,LONG_PERIOD,709,Official correct; TESSCut wrong,1497,0.47361389445557783,1.0
Metadata ablation,QLP_vs_TESSCut,QLP,ECLIPSING,DSCT_SXPHE,439,Official correct; TESSCut wrong,1497,0.29325317301269205,2.0
Metadata ablation,QLP_vs_TESSCut,QLP,ECLIPSING,ELLIPSOIDAL_ROT,250,Official correct; TESSCut wrong,1497,0.16700066800267202,3.0
Metadata ablation,QLP_vs_TESSCut,QLP,ELLIPSOIDAL_ROT,LONG_PERIOD,391,Official correct; TESSCut wrong,706,0.5538243626062322,1.0
Metadata ablation,QLP_vs_TESSCut,QLP,ELLIPSOIDAL_ROT,DSCT_SXPHE,270,Official correct; TESSCut wrong,706,0.38243626062322944,2.0
Metadata ablation,QLP_vs_TESSCut,QLP,ELLIPSOIDAL_ROT,ECLIPSING,29,Official correct; TESSCut wrong,706,0.04107648725212465,3.0
Metadata ablation,QLP_vs_TESSCut,QLP,LONG_PERIOD,CEPHEID,624,Official correct; TESSCut wrong,1858,0.33584499461786865,1.0
Metadata ablation,QLP_vs_TESSCut,QLP,LONG_PERIOD,DSCT_SXPHE,417,Official correct; TESSCut wrong,1858,0.22443487621097954,2.0
Metadata ablation,QLP_vs_TESSCut,QLP,LONG_PERIOD,ELLIPSOIDAL_ROT,406,Official correct; TESSCut wrong,1858,0.2185145317545748,3.0
Metadata ablation,QLP_vs_TESSCut,QLP,RRLYR,LONG_PERIOD,175,Official correct; TESSCut wrong,257,0.6809338521400778,1.0
Metadata ablation,QLP_vs_TESSCut,QLP,RRLYR,CEPHEID,76,Official correct; TESSCut wrong,257,0.29571984435797666,2.0
Metadata ablation,QLP_vs_TESSCut,QLP,RRLYR,DSCT_SXPHE,4,Official correct; TESSCut wrong,257,0.01556420233463035,3.0
Metadata ablation,QLP_vs_TESSCut,QLP,YSO,LONG_PERIOD,286,Official correct; TESSCut wrong,322,0.8881987577639752,1.0
Metadata ablation,QLP_vs_TESSCut,QLP,YSO,CEPHEID,33,Official correct; TESSCut wrong,322,0.10248447204968944,2.0
Metadata ablation,QLP_vs_TESSCut,QLP,YSO,DSCT_SXPHE,3,Official correct; TESSCut wrong,322,0.009316770186335404,3.0
Metadata ablation,QLP_vs_TESSCut,QLP,CEPHEID,LONG_PERIOD,179,TESSCut correct; official wrong,254,0.7047244094488189,1.0
Metadata ablation,QLP_vs_TESSCut,QLP,CEPHEID,YSO,52,TESSCut correct; official wrong,254,0.2047244094488189,2.0
Metadata ablation,QLP_vs_TESSCut,QLP,CEPHEID,ECLIPSING,13,TESSCut correct; official wrong,254,0.051181102362204724,3.0
Metadata ablation,QLP_vs_TESSCut,QLP,DSCT_SXPHE,LONG_PERIOD,461,TESSCut correct; official wrong,940,0.49042553191489363,1.0
Metadata ablation,QLP_vs_TESSCut,QLP,DSCT_SXPHE,ELLIPSOIDAL_ROT,304,TESSCut correct; official wrong,940,0.32340425531914896,2.0
Metadata ablation,QLP_vs_TESSCut,QLP,DSCT_SXPHE,ECLIPSING,103,TESSCut correct; official wrong,940,0.10957446808510639,3.0
Metadata ablation,QLP_vs_TESSCut,QLP,ECLIPSING,LONG_PERIOD,51,TESSCut correct; official wrong,76,0.6710526315789473,1.0
Metadata ablation,QLP_vs_TESSCut,QLP,ECLIPSING,DSCT_SXPHE,13,TESSCut correct; official wrong,76,0.17105263157894737,2.0
Metadata ablation,QLP_vs_TESSCut,QLP,ECLIPSING,ELLIPSOIDAL_ROT,12,TESSCut correct; official wrong,76,0.15789473684210525,3.0
Metadata ablation,QLP_vs_TESSCut,QLP,ELLIPSOIDAL_ROT,LONG_PERIOD,543,TESSCut correct; official wrong,993,0.5468277945619335,1.0
Metadata ablation,QLP_vs_TESSCut,QLP,ELLIPSOIDAL_ROT,DSCT_SXPHE,245,TESSCut correct; official wrong,993,0.24672708962739173,2.0
Metadata ablation,QLP_vs_TESSCut,QLP,ELLIPSOIDAL_ROT,CEPHEID,115,TESSCut correct; official wrong,993,0.11581067472306143,3.0
Metadata ablation,QLP_vs_TESSCut,QLP,LONG_PERIOD,ELLIPSOIDAL_ROT,339,TESSCut correct; official wrong,737,0.4599728629579376,1.0
Metadata ablation,QLP_vs_TESSCut,QLP,LONG_PERIOD,DSCT_SXPHE,172,TESSCut correct; official wrong,737,0.23337856173677068,2.0
Metadata ablation,QLP_vs_TESSCut,QLP,LONG_PERIOD,CEPHEID,133,TESSCut correct; official wrong,737,0.18046132971506107,3.0
Metadata ablation,QLP_vs_TESSCut,QLP,YSO,LONG_PERIOD,662,TESSCut correct; official wrong,833,0.7947178871548619,1.0
Metadata ablation,QLP_vs_TESSCut,QLP,YSO,CEPHEID,122,TESSCut correct; official wrong,833,0.14645858343337334,2.0
Metadata ablation,QLP_vs_TESSCut,QLP,YSO,ECLIPSING,25,TESSCut correct; official wrong,833,0.030012004801920768,3.0
Metadata ablation,SPOC_vs_TESSCut,SPOC,CEPHEID,CV,62,Official correct; TESSCut wrong,187,0.3315508021390374,1.0
Metadata ablation,SPOC_vs_TESSCut,SPOC,CEPHEID,LONG_PERIOD,53,Official correct; TESSCut wrong,187,0.28342245989304815,2.0
Metadata ablation,SPOC_vs_TESSCut,SPOC,CEPHEID,DSCT_SXPHE,40,Official correct; TESSCut wrong,187,0.21390374331550802,3.0
Metadata ablation,SPOC_vs_TESSCut,SPOC,CV,YSO,296,Official correct; TESSCut wrong,589,0.5025466893039049,1.0
Metadata ablation,SPOC_vs_TESSCut,SPOC,CV,CEPHEID,128,Official correct; TESSCut wrong,589,0.21731748726655348,2.0
Metadata ablation,SPOC_vs_TESSCut,SPOC,CV,LONG_PERIOD,90,Official correct; TESSCut wrong,589,0.15280135823429541,3.0
Metadata ablation,SPOC_vs_TESSCut,SPOC,DSCT_SXPHE,CV,394,Official correct; TESSCut wrong,958,0.4112734864300626,1.0
Metadata ablation,SPOC_vs_TESSCut,SPOC,DSCT_SXPHE,YSO,271,Official correct; TESSCut wrong,958,0.2828810020876827,2.0
Metadata ablation,SPOC_vs_TESSCut,SPOC,DSCT_SXPHE,CEPHEID,128,Official correct; TESSCut wrong,958,0.1336116910229645,3.0
Metadata ablation,SPOC_vs_TESSCut,SPOC,ECLIPSING,CV,174,Official correct; TESSCut wrong,255,0.6823529411764706,1.0
Metadata ablation,SPOC_vs_TESSCut,SPOC,ECLIPSING,YSO,43,Official correct; TESSCut wrong,255,0.16862745098039217,2.0
Metadata ablation,SPOC_vs_TESSCut,SPOC,ECLIPSING,CEPHEID,20,Official correct; TESSCut wrong,255,0.0784313725490196,3.0
Metadata ablation,SPOC_vs_TESSCut,SPOC,ELLIPSOIDAL_ROT,CV,3,Official correct; TESSCut wrong,6,0.5,1.0
Metadata ablation,SPOC_vs_TESSCut,SPOC,ELLIPSOIDAL_ROT,YSO,2,Official correct; TESSCut wrong,6,0.3333333333333333,2.0
Metadata ablation,SPOC_vs_TESSCut,SPOC,ELLIPSOIDAL_ROT,CEPHEID,1,Official correct; TESSCut wrong,6,0.16666666666666666,3.0
Metadata ablation,SPOC_vs_TESSCut,SPOC,LONG_PERIOD,YSO,149,Official correct; TESSCut wrong,272,0.5477941176470589,1.0
Metadata ablation,SPOC_vs_TESSCut,SPOC,LONG_PERIOD,CV,71,Official correct; TESSCut wrong,272,0.2610294117647059,2.0
Metadata ablation,SPOC_vs_TESSCut,SPOC,LONG_PERIOD,DSCT_SXPHE,35,Official correct; TESSCut wrong,272,0.12867647058823528,3.0
Metadata ablation,SPOC_vs_TESSCut,SPOC,RRLYR,CV,39,Official correct; TESSCut wrong,71,0.5492957746478874,1.0
Metadata ablation,SPOC_vs_TESSCut,SPOC,RRLYR,YSO,18,Official correct; TESSCut wrong,71,0.2535211267605634,2.0
Metadata ablation,SPOC_vs_TESSCut,SPOC,RRLYR,DSCT_SXPHE,14,Official correct; TESSCut wrong,71,0.19718309859154928,3.0
Metadata ablation,SPOC_vs_TESSCut,SPOC,XRAY,CV,48,Official correct; TESSCut wrong,104,0.46153846153846156,1.0
Metadata ablation,SPOC_vs_TESSCut,SPOC,XRAY,DSCT_SXPHE,26,Official correct; TESSCut wrong,104,0.25,2.0
Metadata ablation,SPOC_vs_TESSCut,SPOC,XRAY,YSO,17,Official correct; TESSCut wrong,104,0.16346153846153846,3.0
Metadata ablation,SPOC_vs_TESSCut,SPOC,YSO,CV,447,Official correct; TESSCut wrong,722,0.6191135734072022,1.0
Metadata ablation,SPOC_vs_TESSCut,SPOC,YSO,CEPHEID,112,Official correct; TESSCut wrong,722,0.15512465373961218,2.0
Metadata ablation,SPOC_vs_TESSCut,SPOC,YSO,LONG_PERIOD,99,Official correct; TESSCut wrong,722,0.1371191135734072,3.0
Metadata ablation,SPOC_vs_TESSCut,SPOC,CEPHEID,YSO,114,TESSCut correct; official wrong,245,0.46530612244897956,1.0
Metadata ablation,SPOC_vs_TESSCut,SPOC,CEPHEID,LONG_PERIOD,57,TESSCut correct; official wrong,245,0.23265306122448978,2.0
Metadata ablation,SPOC_vs_TESSCut,SPOC,CEPHEID,CV,49,TESSCut correct; official wrong,245,0.2,3.0
Metadata ablation,SPOC_vs_TESSCut,SPOC,CV,LONG_PERIOD,235,TESSCut correct; official wrong,475,0.49473684210526314,1.0
Metadata ablation,SPOC_vs_TESSCut,SPOC,CV,YSO,99,TESSCut correct; official wrong,475,0.20842105263157895,2.0
Metadata ablation,SPOC_vs_TESSCut,SPOC,CV,DSCT_SXPHE,96,TESSCut correct; official wrong,475,0.20210526315789473,3.0
Metadata ablation,SPOC_vs_TESSCut,SPOC,DSCT_SXPHE,CEPHEID,22,TESSCut correct; official wrong,43,0.5116279069767442,1.0
Metadata ablation,SPOC_vs_TESSCut,SPOC,DSCT_SXPHE,ECLIPSING,12,TESSCut correct; official wrong,43,0.27906976744186046,2.0
Metadata ablation,SPOC_vs_TESSCut,SPOC,DSCT_SXPHE,CV,9,TESSCut correct; official wrong,43,0.20930232558139536,3.0
Metadata ablation,SPOC_vs_TESSCut,SPOC,ELLIPSOIDAL_ROT,LONG_PERIOD,3,TESSCut correct; official wrong,7,0.42857142857142855,1.0
Metadata ablation,SPOC_vs_TESSCut,SPOC,ELLIPSOIDAL_ROT,CEPHEID,2,TESSCut correct; official wrong,7,0.2857142857142857,2.0
Metadata ablation,SPOC_vs_TESSCut,SPOC,ELLIPSOIDAL_ROT,CV,2,TESSCut correct; official wrong,7,0.2857142857142857,3.0
Metadata ablation,SPOC_vs_TESSCut,SPOC,LONG_PERIOD,YSO,172,TESSCut correct; official wrong,270,0.6370370370370371,1.0
Metadata ablation,SPOC_vs_TESSCut,SPOC,LONG_PERIOD,CEPHEID,66,TESSCut correct; official wrong,270,0.24444444444444444,2.0
Metadata ablation,SPOC_vs_TESSCut,SPOC,LONG_PERIOD,CV,32,TESSCut correct; official wrong,270,0.11851851851851852,3.0
Metadata ablation,SPOC_vs_TESSCut,SPOC,XRAY,CV,13,TESSCut correct; official wrong,20,0.65,1.0
Metadata ablation,SPOC_vs_TESSCut,SPOC,XRAY,YSO,5,TESSCut correct; official wrong,20,0.25,2.0
Metadata ablation,SPOC_vs_TESSCut,SPOC,XRAY,CEPHEID,2,TESSCut correct; official wrong,20,0.1,3.0
Metadata ablation,SPOC_vs_TESSCut,SPOC,YSO,CV,191,TESSCut correct; official wrong,549,0.34790528233151186,1.0
Metadata ablation,SPOC_vs_TESSCut,SPOC,YSO,LONG_PERIOD,135,TESSCut correct; official wrong,549,0.2459016393442623,2.0
Metadata ablation,SPOC_vs_TESSCut,SPOC,YSO,CEPHEID,131,TESSCut correct; official wrong,549,0.23861566484517305,3.0
