AnalysisVariant,Comparison,OfficialProvenance,Family,Metric,OfficialMean,TESSCutMean,MeanPairedDelta,MedianPairedDelta,Delta2.5Percentile,Delta97.5Percentile,OfficialWinSplits,TieSplits,TESSCutWinSplits,SplitCount
Full features,SPOC_vs_TESSCut,SPOC,CEPHEID,Recall,0.8305263157894736,0.8236842105263159,0.006842105263157892,0.0,-0.21052631578947367,0.21052631578947373,39,21,40,100
Full features,SPOC_vs_TESSCut,SPOC,CV,Recall,0.8911764705882352,0.8029411764705883,0.08823529411764701,0.08823529411764697,-0.05882352941176466,0.2647058823529411,78,11,11,100
Full features,SPOC_vs_TESSCut,SPOC,DSCT_SXPHE,Recall,0.9086666666666667,0.35533333333333333,0.5533333333333333,0.5333333333333334,0.33333333333333326,0.7333333333333334,100,0,0,100
Full features,SPOC_vs_TESSCut,SPOC,ECLIPSING,Recall,0.57,0.0025,0.5675,0.5,0.25,1.0,99,1,0,100
Full features,SPOC_vs_TESSCut,SPOC,ELLIPSOIDAL_ROT,Recall,0.12555555555555556,0.05444444444444445,0.07111111111111111,0.1111111111111111,-0.1111111111111111,0.3333333333333333,54,33,13,100
Full features,SPOC_vs_TESSCut,SPOC,LONG_PERIOD,Recall,0.9131428571428571,0.888,0.025142857142857133,0.02857142857142858,-0.08571428571428569,0.1428571428571429,58,14,28,100
Full features,SPOC_vs_TESSCut,SPOC,RRLYR,Recall,0.35,0.0,0.35,0.5,0.0,1.0,66,34,0,100
Full features,SPOC_vs_TESSCut,SPOC,XRAY,Recall,0.16499999999999995,0.05499999999999998,0.10999999999999996,0.1666666666666666,-0.1666666666666666,0.42083333333333195,57,35,8,100
Full features,SPOC_vs_TESSCut,SPOC,YSO,Recall,0.6971428571428571,0.5478571428571428,0.1492857142857143,0.1428571428571429,-0.09017857142857144,0.3571428571428572,86,5,9,100
Full features,SPOC_vs_TESSCut,SPOC,CEPHEID,F1Score,0.7924148081869541,0.7638250140297249,0.02858979415722938,0.020424660861117883,-0.12007867132867138,0.2018597560975604,60,2,38,100
Full features,SPOC_vs_TESSCut,SPOC,CV,F1Score,0.8262299700453064,0.6761679779320676,0.15006199211323865,0.1460485506055127,0.04270814801636717,0.2656635802469136,100,0,0,100
Full features,SPOC_vs_TESSCut,SPOC,DSCT_SXPHE,F1Score,0.8736137577743203,0.38530504847753483,0.4883087092967854,0.4856441019121775,0.27924730003837506,0.6845999523279834,100,0,0,100
Full features,SPOC_vs_TESSCut,SPOC,ECLIPSING,F1Score,0.6500873015873015,0.002857142857142857,0.6472301587301587,0.6666666666666666,0.2857142857142857,0.9472222222222213,99,1,0,100
Full features,SPOC_vs_TESSCut,SPOC,ELLIPSOIDAL_ROT,F1Score,0.1858227850580792,0.07585191442544381,0.10997087063263533,0.1538461538461538,-0.1818181818181818,0.4031249999999995,64,22,14,100
Full features,SPOC_vs_TESSCut,SPOC,LONG_PERIOD,F1Score,0.8828603278337394,0.8476729137556706,0.03518741407806887,0.029469922572960106,-0.04490423642820904,0.12418442277597203,80,1,19,100
Full features,SPOC_vs_TESSCut,SPOC,RRLYR,F1Score,0.4216666666666666,0.0,0.4216666666666666,0.5833333333333333,0.0,0.8,66,34,0,100
Full features,SPOC_vs_TESSCut,SPOC,XRAY,F1Score,0.22496681096681093,0.08511904761904762,0.13984776334776336,0.2,-0.2857142857142857,0.5,60,26,14,100
Full features,SPOC_vs_TESSCut,SPOC,YSO,F1Score,0.6776428174333741,0.5484872059828961,0.12915561145047783,0.1338311688311689,-0.025629973474801074,0.3043467741935482,91,1,8,100
Full features,QLP_vs_TESSCut,QLP,CEPHEID,Recall,0.7252857142857141,0.3389999999999999,0.38628571428571434,0.37142857142857155,0.2782142857142857,0.5075,100,0,0,100
Full features,QLP_vs_TESSCut,QLP,CV,Recall,0.0,0.0,0.0,0.0,0.0,0.0,0,100,0,100
Full features,QLP_vs_TESSCut,QLP,DSCT_SXPHE,Recall,0.659375,0.4628125,0.1965625,0.1875,0.054296875,0.328125,99,0,1,100
Full features,QLP_vs_TESSCut,QLP,ECLIPSING,Recall,0.4945454545454545,0.04757575757575757,0.44696969696969696,0.4545454545454545,0.2871212121212121,0.6060606060606061,100,0,0,100
Full features,QLP_vs_TESSCut,QLP,ELLIPSOIDAL_ROT,Recall,0.48688888888888876,0.5364444444444444,-0.04955555555555557,-0.04444444444444445,-0.2222222222222222,0.1333333333333333,29,12,59,100
Full features,QLP_vs_TESSCut,QLP,LONG_PERIOD,Recall,0.9179452054794522,0.8407534246575343,0.0771917808219178,0.0821917808219178,0.013698630136986297,0.14058219178082182,99,1,0,100
Full features,QLP_vs_TESSCut,QLP,RRLYR,Recall,0.5219999999999999,0.0,0.5219999999999999,0.6,0.2,0.8,100,0,0,100
Full features,QLP_vs_TESSCut,QLP,XRAY,Recall,0.0,0.0,0.0,0.0,0.0,0.0,0,100,0,100
Full features,QLP_vs_TESSCut,QLP,YSO,Recall,0.18275000000000002,0.29949999999999993,-0.11675,-0.125,-0.275,0.051249999999999574,5,5,90,100
Full features,QLP_vs_TESSCut,QLP,CEPHEID,F1Score,0.7689801163136635,0.40811770874525544,0.3608624075684079,0.35391978982824407,0.2576319898586038,0.4668249628996386,100,0,0,100
Full features,QLP_vs_TESSCut,QLP,CV,F1Score,0.0,0.0,0.0,0.0,0.0,0.0,0,100,0,100
Full features,QLP_vs_TESSCut,QLP,DSCT_SXPHE,F1Score,0.6919656522140208,0.46985571764458917,0.22210993456943146,0.21817122420740745,0.11773957923551012,0.3469588353209243,100,0,0,100
Full features,QLP_vs_TESSCut,QLP,ECLIPSING,F1Score,0.5831624656159028,0.07720341841944096,0.5059590471964619,0.49926986298395326,0.33792307692307694,0.6668317610062893,100,0,0,100
Full features,QLP_vs_TESSCut,QLP,ELLIPSOIDAL_ROT,F1Score,0.4794099028835741,0.5161648143703326,-0.0367549114867584,-0.028037768502494176,-0.17014929447916652,0.08326747720364738,31,0,69,100
Full features,QLP_vs_TESSCut,QLP,LONG_PERIOD,F1Score,0.7668352556368854,0.6613318040920556,0.10550345154482961,0.10430636312947222,0.06322307987040698,0.14270427868175292,100,0,0,100
Full features,QLP_vs_TESSCut,QLP,RRLYR,F1Score,0.6394776334776334,0.0,0.6394776334776334,0.6666666666666666,0.3333333333333333,0.8888888888888888,100,0,0,100
Full features,QLP_vs_TESSCut,QLP,XRAY,F1Score,0.0,0.0,0.0,0.0,0.0,0.0,0,100,0,100
Full features,QLP_vs_TESSCut,QLP,YSO,F1Score,0.28071244163349923,0.40730811118221877,-0.12659566954871967,-0.1310505220341286,-0.30749563196805096,0.052314956838884735,10,1,89,100
Metadata ablation,SPOC_vs_TESSCut,SPOC,CEPHEID,Recall,0.7778947368421051,0.8084210526315787,-0.03052631578947369,0.0,-0.2631578947368421,0.15789473684210525,32,21,47,100
Metadata ablation,SPOC_vs_TESSCut,SPOC,CV,Recall,0.8079411764705883,0.7744117647058824,0.03352941176470588,0.02941176470588236,-0.13308823529411756,0.19191176470588203,56,13,31,100
Metadata ablation,SPOC_vs_TESSCut,SPOC,DSCT_SXPHE,Recall,0.8946666666666665,0.2846666666666666,0.6100000000000001,0.6000000000000001,0.3999999999999999,0.8349999999999995,100,0,0,100
Metadata ablation,SPOC_vs_TESSCut,SPOC,ECLIPSING,Recall,0.6375,0.0,0.6375,0.75,0.25,1.0,100,0,0,100
Metadata ablation,SPOC_vs_TESSCut,SPOC,ELLIPSOIDAL_ROT,Recall,0.007777777777777777,0.008888888888888889,-0.0011111111111111111,0.0,-0.1111111111111111,0.1111111111111111,6,87,7,100
Metadata ablation,SPOC_vs_TESSCut,SPOC,LONG_PERIOD,Recall,0.8717142857142858,0.8711428571428571,0.000571428571428576,0.0,-0.11428571428571427,0.1292857142857141,39,24,37,100
Metadata ablation,SPOC_vs_TESSCut,SPOC,RRLYR,Recall,0.355,0.0,0.355,0.5,0.0,0.7624999999999957,68,32,0,100
Metadata ablation,SPOC_vs_TESSCut,SPOC,XRAY,Recall,0.1733333333333333,0.03333333333333332,0.13999999999999996,0.1666666666666666,-0.1666666666666666,0.5,66,29,5,100
Metadata ablation,SPOC_vs_TESSCut,SPOC,YSO,Recall,0.5710714285714286,0.5092857142857142,0.06178571428571429,0.0714285714285714,-0.1973214285714286,0.2857142857142858,66,6,28,100
Metadata ablation,SPOC_vs_TESSCut,SPOC,CEPHEID,F1Score,0.7094700560245777,0.7499314478059942,-0.040461391781416826,-0.04943856101325106,-0.17967990974088538,0.12534090909090906,29,4,67,100
Metadata ablation,SPOC_vs_TESSCut,SPOC,CV,F1Score,0.7459060385495975,0.6186306696332823,0.12727536891631516,0.12191052201649788,0.01971431284252647,0.22640737502293898,98,0,2,100
Metadata ablation,SPOC_vs_TESSCut,SPOC,DSCT_SXPHE,F1Score,0.8538831243067897,0.3514695161069474,0.5024136081998422,0.4964240102171137,0.2824625566004877,0.7431797235023042,100,0,0,100
Metadata ablation,SPOC_vs_TESSCut,SPOC,ECLIPSING,F1Score,0.6905656565656565,0.0,0.6905656565656565,0.6666666666666666,0.3333333333333333,1.0,100,0,0,100
Metadata ablation,SPOC_vs_TESSCut,SPOC,ELLIPSOIDAL_ROT,F1Score,0.013454545454545455,0.013172161172161167,0.00028238428238428566,0.0,-0.1666666666666666,0.1913636363636362,6,87,7,100
Metadata ablation,SPOC_vs_TESSCut,SPOC,LONG_PERIOD,F1Score,0.8223725101053383,0.8300244278765,-0.00765191777116201,-0.005628269831586374,-0.08737027427724238,0.07362429456186018,42,2,56,100
Metadata ablation,SPOC_vs_TESSCut,SPOC,RRLYR,F1Score,0.41266666666666657,0.0,0.41266666666666657,0.5,0.0,0.7366666666666656,68,32,0,100
Metadata ablation,SPOC_vs_TESSCut,SPOC,XRAY,F1Score,0.2272207792207792,0.052936507936507934,0.17428427128427126,0.2222222222222222,-0.25,0.523863636363636,67,20,13,100
Metadata ablation,SPOC_vs_TESSCut,SPOC,YSO,F1Score,0.5850377688730739,0.5013912266166377,0.08364654225643604,0.08575916765033625,-0.08416027203514793,0.23340970350404305,83,0,17,100
Metadata ablation,QLP_vs_TESSCut,QLP,CEPHEID,Recall,0.7145714285714287,0.2868571428571428,0.42771428571428566,0.41428571428571437,0.31428571428571433,0.5428571428571429,100,0,0,100
Metadata ablation,QLP_vs_TESSCut,QLP,CV,Recall,0.0,0.0,0.0,0.0,0.0,0.0,0,100,0,100
Metadata ablation,QLP_vs_TESSCut,QLP,DSCT_SXPHE,Recall,0.65046875,0.4559375,0.19453125,0.203125,0.078125,0.328125,100,0,0,100
Metadata ablation,QLP_vs_TESSCut,QLP,ECLIPSING,Recall,0.48333333333333334,0.05272727272727271,0.43060606060606055,0.42424242424242425,0.2727272727272727,0.5916666666666665,100,0,0,100
Metadata ablation,QLP_vs_TESSCut,QLP,ELLIPSOIDAL_ROT,Recall,0.45911111111111114,0.5228888888888888,-0.0637777777777778,-0.06666666666666665,-0.24444444444444446,0.10055555555555534,21,6,73,100
Metadata ablation,QLP_vs_TESSCut,QLP,LONG_PERIOD,Recall,0.9181506849315071,0.8413698630136989,0.07678082191780822,0.07534246575342463,-0.003938356164383575,0.1611301369863013,97,0,3,100
Metadata ablation,QLP_vs_TESSCut,QLP,RRLYR,Recall,0.514,0.0,0.514,0.5,0.2,0.8,100,0,0,100
Metadata ablation,QLP_vs_TESSCut,QLP,XRAY,Recall,0.0,0.0,0.0,0.0,0.0,0.0,0,100,0,100
Metadata ablation,QLP_vs_TESSCut,QLP,YSO,Recall,0.14775,0.2755,-0.12774999999999997,-0.125,-0.275,0.013124999999999784,3,5,92,100
Metadata ablation,QLP_vs_TESSCut,QLP,CEPHEID,F1Score,0.753031495874082,0.36099980412183796,0.39203169175224395,0.38827943513163066,0.28967281356987246,0.5023573373191693,100,0,0,100
Metadata ablation,QLP_vs_TESSCut,QLP,CV,F1Score,0.0,0.0,0.0,0.0,0.0,0.0,0,100,0,100
Metadata ablation,QLP_vs_TESSCut,QLP,DSCT_SXPHE,F1Score,0.6814592072310185,0.46246242072796007,0.2189967865030585,0.2158822054657584,0.11565504807692308,0.3248331876456876,100,0,0,100
Metadata ablation,QLP_vs_TESSCut,QLP,ECLIPSING,F1Score,0.5703660635897995,0.08404885168292534,0.48631721190687416,0.4883705795186031,0.30302821903853056,0.628453947368421,100,0,0,100
Metadata ablation,QLP_vs_TESSCut,QLP,ELLIPSOIDAL_ROT,F1Score,0.45931379743617334,0.5152464627195733,-0.05593266528340004,-0.053666646583897665,-0.20686547659215312,0.07104472140762463,17,1,82,100
Metadata ablation,QLP_vs_TESSCut,QLP,LONG_PERIOD,F1Score,0.7639234325145187,0.6486853853049546,0.11523804720956404,0.11462583035987017,0.07180369964971407,0.16065493327797492,100,0,0,100
Metadata ablation,QLP_vs_TESSCut,QLP,RRLYR,F1Score,0.6236305916305915,0.0,0.6236305916305915,0.5857142857142856,0.3333333333333333,0.8888888888888888,100,0,0,100
Metadata ablation,QLP_vs_TESSCut,QLP,XRAY,F1Score,0.0,0.0,0.0,0.0,0.0,0.0,0,100,0,100
Metadata ablation,QLP_vs_TESSCut,QLP,YSO,F1Score,0.23158335300369193,0.38189256423416396,-0.15030921123047203,-0.15287313764402716,-0.3136239772063122,0.022262355234491445,5,0,95,100
