AnalysisVariant,Comparison,OfficialProvenance,ActualFamily,MeanNetOfficialCorrect,MedianNetOfficialCorrect,OfficialNetWinSplits,NetTieSplits,TESSCutNetWinSplits,SplitCount
Full features,QLP_vs_TESSCut,QLP,CEPHEID,27.04,26.0,100,0,0,100
Full features,QLP_vs_TESSCut,QLP,CV,0.0,0.0,0,100,0,100
Full features,QLP_vs_TESSCut,QLP,DSCT_SXPHE,12.58,12.0,99,0,1,100
Full features,QLP_vs_TESSCut,QLP,ECLIPSING,14.75,15.0,100,0,0,100
Full features,QLP_vs_TESSCut,QLP,ELLIPSOIDAL_ROT,-2.23,-2.0,29,12,59,100
Full features,QLP_vs_TESSCut,QLP,LONG_PERIOD,11.27,12.0,99,1,0,100
Full features,QLP_vs_TESSCut,QLP,RRLYR,2.61,3.0,100,0,0,100
Full features,QLP_vs_TESSCut,QLP,XRAY,0.0,0.0,0,100,0,100
Full features,QLP_vs_TESSCut,QLP,YSO,-4.67,-5.0,5,5,90,100
Full features,SPOC_vs_TESSCut,SPOC,CEPHEID,0.13,0.0,39,21,40,100
Full features,SPOC_vs_TESSCut,SPOC,CV,3.0,3.0,78,11,11,100
Full features,SPOC_vs_TESSCut,SPOC,DSCT_SXPHE,8.3,8.0,100,0,0,100
Full features,SPOC_vs_TESSCut,SPOC,ECLIPSING,2.27,2.0,99,1,0,100
Full features,SPOC_vs_TESSCut,SPOC,ELLIPSOIDAL_ROT,0.64,1.0,54,33,13,100
Full features,SPOC_vs_TESSCut,SPOC,LONG_PERIOD,0.88,1.0,58,14,28,100
Full features,SPOC_vs_TESSCut,SPOC,RRLYR,0.7,1.0,66,34,0,100
Full features,SPOC_vs_TESSCut,SPOC,XRAY,0.66,1.0,57,35,8,100
Full features,SPOC_vs_TESSCut,SPOC,YSO,4.18,4.0,86,5,9,100
Metadata ablation,QLP_vs_TESSCut,QLP,CEPHEID,29.94,29.0,100,0,0,100
Metadata ablation,QLP_vs_TESSCut,QLP,CV,0.0,0.0,0,100,0,100
Metadata ablation,QLP_vs_TESSCut,QLP,DSCT_SXPHE,12.45,13.0,100,0,0,100
Metadata ablation,QLP_vs_TESSCut,QLP,ECLIPSING,14.21,14.0,100,0,0,100
Metadata ablation,QLP_vs_TESSCut,QLP,ELLIPSOIDAL_ROT,-2.87,-3.0,21,6,73,100
Metadata ablation,QLP_vs_TESSCut,QLP,LONG_PERIOD,11.21,11.0,97,0,3,100
Metadata ablation,QLP_vs_TESSCut,QLP,RRLYR,2.57,2.5,100,0,0,100
Metadata ablation,QLP_vs_TESSCut,QLP,XRAY,0.0,0.0,0,100,0,100
Metadata ablation,QLP_vs_TESSCut,QLP,YSO,-5.11,-5.0,3,5,92,100
Metadata ablation,SPOC_vs_TESSCut,SPOC,CEPHEID,-0.58,0.0,32,21,47,100
Metadata ablation,SPOC_vs_TESSCut,SPOC,CV,1.14,1.0,56,13,31,100
Metadata ablation,SPOC_vs_TESSCut,SPOC,DSCT_SXPHE,9.15,9.0,100,0,0,100
Metadata ablation,SPOC_vs_TESSCut,SPOC,ECLIPSING,2.55,3.0,100,0,0,100
Metadata ablation,SPOC_vs_TESSCut,SPOC,ELLIPSOIDAL_ROT,-0.01,0.0,6,87,7,100
Metadata ablation,SPOC_vs_TESSCut,SPOC,LONG_PERIOD,0.02,0.0,39,24,37,100
Metadata ablation,SPOC_vs_TESSCut,SPOC,RRLYR,0.71,1.0,68,32,0,100
Metadata ablation,SPOC_vs_TESSCut,SPOC,XRAY,0.84,1.0,66,29,5,100
Metadata ablation,SPOC_vs_TESSCut,SPOC,YSO,1.73,2.0,66,6,28,100
