AnalysisVariant,Comparison,OfficialProvenance,ActualFamily,Transition,PredictionAppearances,TotalTestAppearances,TransitionRate
Full features,QLP_vs_TESSCut,QLP,CEPHEID,Correct in both,2071,7000,0.2958571428571429
Full features,QLP_vs_TESSCut,QLP,CEPHEID,Incorrect in both,1621,7000,0.23157142857142857
Full features,QLP_vs_TESSCut,QLP,CEPHEID,Official only correct,3006,7000,0.42942857142857144
Full features,QLP_vs_TESSCut,QLP,CEPHEID,TESSCut only correct,302,7000,0.04314285714285714
Full features,QLP_vs_TESSCut,QLP,CV,Incorrect in both,100,100,1.0
Full features,QLP_vs_TESSCut,QLP,DSCT_SXPHE,Correct in both,2012,6400,0.314375
Full features,QLP_vs_TESSCut,QLP,DSCT_SXPHE,Incorrect in both,1230,6400,0.1921875
Full features,QLP_vs_TESSCut,QLP,DSCT_SXPHE,Official only correct,2208,6400,0.345
Full features,QLP_vs_TESSCut,QLP,DSCT_SXPHE,TESSCut only correct,950,6400,0.1484375
Full features,QLP_vs_TESSCut,QLP,ECLIPSING,Correct in both,90,3300,0.02727272727272727
Full features,QLP_vs_TESSCut,QLP,ECLIPSING,Incorrect in both,1601,3300,0.48515151515151517
Full features,QLP_vs_TESSCut,QLP,ECLIPSING,Official only correct,1542,3300,0.4672727272727273
Full features,QLP_vs_TESSCut,QLP,ECLIPSING,TESSCut only correct,67,3300,0.020303030303030302
Full features,QLP_vs_TESSCut,QLP,ELLIPSOIDAL_ROT,Correct in both,1469,4500,0.3264444444444444
Full features,QLP_vs_TESSCut,QLP,ELLIPSOIDAL_ROT,Incorrect in both,1364,4500,0.3031111111111111
Full features,QLP_vs_TESSCut,QLP,ELLIPSOIDAL_ROT,Official only correct,722,4500,0.16044444444444445
Full features,QLP_vs_TESSCut,QLP,ELLIPSOIDAL_ROT,TESSCut only correct,945,4500,0.21
Full features,QLP_vs_TESSCut,QLP,LONG_PERIOD,Correct in both,11484,14600,0.7865753424657534
Full features,QLP_vs_TESSCut,QLP,LONG_PERIOD,Incorrect in both,407,14600,0.027876712328767123
Full features,QLP_vs_TESSCut,QLP,LONG_PERIOD,Official only correct,1918,14600,0.13136986301369863
Full features,QLP_vs_TESSCut,QLP,LONG_PERIOD,TESSCut only correct,791,14600,0.05417808219178082
Full features,QLP_vs_TESSCut,QLP,RRLYR,Incorrect in both,239,500,0.478
Full features,QLP_vs_TESSCut,QLP,RRLYR,Official only correct,261,500,0.522
Full features,QLP_vs_TESSCut,QLP,XRAY,Incorrect in both,300,300,1.0
Full features,QLP_vs_TESSCut,QLP,YSO,Correct in both,375,4000,0.09375
Full features,QLP_vs_TESSCut,QLP,YSO,Incorrect in both,2446,4000,0.6115
Full features,QLP_vs_TESSCut,QLP,YSO,Official only correct,356,4000,0.089
Full features,QLP_vs_TESSCut,QLP,YSO,TESSCut only correct,823,4000,0.20575
Full features,SPOC_vs_TESSCut,SPOC,CEPHEID,Correct in both,1384,1900,0.728421052631579
Full features,SPOC_vs_TESSCut,SPOC,CEPHEID,Incorrect in both,141,1900,0.07421052631578948
Full features,SPOC_vs_TESSCut,SPOC,CEPHEID,Official only correct,194,1900,0.10210526315789474
Full features,SPOC_vs_TESSCut,SPOC,CEPHEID,TESSCut only correct,181,1900,0.09526315789473684
Full features,SPOC_vs_TESSCut,SPOC,CV,Correct in both,2425,3400,0.7132352941176471
Full features,SPOC_vs_TESSCut,SPOC,CV,Incorrect in both,65,3400,0.01911764705882353
Full features,SPOC_vs_TESSCut,SPOC,CV,Official only correct,605,3400,0.17794117647058824
Full features,SPOC_vs_TESSCut,SPOC,CV,TESSCut only correct,305,3400,0.08970588235294118
Full features,SPOC_vs_TESSCut,SPOC,DSCT_SXPHE,Correct in both,487,1500,0.32466666666666666
Full features,SPOC_vs_TESSCut,SPOC,DSCT_SXPHE,Incorrect in both,91,1500,0.06066666666666667
Full features,SPOC_vs_TESSCut,SPOC,DSCT_SXPHE,Official only correct,876,1500,0.584
Full features,SPOC_vs_TESSCut,SPOC,DSCT_SXPHE,TESSCut only correct,46,1500,0.030666666666666665
Full features,SPOC_vs_TESSCut,SPOC,ECLIPSING,Correct in both,1,400,0.0025
Full features,SPOC_vs_TESSCut,SPOC,ECLIPSING,Incorrect in both,172,400,0.43
Full features,SPOC_vs_TESSCut,SPOC,ECLIPSING,Official only correct,227,400,0.5675
Full features,SPOC_vs_TESSCut,SPOC,ELLIPSOIDAL_ROT,Correct in both,2,900,0.0022222222222222222
Full features,SPOC_vs_TESSCut,SPOC,ELLIPSOIDAL_ROT,Incorrect in both,740,900,0.8222222222222222
Full features,SPOC_vs_TESSCut,SPOC,ELLIPSOIDAL_ROT,Official only correct,111,900,0.12333333333333334
Full features,SPOC_vs_TESSCut,SPOC,ELLIPSOIDAL_ROT,TESSCut only correct,47,900,0.052222222222222225
Full features,SPOC_vs_TESSCut,SPOC,LONG_PERIOD,Correct in both,2936,3500,0.8388571428571429
Full features,SPOC_vs_TESSCut,SPOC,LONG_PERIOD,Incorrect in both,132,3500,0.037714285714285714
Full features,SPOC_vs_TESSCut,SPOC,LONG_PERIOD,Official only correct,260,3500,0.07428571428571429
Full features,SPOC_vs_TESSCut,SPOC,LONG_PERIOD,TESSCut only correct,172,3500,0.04914285714285714
Full features,SPOC_vs_TESSCut,SPOC,RRLYR,Incorrect in both,130,200,0.65
Full features,SPOC_vs_TESSCut,SPOC,RRLYR,Official only correct,70,200,0.35
Full features,SPOC_vs_TESSCut,SPOC,XRAY,Incorrect in both,468,600,0.78
Full features,SPOC_vs_TESSCut,SPOC,XRAY,Official only correct,99,600,0.165
Full features,SPOC_vs_TESSCut,SPOC,XRAY,TESSCut only correct,33,600,0.055
Full features,SPOC_vs_TESSCut,SPOC,YSO,Correct in both,1162,2800,0.415
Full features,SPOC_vs_TESSCut,SPOC,YSO,Incorrect in both,476,2800,0.17
Full features,SPOC_vs_TESSCut,SPOC,YSO,Official only correct,790,2800,0.28214285714285714
Full features,SPOC_vs_TESSCut,SPOC,YSO,TESSCut only correct,372,2800,0.13285714285714287
Metadata ablation,QLP_vs_TESSCut,QLP,CEPHEID,Correct in both,1754,7000,0.25057142857142856
Metadata ablation,QLP_vs_TESSCut,QLP,CEPHEID,Incorrect in both,1744,7000,0.24914285714285714
Metadata ablation,QLP_vs_TESSCut,QLP,CEPHEID,Official only correct,3248,7000,0.464
Metadata ablation,QLP_vs_TESSCut,QLP,CEPHEID,TESSCut only correct,254,7000,0.03628571428571428
Metadata ablation,QLP_vs_TESSCut,QLP,CV,Incorrect in both,100,100,1.0
Metadata ablation,QLP_vs_TESSCut,QLP,DSCT_SXPHE,Correct in both,1978,6400,0.3090625
Metadata ablation,QLP_vs_TESSCut,QLP,DSCT_SXPHE,Incorrect in both,1297,6400,0.20265625
Metadata ablation,QLP_vs_TESSCut,QLP,DSCT_SXPHE,Official only correct,2185,6400,0.34140625
Metadata ablation,QLP_vs_TESSCut,QLP,DSCT_SXPHE,TESSCut only correct,940,6400,0.146875
Metadata ablation,QLP_vs_TESSCut,QLP,ECLIPSING,Correct in both,98,3300,0.029696969696969697
Metadata ablation,QLP_vs_TESSCut,QLP,ECLIPSING,Incorrect in both,1629,3300,0.49363636363636365
Metadata ablation,QLP_vs_TESSCut,QLP,ECLIPSING,Official only correct,1497,3300,0.4536363636363636
Metadata ablation,QLP_vs_TESSCut,QLP,ECLIPSING,TESSCut only correct,76,3300,0.02303030303030303
Metadata ablation,QLP_vs_TESSCut,QLP,ELLIPSOIDAL_ROT,Correct in both,1360,4500,0.3022222222222222
Metadata ablation,QLP_vs_TESSCut,QLP,ELLIPSOIDAL_ROT,Incorrect in both,1441,4500,0.32022222222222224
Metadata ablation,QLP_vs_TESSCut,QLP,ELLIPSOIDAL_ROT,Official only correct,706,4500,0.15688888888888888
Metadata ablation,QLP_vs_TESSCut,QLP,ELLIPSOIDAL_ROT,TESSCut only correct,993,4500,0.22066666666666668
Metadata ablation,QLP_vs_TESSCut,QLP,LONG_PERIOD,Correct in both,11547,14600,0.7908904109589041
Metadata ablation,QLP_vs_TESSCut,QLP,LONG_PERIOD,Incorrect in both,458,14600,0.03136986301369863
Metadata ablation,QLP_vs_TESSCut,QLP,LONG_PERIOD,Official only correct,1858,14600,0.12726027397260273
Metadata ablation,QLP_vs_TESSCut,QLP,LONG_PERIOD,TESSCut only correct,737,14600,0.05047945205479452
Metadata ablation,QLP_vs_TESSCut,QLP,RRLYR,Incorrect in both,243,500,0.486
Metadata ablation,QLP_vs_TESSCut,QLP,RRLYR,Official only correct,257,500,0.514
Metadata ablation,QLP_vs_TESSCut,QLP,XRAY,Incorrect in both,300,300,1.0
Metadata ablation,QLP_vs_TESSCut,QLP,YSO,Correct in both,269,4000,0.06725
Metadata ablation,QLP_vs_TESSCut,QLP,YSO,Incorrect in both,2576,4000,0.644
Metadata ablation,QLP_vs_TESSCut,QLP,YSO,Official only correct,322,4000,0.0805
Metadata ablation,QLP_vs_TESSCut,QLP,YSO,TESSCut only correct,833,4000,0.20825
Metadata ablation,SPOC_vs_TESSCut,SPOC,CEPHEID,Correct in both,1291,1900,0.6794736842105263
Metadata ablation,SPOC_vs_TESSCut,SPOC,CEPHEID,Incorrect in both,177,1900,0.0931578947368421
Metadata ablation,SPOC_vs_TESSCut,SPOC,CEPHEID,Official only correct,187,1900,0.09842105263157895
Metadata ablation,SPOC_vs_TESSCut,SPOC,CEPHEID,TESSCut only correct,245,1900,0.12894736842105264
Metadata ablation,SPOC_vs_TESSCut,SPOC,CV,Correct in both,2158,3400,0.6347058823529412
Metadata ablation,SPOC_vs_TESSCut,SPOC,CV,Incorrect in both,178,3400,0.05235294117647059
Metadata ablation,SPOC_vs_TESSCut,SPOC,CV,Official only correct,589,3400,0.17323529411764707
Metadata ablation,SPOC_vs_TESSCut,SPOC,CV,TESSCut only correct,475,3400,0.13970588235294118
Metadata ablation,SPOC_vs_TESSCut,SPOC,DSCT_SXPHE,Correct in both,384,1500,0.256
Metadata ablation,SPOC_vs_TESSCut,SPOC,DSCT_SXPHE,Incorrect in both,115,1500,0.07666666666666666
Metadata ablation,SPOC_vs_TESSCut,SPOC,DSCT_SXPHE,Official only correct,958,1500,0.6386666666666667
Metadata ablation,SPOC_vs_TESSCut,SPOC,DSCT_SXPHE,TESSCut only correct,43,1500,0.028666666666666667
Metadata ablation,SPOC_vs_TESSCut,SPOC,ECLIPSING,Incorrect in both,145,400,0.3625
Metadata ablation,SPOC_vs_TESSCut,SPOC,ECLIPSING,Official only correct,255,400,0.6375
Metadata ablation,SPOC_vs_TESSCut,SPOC,ELLIPSOIDAL_ROT,Correct in both,1,900,0.0011111111111111111
Metadata ablation,SPOC_vs_TESSCut,SPOC,ELLIPSOIDAL_ROT,Incorrect in both,886,900,0.9844444444444445
Metadata ablation,SPOC_vs_TESSCut,SPOC,ELLIPSOIDAL_ROT,Official only correct,6,900,0.006666666666666667
Metadata ablation,SPOC_vs_TESSCut,SPOC,ELLIPSOIDAL_ROT,TESSCut only correct,7,900,0.0077777777777777776
Metadata ablation,SPOC_vs_TESSCut,SPOC,LONG_PERIOD,Correct in both,2779,3500,0.794
Metadata ablation,SPOC_vs_TESSCut,SPOC,LONG_PERIOD,Incorrect in both,179,3500,0.05114285714285714
Metadata ablation,SPOC_vs_TESSCut,SPOC,LONG_PERIOD,Official only correct,272,3500,0.07771428571428571
Metadata ablation,SPOC_vs_TESSCut,SPOC,LONG_PERIOD,TESSCut only correct,270,3500,0.07714285714285714
Metadata ablation,SPOC_vs_TESSCut,SPOC,RRLYR,Incorrect in both,129,200,0.645
Metadata ablation,SPOC_vs_TESSCut,SPOC,RRLYR,Official only correct,71,200,0.355
Metadata ablation,SPOC_vs_TESSCut,SPOC,XRAY,Incorrect in both,476,600,0.7933333333333333
Metadata ablation,SPOC_vs_TESSCut,SPOC,XRAY,Official only correct,104,600,0.17333333333333334
Metadata ablation,SPOC_vs_TESSCut,SPOC,XRAY,TESSCut only correct,20,600,0.03333333333333333
Metadata ablation,SPOC_vs_TESSCut,SPOC,YSO,Correct in both,877,2800,0.3132142857142857
Metadata ablation,SPOC_vs_TESSCut,SPOC,YSO,Incorrect in both,652,2800,0.23285714285714285
Metadata ablation,SPOC_vs_TESSCut,SPOC,YSO,Official only correct,722,2800,0.25785714285714284
Metadata ablation,SPOC_vs_TESSCut,SPOC,YSO,TESSCut only correct,549,2800,0.19607142857142856
