Feature,N,SpearmanRhoAbsDifferenceVsCrowding,PValue,AbsRho
MedianAbsSuccessiveDiff,1350,0.21227662715975879,3.2137049793450905e-15,0.21227662715975879
QualityScore,1352,-0.10765149571293076,7.30377809414839e-05,0.10765149571293076
FluxMad,1350,0.09022621754978781,0.0009039770231937684,0.09022621754978781
FractionBeyond1Std,1350,0.08690927373252556,0.0013918201194110268,0.08690927373252556
LsPeriod3,1350,-0.08448543588648064,0.001890772038898363,0.08448543588648064
LsPeriod2,1350,-0.07984582869836743,0.003328029192264859,0.07984582869836743
FluxIqr,1350,0.07789919637346272,0.004184592398198025,0.07789919637346272
LsBestPeriod,1350,-0.07567295751631473,0.005405570775864131,0.07567295751631473
LsMaxPower,1350,0.06685981580859893,0.01400790639081141,0.06685981580859893
FluxP90,1350,0.06660868645492213,0.014372697631320493,0.06660868645492213
LsPeriodRatio21,1350,-0.06246761759658471,0.021714641805080946,0.06246761759658471
OriginalFluxStd,1352,-0.05818752619374932,0.03240627214275733,0.05818752619374932
FluxPercentAmplitude95To5,1350,0.04723249663420752,0.08277740475304256,0.04723249663420752
FluxP95,1350,0.04654363765983203,0.087364891299834,0.04654363765983203
FluxAmplitude,1350,-0.04419487645523346,0.10456539455296172,0.04419487645523346
LsPeakPowerGap23,1350,0.04051357985624732,0.13680472309354666,0.04051357985624732
CadenceCount,1352,0.03992455969241376,0.1423120422275259,0.03992455969241376
OriginalFluxMedian,1352,0.03615929429928942,0.18392523925093746,0.03615929429928942
TailRatio,1350,0.03472118711732119,0.2023302861577631,0.03472118711732119
PhasePeakToTroughPhaseDelta,1350,0.03455907424860246,0.20444666526884633,0.03455907424860246
FluxStd,1350,-0.03379343883030899,0.2146595172503595,0.03379343883030899
MaxAbsSlope,1350,-0.033532278934931076,0.2182257985780048,0.033532278934931076
TimeSpanDays,1350,0.032452648297662645,0.23341978826071547,0.032452648297662645
LsPeriodRatio31,1350,-0.032073080079493936,0.23893554416196155,0.032073080079493936
LsPowerRatio31,1350,-0.031315919417542686,0.25021121335250945,0.031315919417542686
LsPowerRatio21,1350,0.030031719869621464,0.27017379397595,0.030031719869621464
EtaVonNeumann,1350,-0.026655826805094592,0.32774589231290696,0.026655826805094592
FluxKurtosis,1350,0.02575276345440594,0.3444050724267483,0.02575276345440594
PhasePeakPhase,1350,0.016908618032455677,0.5347765093848658,0.016908618032455677
PhaseTroughPhase,1350,0.012251634814772702,0.6528880463600949,0.012251634814772702
FluxP05,1350,0.011168806988063423,0.6818053407301528,0.011168806988063423
TailAsymmetry,1350,-0.007921520929762784,0.7712117689240975,0.007921520929762784
FluxSkewness,1350,-0.007775440344327094,0.7753165676641908,0.007775440344327094
PhaseCurveStd,1350,0.005980431863133453,0.8262344749522966,0.005980431863133453
FractionBeyond2Std,1350,0.005480933810583085,0.8405442762319822,0.005480933810583085
LsPeakPowerGap12,1350,0.003113018734231403,0.909020642748245,0.003113018734231403
MedianCadenceDays,1350,0.00299413289277804,0.9124809043319759,0.00299413289277804
LsFalseAlarmProbability,1350,-0.001624153918729171,0.9524582998388257,0.001624153918729171
FluxMedian,1350,,,
